{
  "n_folds": 10,
  "total_samples": 922,
  "avg_train_size": 829.8,
  "avg_test_size": 92.2,
  "accuracy_mean": 0.9164796633941095,
  "accuracy_std": 0.01615096989708714,
  "accuracy_min": 0.8804347826086957,
  "accuracy_max": 0.9354838709677419,
  "auc_roc_mean": 0.9774554843304843,
  "auc_roc_std": 0.007989644864132379,
  "auc_roc_min": 0.9626116071428572,
  "auc_roc_max": 0.9873626373626372,
  "precision_mean": 0.8871475099919024,
  "precision_std": 0.05465447673499722,
  "precision_min": 0.7741935483870968,
  "precision_max": 0.9583333333333334,
  "recall_mean": 0.8341269841269842,
  "recall_std": 0.051155430082552696,
  "recall_min": 0.75,
  "recall_max": 0.9259259259259259,
  "f1_score_mean": 0.8572453661528154,
  "f1_score_std": 0.024990841141510404,
  "f1_score_min": 0.8135593220338982,
  "f1_score_max": 0.8928571428571429
}