{
  "n_folds": 10,
  "total_samples": 921,
  "avg_train_size": 828.9,
  "avg_test_size": 92.1,
  "accuracy_mean": 0.9207339878447873,
  "accuracy_std": 0.02621126635175757,
  "accuracy_min": 0.8695652173913043,
  "accuracy_max": 0.967391304347826,
  "auc_roc_mean": 0.9760110780423281,
  "auc_roc_std": 0.008596890349076753,
  "auc_roc_min": 0.9612535612535612,
  "auc_roc_max": 0.9949776785714286,
  "precision_mean": 0.890441493372528,
  "precision_std": 0.0543794744830196,
  "precision_min": 0.8,
  "precision_max": 0.9629629629629629,
  "recall_mean": 0.8402116402116402,
  "recall_std": 0.05547297969933089,
  "recall_min": 0.7407407407407407,
  "recall_max": 0.9285714285714286,
  "f1_score_mean": 0.8635278965765559,
  "f1_score_std": 0.04618950179469995,
  "f1_score_min": 0.7692307692307692,
  "f1_score_max": 0.9454545454545454
}