id,user_id,course_id,enrollment_mode,is_active,weeks_since_enrollment,mooc_grade_percentage,mooc_letter_grade,mooc_is_passed,progress_percent,current_chapter,current_section,current_unit,mooc_completion_rate,overall_completion,completed_blocks,total_blocks,last_activity,days_since_last_activity,access_frequency,active_days,h5p_total_contents,h5p_completed_contents,h5p_total_score,h5p_total_max_score,h5p_overall_percentage,h5p_total_time_spent,h5p_completion_rate,video_total_videos,video_completed_videos,video_in_progress_videos,video_total_duration,video_total_watched_time,video_completion_rate,video_watch_rate,quiz_attempts,h5p_avg_score,quiz_completion_rate,forum_posts,forum_comments,forum_upvotes,discussion_threads_count,discussion_comments_count,discussion_total_interactions,discussion_questions_count,discussion_total_upvotes,relative_to_course_problem_score,relative_to_course_completion,relative_to_course_video_completion,relative_to_course_discussion,performance_percentile,is_below_course_average,is_top_performer,is_bottom_performer,updated_at,extraction_batch_id,is_passed
1,4,course-v1:DHQG-HCM+FM101+2025_S2,audit,1,19.0,9.0,,0.0,32.6,Chương 3: Chức năng của thị trường tài chính,Slide bài giảng tóm tắt chương 3,Slide bài giảng tóm tắt chương 3,35.04,32.6,59,181,2025-12-20 09:11:55,93,0.0,0,29,29,4886,4900,99.47,10528,100.0,32,30,2,25533,24913,93.75,97.57,29,99.47,100.0,0,0,0,0,0,0,0,0,0.0,0.0,0.0,0.0,90.0,0,1,0,2026-03-23 10:33:23,,0
2,5,course-v1:DHQG-HCM+FM101+2025_S2,audit,1,27.0,9.0,,0.0,100.0,Chương 4: Cấu trúc thị trường tài chính,Thị trường chứng khoán phái sinh,Thị trường chứng khoán phái sinh (tiếp theo),41.03,100.0,181,181,2025-12-24 16:33:07,89,0.0,0,90,90,8967,8967,100.0,6825,100.0,91,91,0,70352,30662,100.0,43.58,90,100.0,100.0,0,0,0,0,0,0,0,0,0.0,0.0,0.0,0.0,90.0,0,1,0,2026-03-23 10:33:23,,0
3,7,course-v1:DHQG-HCM+FM101+2025_S2,audit,1,44.0,2.0,,0.0,18.78,Chương 6: Chi phí giao dịch và thông tin bất cân xứng,Khái niệm và phân loại chi phí giao dịch,Khái niệm và phân loại chi phí giao dịch,17.09,18.78,34,181,2025-10-24 07:09:33,150,0.0,0,17,17,2646,2653,99.02,1848,100.0,17,17,0,13130,13130,100.0,100.0,17,99.02,100.0,0,0,0,0,0,0,0,0,0.0,0.0,0.0,0.0,90.0,0,1,0,2026-03-23 10:33:23,,0
4,8,course-v1:DHQG-HCM+FM101+2025_S2,audit,1,38.0,0.0,,0.0,1.1,Giới thiệu,Giới thiệu môn học,Giới thiệu,0.85,1.1,2,181,2025-06-26 08:27:12,270,0.0,0,1,1,77,77,100.0,0,100.0,1,1,0,843,843,100.0,100.0,1,100.0,100.0,0,0,0,0,0,0,0,0,0.0,0.0,0.0,0.0,90.0,0,1,0,2026-03-23 10:33:23,,0
5,9,course-v1:DHQG-HCM+FM101+2025_S2,audit,1,27.0,9.0,,0.0,3.31,"Bài kiểm tra 02: Tổng quan về hệ thống tài chính (Chương 3, 4, 5)","Bài kiểm tra 02: Tổng quan về hệ thống tài chính (Chương 3, 4, 5)","Bài kiểm tra 02: Tổng quan về hệ thống tài chính (Chương 3, 4, 5)",6.84,3.31,6,181,2025-11-04 03:49:10,139,0.0,0,3,3,189,189,100.0,0,100.0,3,3,0,2600,2600,100.0,100.0,3,100.0,100.0,0,0,0,0,0,0,0,0,0.0,0.0,0.0,0.0,90.0,0,1,0,2026-03-23 10:33:23,,0
6,18,course-v1:DHQG-HCM+FM101+2025_S2,audit,1,12.0,0.0,,,0.0,Chưa bắt đầu,N/A,N/A,0.0,0.0,0,0,,999,0.0,0,0,0,0,0,0.0,0,0.0,0,0,0,0,0,0.0,0.0,0,0.0,0.0,0,0,0,0,0,0,0,0,0.0,0.0,0.0,0.0,50.0,0,0,0,2026-03-23 10:33:23,,0
7,19,course-v1:DHQG-HCM+FM101+2025_S2,audit,1,21.0,6.0,,0.0,100.0,Chương 1: Đại cương về tiền tệ,Phương thức thanh toán,Phương thức thanh toán,20.51,100.0,181,181,2025-10-31 14:59:37,143,0.0,0,90,90,6293,6293,100.0,1379,100.0,91,91,0,70352,15954,100.0,22.68,90,100.0,100.0,0,0,0,0,0,0,0,0,0.0,0.0,0.0,0.0,90.0,0,1,0,2026-03-23 10:33:23,,0
8,44,course-v1:DHQG-HCM+FM101+2025_S2,audit,1,32.0,0.0,,0.0,5.52,Giới thiệu,Tổng quan khóa học,Tổng quan khóa học,5.13,5.52,10,181,2026-01-17 04:01:44,65,0.0,0,5,5,581,581,100.0,0,100.0,5,5,0,4222,4222,100.0,100.0,5,100.0,100.0,0,0,0,0,0,0,0,0,0.0,0.0,0.0,0.0,90.0,0,1,0,2026-03-23 10:33:23,,0
9,65,course-v1:DHQG-HCM+FM101+2025_S2,audit,1,28.0,0.0,,0.0,0.0,Chưa bắt đầu,N/A,N/A,0.0,0.0,0,0,,999,0.0,0,0,0,0,0,0.0,0,0.0,0,0,0,0,0,0.0,0.0,0,0.0,0.0,0,0,0,0,0,0,0,0,0.0,0.0,0.0,0.0,50.0,0,0,0,2026-03-23 10:33:23,,0
10,102,course-v1:DHQG-HCM+FM101+2025_S2,audit,1,29.0,0.0,,0.0,0.0,Chưa bắt đầu,N/A,N/A,0.0,0.0,0,0,,999,0.0,0,0,0,0,0,0.0,0,0.0,0,0,0,0,0,0.0,0.0,0,0.0,0.0,0,0,0,0,0,0,0,0,0.0,0.0,0.0,0.0,50.0,0,0,0,2026-03-23 10:33:23,,0
11,113,course-v1:DHQG-HCM+FM101+2025_S2,audit,1,29.0,0.0,,0.0,0.0,Chưa bắt đầu,N/A,N/A,0.0,0.0,0,0,,999,0.0,0,0,0,0,0,0.0,0,0.0,0,0,0,0,0,0.0,0.0,0,0.0,0.0,0,0,0,0,0,0,0,0,0.0,0.0,0.0,0.0,50.0,0,0,0,2026-03-23 10:33:23,,0
12,114,course-v1:DHQG-HCM+FM101+2025_S2,audit,1,29.0,0.0,,0.0,0.0,Chưa bắt đầu,N/A,N/A,0.0,0.0,0,0,,999,0.0,0,0,0,0,0,0.0,0,0.0,0,0,0,0,0,0.0,0.0,0,0.0,0.0,0,0,0,0,0,0,0,0,0.0,0.0,0.0,0.0,50.0,0,0,0,2026-03-23 10:33:23,,0
13,122,course-v1:DHQG-HCM+FM101+2025_S2,audit,1,28.0,0.0,,0.0,9.39,Chương 6: Chi phí giao dịch và thông tin bất cân xứng,Khái niệm Thông tin bất cân xứng,Khái niệm Thông tin bất cân xứng,7.69,9.39,17,181,2025-10-10 13:21:07,164,0.0,0,8,8,970,970,100.0,0,100.0,9,9,0,7360,7360,100.0,100.0,8,100.0,100.0,0,0,0,5,9,14,0,5,0.0,0.0,0.0,14.0,90.0,0,1,0,2026-03-23 10:33:23,,0
14,127,course-v1:DHQG-HCM+FM101+2025_S2,audit,1,27.0,91.0,Pass,1.0,100.0,"Bài kiểm tra 04_Các vấn đề cơ bản về lãi suất (Chương 8,9,10,11)","Bài kiểm tra 04_Các vấn đề cơ bản về lãi suất (Chương 8,9,10,11)","Bài kiểm tra 04_Các vấn đề cơ bản về lãi suất (Chương 8,9,10,11)",99.15,100.0,181,181,2025-10-29 19:01:11,145,0.0,0,90,90,10145,10145,100.0,0,100.0,91,91,0,70353,70353,100.0,100.0,90,100.0,100.0,0,0,0,0,0,0,0,0,0.0,0.0,0.0,0.0,90.0,0,1,0,2026-03-23 10:33:23,,1
15,128,course-v1:DHQG-HCM+FM101+2025_S2,audit,1,27.0,90.0,Pass,1.0,98.9,Tổng kết môn học,Tổng kết môn học,Tổng kết môn học,93.16,98.9,179,181,2025-11-13 02:17:54,130,0.0,0,89,89,10090,10090,100.0,0,100.0,90,90,0,69510,69510,100.0,100.0,89,100.0,100.0,0,0,0,0,0,0,0,0,0.0,0.0,0.0,0.0,90.0,0,1,0,2026-03-23 10:33:23,,1
16,130,course-v1:DHQG-HCM+FM101+2025_S2,audit,1,27.0,76.0,Pass,1.0,100.0,Tổng kết môn học,Tổng kết môn học,Tổng kết môn học,99.15,100.0,181,181,2025-11-02 04:28:32,141,0.0,0,90,90,10145,10145,100.0,34880,100.0,91,91,0,70353,70353,100.0,100.0,90,100.0,100.0,0,0,0,0,0,0,0,0,0.0,0.0,0.0,0.0,90.0,0,1,0,2026-03-23 10:33:23,,1
17,131,course-v1:DHQG-HCM+FM101+2025_S2,audit,1,27.0,84.0,Pass,1.0,100.0,Bài kiểm tra 05: Các vấn đề cơ bản về tỷ giá (Chương 12),Bài kiểm tra 05: Các vấn đề cơ bản về tỷ giá (Chương 12),Bài kiểm tra 05: Các vấn đề cơ bản về tỷ giá (Chương 12),99.15,100.0,181,181,2025-11-12 17:45:34,131,0.0,0,90,90,10145,10145,100.0,0,100.0,91,91,0,70353,70353,100.0,100.0,90,100.0,100.0,0,0,0,0,0,0,0,0,0.0,0.0,0.0,0.0,90.0,0,1,0,2026-03-23 10:33:23,,1
18,132,course-v1:DHQG-HCM+FM101+2025_S2,audit,1,26.0,84.0,Pass,1.0,100.0,Chương 6: Chi phí giao dịch và thông tin bất cân xứng,Slide bài giảng tóm tắt chương 6,Bài đọc mở rộng Chương 6,99.15,100.0,181,181,2025-11-23 09:16:44,120,0.0,0,90,90,10145,10145,100.0,246785,100.0,91,91,0,70353,70353,100.0,100.0,90,100.0,100.0,0,0,0,0,0,0,0,0,0.0,0.0,0.0,0.0,90.0,0,1,0,2026-03-23 10:33:23,,1
19,133,course-v1:DHQG-HCM+FM101+2025_S2,audit,1,27.0,9.0,,0.0,11.05,Chương 12: Một số vấn đề cơ bản về tỷ giá,Slide bài giảng tóm tắt chương 12,Slide bài giảng tóm tắt chương 12,21.37,11.05,20,181,2025-10-27 08:15:00,147,0.0,0,10,10,925,925,100.0,0,100.0,10,10,0,8381,8381,100.0,100.0,10,100.0,100.0,0,0,0,0,0,0,0,0,0.0,0.0,0.0,0.0,90.0,0,1,0,2026-03-23 10:33:23,,0
20,137,course-v1:DHQG-HCM+FM101+2025_S2,audit,1,27.0,82.0,Pass,1.0,100.0,Bài kiểm tra 05: Các vấn đề cơ bản về tỷ giá (Chương 12),Bài kiểm tra 05: Các vấn đề cơ bản về tỷ giá (Chương 12),Bài kiểm tra 05: Các vấn đề cơ bản về tỷ giá (Chương 12),99.15,100.0,181,181,2025-11-10 14:29:01,133,0.0,0,90,90,10145,10145,100.0,27180,100.0,91,91,0,70353,70353,100.0,100.0,90,100.0,100.0,0,0,0,0,0,0,0,0,0.0,0.0,0.0,0.0,90.0,0,1,0,2026-03-23 10:33:23,,1
21,140,course-v1:DHQG-HCM+FM101+2025_S2,audit,1,27.0,86.0,Pass,1.0,100.0,Bài kiểm tra 05: Các vấn đề cơ bản về tỷ giá (Chương 12),Bài kiểm tra 05: Các vấn đề cơ bản về tỷ giá (Chương 12),Bài kiểm tra 05: Các vấn đề cơ bản về tỷ giá (Chương 12),100.0,100.0,181,181,2025-11-02 13:50:31,141,0.0,0,90,90,10145,10145,100.0,23480,100.0,91,91,0,70353,70353,100.0,100.0,90,100.0,100.0,0,0,0,0,0,0,0,0,0.0,0.0,0.0,0.0,90.0,0,1,0,2026-03-23 10:33:23,,1
22,141,course-v1:DHQG-HCM+FM101+2025_S2,audit,1,27.0,89.0,Pass,1.0,100.0,Chương 1: Đại cương về tiền tệ,Slide bài giảng tóm tắt chương 1,Slide Bài giảng tóm tắt chương 1,99.15,100.0,181,181,2025-11-14 02:24:12,129,0.0,0,90,90,10145,10145,100.0,0,100.0,91,91,0,70353,70353,100.0,100.0,90,100.0,100.0,0,0,0,0,0,0,0,0,0.0,0.0,0.0,0.0,90.0,0,1,0,2026-03-23 10:33:23,,1
23,142,course-v1:DHQG-HCM+FM101+2025_S2,audit,1,26.0,83.0,Pass,1.0,91.71,Chương 12: Một số vấn đề cơ bản về tỷ giá,Slide bài giảng tóm tắt chương 12,Slide bài giảng tóm tắt chương 12,94.87,91.71,166,181,2025-12-07 16:30:47,106,0.0,0,82,33,4855,9145,56.15,28340,40.24,91,84,7,70351,67943,92.31,96.58,33,56.15,40.24,0,0,0,0,0,0,0,0,0.0,0.0,0.0,0.0,90.0,0,1,0,2026-03-23 10:33:23,,1
24,143,course-v1:DHQG-HCM+FM101+2025_S2,audit,1,27.0,89.0,Pass,1.0,98.9,Bài kiểm tra 05: Các vấn đề cơ bản về tỷ giá (Chương 12),Bài kiểm tra 05: Các vấn đề cơ bản về tỷ giá (Chương 12),Bài kiểm tra 05: Các vấn đề cơ bản về tỷ giá (Chương 12),98.29,98.9,179,181,2025-10-15 11:24:54,159,0.0,0,89,89,10020,10020,100.0,0,100.0,90,90,0,69606,69606,100.0,100.0,89,100.0,100.0,0,0,0,1,12,13,0,2,0.0,0.0,0.0,13.0,90.0,0,1,0,2026-03-23 10:33:23,,1
25,144,course-v1:DHQG-HCM+FM101+2025_S2,audit,1,27.0,94.0,Pass,1.0,100.0,Tổng kết môn học,Tổng kết môn học,Tổng kết môn học,100.0,100.0,181,181,2025-11-03 11:11:06,140,0.0,0,90,90,10145,10145,100.0,0,100.0,91,91,0,70353,70353,100.0,100.0,90,100.0,100.0,0,0,0,0,10,10,0,0,0.0,0.0,0.0,10.0,90.0,0,1,0,2026-03-23 10:33:23,,1
26,147,course-v1:DHQG-HCM+FM101+2025_S2,audit,1,24.0,79.0,Pass,1.0,100.0,Tổng kết môn học,Tổng kết môn học,Tổng kết môn học,99.15,100.0,181,181,2025-11-16 08:00:50,127,0.0,0,90,90,10145,10145,100.0,0,100.0,91,91,0,70353,70353,100.0,100.0,90,100.0,100.0,0,0,0,0,0,0,0,0,0.0,0.0,0.0,0.0,90.0,0,1,0,2026-03-23 10:33:23,,1
27,149,course-v1:DHQG-HCM+FM101+2025_S2,audit,1,27.0,89.0,Pass,1.0,100.0,Tổng kết môn học,Tổng kết môn học,Tổng kết môn học,99.15,100.0,181,181,2025-11-22 17:29:45,121,0.0,0,90,90,10145,10145,100.0,0,100.0,91,91,0,70353,70353,100.0,100.0,90,100.0,100.0,0,0,0,0,0,0,0,0,0.0,0.0,0.0,0.0,90.0,0,1,0,2026-03-23 10:33:23,,1
28,150,course-v1:DHQG-HCM+FM101+2025_S2,audit,1,28.0,0.0,,0.0,0.0,Chưa bắt đầu,N/A,N/A,0.0,0.0,0,0,,999,0.0,0,0,0,0,0,0.0,0,0.0,0,0,0,0,0,0.0,0.0,0,0.0,0.0,0,0,0,0,0,0,0,0,0.0,0.0,0.0,0.0,50.0,0,0,0,2026-03-23 10:33:23,,0
29,151,course-v1:DHQG-HCM+FM101+2025_S2,audit,1,26.0,85.0,Pass,1.0,100.0,Chương 9: Đo lường lãi suất,Đo lường lãi suất_Lợi suất đáo hạn,Trái phiếu trả lãi vô thời hạn & Trái phiếu chiết khấu,99.15,100.0,181,181,2025-11-12 20:53:30,131,0.0,0,90,90,10145,10145,100.0,0,100.0,91,91,0,70353,70353,100.0,100.0,90,100.0,100.0,0,0,0,0,0,0,0,0,0.0,0.0,0.0,0.0,90.0,0,1,0,2026-03-23 10:33:23,,1
30,152,course-v1:DHQG-HCM+FM101+2025_S2,audit,1,26.0,90.0,Pass,1.0,100.0,Tổng kết môn học,Tổng kết môn học,Tổng kết môn học,99.15,100.0,181,181,2025-11-22 04:53:57,121,0.0,0,90,90,10145,10145,100.0,48845,100.0,91,91,0,70353,70353,100.0,100.0,90,100.0,100.0,0,0,0,0,0,0,0,0,0.0,0.0,0.0,0.0,90.0,0,1,0,2026-03-23 10:33:23,,1
31,153,course-v1:DHQG-HCM+FM101+2025_S2,audit,1,27.0,72.0,Pass,1.0,100.0,Chương 10: Lý thuyết lượng cầu tài sản,Slide bài giảng tóm tắt chương 10,Slide bài giảng tóm tắt chương 10,99.15,100.0,181,181,2025-10-26 06:02:16,148,0.0,0,90,90,10145,10145,100.0,0,100.0,91,91,0,70353,70353,100.0,100.0,90,100.0,100.0,0,0,0,0,0,0,0,0,0.0,0.0,0.0,0.0,90.0,0,1,0,2026-03-23 10:33:23,,1
32,154,course-v1:DHQG-HCM+FM101+2025_S2,audit,1,28.0,88.0,Pass,1.0,100.0,Bài kiểm tra 05: Các vấn đề cơ bản về tỷ giá (Chương 12),Bài kiểm tra 05: Các vấn đề cơ bản về tỷ giá (Chương 12),Bài kiểm tra 05: Các vấn đề cơ bản về tỷ giá (Chương 12),100.0,100.0,181,181,2025-11-17 16:03:47,126,0.0,0,90,90,10145,10145,100.0,0,100.0,91,91,0,70353,70353,100.0,100.0,90,100.0,100.0,0,0,0,0,0,0,0,0,0.0,0.0,0.0,0.0,90.0,0,1,0,2026-03-23 10:33:23,,1
33,155,course-v1:DHQG-HCM+FM101+2025_S2,audit,1,27.0,79.0,Pass,1.0,98.9,Tổng kết môn học,Tổng kết môn học,Tổng kết môn học,99.15,98.9,179,181,2025-11-24 16:22:03,119,0.0,0,89,89,10020,10020,100.0,0,100.0,90,90,0,69606,69606,100.0,100.0,89,100.0,100.0,0,0,0,0,0,0,0,0,0.0,0.0,0.0,0.0,90.0,0,1,0,2026-03-23 10:33:23,,1
34,157,course-v1:DHQG-HCM+FM101+2025_S2,audit,1,27.0,82.0,Pass,1.0,100.0,Tổng kết môn học,Tổng kết môn học,Tổng kết môn học,99.15,100.0,181,181,2025-10-15 14:51:36,159,0.0,0,90,90,10145,10145,100.0,107690,100.0,91,91,0,70353,70353,100.0,100.0,90,100.0,100.0,0,0,0,0,0,0,0,0,0.0,0.0,0.0,0.0,90.0,0,1,0,2026-03-23 10:33:23,,1
35,158,course-v1:DHQG-HCM+FM101+2025_S2,audit,1,26.0,82.0,Pass,1.0,100.0,Tổng kết môn học,Tổng kết môn học,Tổng kết môn học,99.15,100.0,181,181,2025-10-29 10:04:22,145,0.0,0,90,90,10145,10145,100.0,762585,100.0,91,91,0,70353,70353,100.0,100.0,90,100.0,100.0,0,0,0,0,0,0,0,0,0.0,0.0,0.0,0.0,90.0,0,1,0,2026-03-23 10:33:23,,1
36,160,course-v1:DHQG-HCM+FM101+2025_S2,audit,1,27.0,80.0,Pass,1.0,98.9,"Chương 11: Các yếu tố ảnh hưởng đến lãi suất, cấu trúc rủi ro và kỳ hạn của lãi suất",Cấu trúc rủi ro và cấu trúc kỳ hạn của lãi suất,Cấu trúc rủi ro và cấu trúc kỳ hạn của lãi suất (tiếp theo),97.44,98.9,179,181,2025-11-23 23:39:41,120,0.0,0,89,89,10020,10020,100.0,0,100.0,90,90,0,69606,69606,100.0,100.0,89,100.0,100.0,0,0,0,0,0,0,0,0,0.0,0.0,0.0,0.0,90.0,0,1,0,2026-03-23 10:33:23,,1
37,161,course-v1:DHQG-HCM+FM101+2025_S2,audit,1,27.0,81.0,Pass,1.0,100.0,Bài kiểm tra 05: Các vấn đề cơ bản về tỷ giá (Chương 12),Bài kiểm tra 05: Các vấn đề cơ bản về tỷ giá (Chương 12),Bài kiểm tra 05: Các vấn đề cơ bản về tỷ giá (Chương 12),99.15,100.0,181,181,2025-11-18 18:25:29,125,0.0,0,90,90,10145,10145,100.0,5535,100.0,91,91,0,70353,70353,100.0,100.0,90,100.0,100.0,0,0,0,0,0,0,0,0,0.0,0.0,0.0,0.0,90.0,0,1,0,2026-03-23 10:33:23,,1
38,163,course-v1:DHQG-HCM+FM101+2025_S2,audit,1,27.0,0.0,,0.0,17.68,Chương 3: Chức năng của thị trường tài chính,Chủ thể tham gia thị trường tài chính,Chủ thể tham gia thị trường tài chính,17.95,17.68,32,181,2025-12-18 09:15:58,95,0.0,0,16,15,1565,1710,95.47,1450,93.75,16,16,0,13455,13455,100.0,100.0,15,95.47,93.75,0,0,0,0,0,0,0,0,0.0,0.0,0.0,0.0,90.0,0,1,0,2026-03-23 10:33:23,,0
39,164,course-v1:DHQG-HCM+FM101+2025_S2,audit,1,28.0,30.0,,0.0,60.22,Giới thiệu,Giới thiệu môn học,Giới thiệu,60.68,60.22,109,181,2025-11-17 08:50:38,126,0.0,0,54,54,6165,6165,100.0,809535,100.0,55,55,0,44334,44334,100.0,100.0,54,100.0,100.0,0,0,0,8,1,9,0,0,0.0,0.0,0.0,9.0,90.0,0,1,0,2026-03-23 10:33:23,,0
40,166,course-v1:DHQG-HCM+FM101+2025_S2,audit,1,26.0,87.0,Pass,1.0,53.59,Chương 6: Chi phí giao dịch và thông tin bất cân xứng,Khái niệm Thông tin bất cân xứng,Khái niệm Thông tin bất cân xứng,61.54,53.59,97,181,2025-12-02 18:46:48,111,0.0,0,48,37,4475,5370,83.66,30830,77.08,50,49,1,40103,39527,98.0,98.56,37,83.66,77.08,0,0,0,0,0,0,0,0,0.0,0.0,0.0,0.0,90.0,0,1,0,2026-03-23 10:33:23,,1
41,168,course-v1:DHQG-HCM+FM101+2025_S2,audit,1,27.0,0.0,,0.0,7.73,Chương 1: Đại cương về tiền tệ,Cung tiền và Đo lường (cung) tiền,Cung tiền và Đo lường (cung) tiền,7.69,7.73,14,181,2025-09-15 08:42:22,189,0.0,0,7,7,585,585,100.0,0,100.0,7,7,0,5992,5992,100.0,100.0,7,100.0,100.0,0,0,0,0,0,0,0,0,0.0,0.0,0.0,0.0,90.0,0,1,0,2026-03-23 10:33:23,,0
42,169,course-v1:DHQG-HCM+FM101+2025_S2,audit,1,28.0,86.0,Pass,1.0,100.0,Chương 12: Một số vấn đề cơ bản về tỷ giá,Chế độ tỷ giá và chính sách tỷ giá,Chế độ tỷ giá và chính sách tỷ giá,99.15,100.0,181,181,2025-11-09 17:50:48,134,0.0,0,90,90,10145,10145,100.0,157145,100.0,91,91,0,70353,70353,100.0,100.0,90,100.0,100.0,0,0,0,0,0,0,0,0,0.0,0.0,0.0,0.0,90.0,0,1,0,2026-03-23 10:33:23,,1
43,170,course-v1:DHQG-HCM+FM101+2025_S2,audit,1,28.0,85.0,Pass,1.0,100.0,Bài kiểm tra 05: Các vấn đề cơ bản về tỷ giá (Chương 12),Bài kiểm tra 05: Các vấn đề cơ bản về tỷ giá (Chương 12),Bài kiểm tra 05: Các vấn đề cơ bản về tỷ giá (Chương 12),99.15,100.0,181,181,2025-11-13 00:22:58,130,0.0,0,90,90,10145,10145,100.0,0,100.0,91,91,0,70353,70353,100.0,100.0,90,100.0,100.0,0,0,0,4,8,12,0,0,0.0,0.0,0.0,12.0,90.0,0,1,0,2026-03-23 10:33:23,,1
44,175,course-v1:DHQG-HCM+FM101+2025_S2,audit,1,27.0,80.0,Pass,1.0,60.22,"Bài kiểm tra 04_Các vấn đề cơ bản về lãi suất (Chương 8,9,10,11)","Bài kiểm tra 04_Các vấn đề cơ bản về lãi suất (Chương 8,9,10,11)","Bài kiểm tra 04_Các vấn đề cơ bản về lãi suất (Chương 8,9,10,11)",67.52,60.22,109,181,2025-11-25 16:24:20,118,0.0,0,54,54,6165,6165,100.0,0,100.0,55,55,0,44334,44334,100.0,100.0,54,100.0,100.0,0,0,0,15,36,51,0,7,0.0,0.0,0.0,51.0,90.0,0,1,0,2026-03-23 10:33:23,,1
45,179,course-v1:DHQG-HCM+FM101+2025_S2,audit,1,26.0,83.0,Pass,1.0,100.0,Tổng kết môn học,Tổng kết môn học,Tổng kết môn học,99.15,100.0,181,181,2025-11-12 18:22:20,131,0.0,0,90,90,10145,10145,100.0,34665,100.0,91,91,0,70353,70353,100.0,100.0,90,100.0,100.0,0,0,0,0,0,0,0,0,0.0,0.0,0.0,0.0,90.0,0,1,0,2026-03-23 10:33:23,,1
46,180,course-v1:DHQG-HCM+FM101+2025_S2,audit,1,27.0,87.0,Pass,1.0,100.0,Bài kiểm tra 05: Các vấn đề cơ bản về tỷ giá (Chương 12),Bài kiểm tra 05: Các vấn đề cơ bản về tỷ giá (Chương 12),Bài kiểm tra 05: Các vấn đề cơ bản về tỷ giá (Chương 12),99.15,100.0,181,181,2025-11-19 09:45:45,124,0.0,0,90,90,10145,10145,100.0,102320,100.0,91,91,0,70353,70353,100.0,100.0,90,100.0,100.0,0,0,0,0,0,0,0,0,0.0,0.0,0.0,0.0,90.0,0,1,0,2026-03-23 10:33:23,,1
47,181,course-v1:DHQG-HCM+FM101+2025_S2,audit,1,27.0,28.0,,0.0,100.0,Tổng kết môn học,Tổng kết môn học,Tổng kết môn học,96.58,100.0,181,181,2025-11-23 16:39:48,120,0.0,0,90,90,10145,10145,100.0,0,100.0,91,91,0,70353,70353,100.0,100.0,90,100.0,100.0,0,0,0,0,0,0,0,0,0.0,0.0,0.0,0.0,90.0,0,1,0,2026-03-23 10:33:23,,0
48,182,course-v1:DHQG-HCM+FM101+2025_S2,audit,1,27.0,85.0,Pass,1.0,93.37,Bài kiểm tra 05: Các vấn đề cơ bản về tỷ giá (Chương 12),Bài kiểm tra 05: Các vấn đề cơ bản về tỷ giá (Chương 12),Bài kiểm tra 05: Các vấn đề cơ bản về tỷ giá (Chương 12),94.02,93.37,169,181,2025-11-17 16:21:54,126,0.0,0,84,84,9395,9395,100.0,782610,100.0,85,85,0,66376,66376,100.0,100.0,84,100.0,100.0,0,0,0,0,4,4,0,0,0.0,0.0,0.0,4.0,90.0,0,1,0,2026-03-23 10:33:23,,1
49,184,course-v1:DHQG-HCM+FM101+2025_S2,audit,1,26.0,90.0,Pass,1.0,100.0,Chương 7: Các định chế tài chính trung gian,Trung gian tài chính Fintech,Trung gian tài chính Fintech,98.29,100.0,181,181,2025-11-18 00:42:12,125,0.0,0,90,90,10145,10145,100.0,0,100.0,91,91,0,70353,70353,100.0,100.0,90,100.0,100.0,0,0,0,0,0,0,0,0,0.0,0.0,0.0,0.0,90.0,0,1,0,2026-03-23 10:33:23,,1
50,185,course-v1:DHQG-HCM+FM101+2025_S2,audit,1,27.0,84.0,Pass,1.0,100.0,Bài kiểm tra 05: Các vấn đề cơ bản về tỷ giá (Chương 12),Bài kiểm tra 05: Các vấn đề cơ bản về tỷ giá (Chương 12),Bài kiểm tra 05: Các vấn đề cơ bản về tỷ giá (Chương 12),99.15,100.0,181,181,2025-11-15 15:54:05,128,0.0,0,90,90,10145,10145,100.0,0,100.0,91,91,0,70353,70353,100.0,100.0,90,100.0,100.0,0,0,0,0,0,0,0,0,0.0,0.0,0.0,0.0,90.0,0,1,0,2026-03-23 10:33:23,,1
51,186,course-v1:DHQG-HCM+FM101+2025_S2,audit,1,27.0,87.0,Pass,1.0,100.0,Giới thiệu,Tổng quan khóa học,Tổng quan khóa học,99.15,100.0,181,181,2025-11-23 07:42:25,120,0.0,0,90,90,8116,8116,100.0,0,100.0,91,91,0,70353,70353,100.0,100.0,90,100.0,100.0,0,0,0,0,0,0,0,0,0.0,0.0,0.0,0.0,90.0,0,1,0,2026-03-23 10:33:23,,1
52,188,course-v1:DHQG-HCM+FM101+2025_S2,audit,1,27.0,49.0,,0.0,96.69,Chương 12: Một số vấn đề cơ bản về tỷ giá,Chế độ tỷ giá và chính sách tỷ giá,Chế độ tỷ giá và chính sách tỷ giá,92.31,96.69,175,181,2025-11-26 00:17:03,117,0.0,0,87,83,7584,7852,96.56,8912,95.4,88,88,0,67976,67960,100.0,99.98,83,96.56,95.4,0,0,0,0,0,0,0,0,0.0,0.0,0.0,0.0,90.0,0,1,0,2026-03-23 10:33:23,,0
53,190,course-v1:DHQG-HCM+FM101+2025_S2,audit,1,27.0,85.0,Pass,1.0,100.0,Chương 9: Đo lường lãi suất,Slide bài giảng tóm tắt chương 9,Bài đọc mở rộng Chương 9,99.15,100.0,181,181,2025-11-24 07:45:16,119,0.0,0,90,90,8116,8116,100.0,126024,100.0,91,91,0,70353,70353,100.0,100.0,90,100.0,100.0,0,0,0,0,0,0,0,0,0.0,0.0,0.0,0.0,90.0,0,1,0,2026-03-23 10:33:23,,1
54,191,course-v1:DHQG-HCM+FM101+2025_S2,audit,1,27.0,83.0,Pass,1.0,100.0,Bài kiểm tra 05: Các vấn đề cơ bản về tỷ giá (Chương 12),Bài kiểm tra 05: Các vấn đề cơ bản về tỷ giá (Chương 12),Bài kiểm tra 05: Các vấn đề cơ bản về tỷ giá (Chương 12),99.15,100.0,181,181,2025-10-21 06:41:36,153,0.0,0,90,90,8116,8116,100.0,0,100.0,91,91,0,70353,70353,100.0,100.0,90,100.0,100.0,0,0,0,0,0,0,0,0,0.0,0.0,0.0,0.0,90.0,0,1,0,2026-03-23 10:33:23,,1
55,193,course-v1:DHQG-HCM+FM101+2025_S2,audit,1,26.0,0.0,,0.0,11.05,Chương 2: Đại cương về tài chính,Slide bài giảng tóm tắt chương 2,Slide bài giảng tóm tắt chương 2,11.97,11.05,20,181,2025-09-18 06:28:02,186,0.0,0,10,10,555,555,100.0,0,100.0,10,10,0,8381,8381,100.0,100.0,10,100.0,100.0,0,0,0,0,0,0,0,0,0.0,0.0,0.0,0.0,90.0,0,1,0,2026-03-23 10:33:23,,0
56,196,course-v1:DHQG-HCM+FM101+2025_S2,audit,1,27.0,85.0,Pass,1.0,100.0,"Bài kiểm tra 04_Các vấn đề cơ bản về lãi suất (Chương 8,9,10,11)","Bài kiểm tra 04_Các vấn đề cơ bản về lãi suất (Chương 8,9,10,11)","Bài kiểm tra 04_Các vấn đề cơ bản về lãi suất (Chương 8,9,10,11)",99.15,100.0,181,181,2025-11-03 14:48:49,140,0.0,0,90,90,6087,6087,100.0,79077,100.0,91,91,0,70353,70353,100.0,100.0,90,100.0,100.0,0,0,0,0,0,0,0,0,0.0,0.0,0.0,0.0,90.0,0,1,0,2026-03-23 10:33:23,,1
57,199,course-v1:DHQG-HCM+FM101+2025_S2,audit,1,27.0,84.0,Pass,1.0,100.0,Tổng kết môn học,Tổng kết môn học,Tổng kết môn học,99.15,100.0,181,181,2025-11-22 14:59:21,121,0.0,0,90,90,6087,6087,100.0,1224,100.0,91,91,0,70353,70353,100.0,100.0,90,100.0,100.0,0,0,0,0,0,0,0,0,0.0,0.0,0.0,0.0,90.0,0,1,0,2026-03-23 10:33:23,,1
58,200,course-v1:DHQG-HCM+FM101+2025_S2,audit,1,27.0,82.0,Pass,1.0,100.0,Bài kiểm tra 05: Các vấn đề cơ bản về tỷ giá (Chương 12),Bài kiểm tra 05: Các vấn đề cơ bản về tỷ giá (Chương 12),Bài kiểm tra 05: Các vấn đề cơ bản về tỷ giá (Chương 12),99.15,100.0,181,181,2025-11-19 09:38:30,124,0.0,0,90,90,6087,6087,100.0,182481,100.0,91,91,0,70353,70353,100.0,100.0,90,100.0,100.0,0,0,0,0,0,0,0,0,0.0,0.0,0.0,0.0,90.0,0,1,0,2026-03-23 10:33:23,,1
59,201,course-v1:DHQG-HCM+FM101+2025_S2,audit,1,28.0,0.0,,0.0,0.0,Chưa bắt đầu,N/A,N/A,0.0,0.0,0,0,,999,0.0,0,0,0,0,0,0.0,0,0.0,0,0,0,0,0,0.0,0.0,0,0.0,0.0,0,0,0,0,0,0,0,0,0.0,0.0,0.0,0.0,50.0,0,0,0,2026-03-23 10:33:23,,0
60,202,course-v1:DHQG-HCM+FM101+2025_S2,audit,1,28.0,0.0,,0.0,0.0,Chưa bắt đầu,N/A,N/A,0.0,0.0,0,0,,999,0.0,0,0,0,0,0,0.0,0,0.0,0,0,0,0,0,0.0,0.0,0,0.0,0.0,0,0,0,0,0,0,0,0,0.0,0.0,0.0,0.0,50.0,0,0,0,2026-03-23 10:33:23,,0
61,209,course-v1:DHQG-HCM+FM101+2025_S2,audit,1,27.0,95.0,Pass,1.0,100.0,Giới thiệu,Giới thiệu môn học,Giới thiệu,99.15,100.0,181,181,2025-11-04 08:59:44,139,0.0,0,90,90,6087,6087,100.0,86223,100.0,91,91,0,70353,70353,100.0,100.0,90,100.0,100.0,0,0,0,0,0,0,0,0,0.0,0.0,0.0,0.0,90.0,0,1,0,2026-03-23 10:33:23,,1
62,210,course-v1:DHQG-HCM+FM101+2025_S2,audit,1,27.0,21.0,,0.0,98.9,"Chương 11: Các yếu tố ảnh hưởng đến lãi suất, cấu trúc rủi ro và kỳ hạn của lãi suất",Cấu trúc rủi ro và cấu trúc kỳ hạn của lãi suất,Cấu trúc rủi ro và cấu trúc kỳ hạn của lãi suất (tiếp theo),95.73,98.9,179,181,2025-11-17 15:22:51,126,0.0,0,89,89,6012,6012,100.0,138393,100.0,90,90,0,69606,69606,100.0,100.0,89,100.0,100.0,0,0,0,0,0,0,0,0,0.0,0.0,0.0,0.0,90.0,0,1,0,2026-03-23 10:33:23,,0
63,211,course-v1:DHQG-HCM+FM101+2025_S2,audit,1,27.0,78.0,Pass,1.0,100.0,Bài kiểm tra 05: Các vấn đề cơ bản về tỷ giá (Chương 12),Bài kiểm tra 05: Các vấn đề cơ bản về tỷ giá (Chương 12),Bài kiểm tra 05: Các vấn đề cơ bản về tỷ giá (Chương 12),99.15,100.0,181,181,2025-11-04 15:32:27,139,0.0,0,90,90,6087,6087,100.0,0,100.0,91,91,0,70353,70353,100.0,100.0,90,100.0,100.0,0,0,0,0,0,0,0,0,0.0,0.0,0.0,0.0,90.0,0,1,0,2026-03-23 10:33:23,,1
64,213,course-v1:DHQG-HCM+FM101+2025_S2,audit,1,27.0,87.0,Pass,1.0,100.0,Tổng kết môn học,Tổng kết môn học,Tổng kết môn học,99.15,100.0,181,181,2025-11-23 17:20:11,120,0.0,0,90,90,6087,6087,100.0,0,100.0,91,91,0,70353,70353,100.0,100.0,90,100.0,100.0,0,0,0,0,0,0,0,0,0.0,0.0,0.0,0.0,90.0,0,1,0,2026-03-23 10:33:23,,1
65,214,course-v1:DHQG-HCM+FM101+2025_S2,audit,1,27.0,9.0,,0.0,65.75,"Chương 8: Khái niệm, vai trò của lãi suất và giá trị thời gian của tiền",Bài tập cơ bản về giá trị thời gian của tiền,Bài tập cơ bản về giá trị thời gian của tiền 2,64.1,65.75,119,181,2025-11-21 09:32:28,122,0.0,0,59,59,4137,4137,100.0,227943,100.0,60,60,0,47909,47909,100.0,100.0,59,100.0,100.0,0,0,0,37,49,86,0,1,0.0,0.0,0.0,86.0,90.0,0,1,0,2026-03-23 10:33:23,,0
66,216,course-v1:DHQG-HCM+FM101+2025_S2,audit,1,27.0,83.0,Pass,1.0,100.0,Tổng kết môn học,Tổng kết môn học,Tổng kết môn học,99.15,100.0,181,181,2025-11-17 15:33:41,126,0.0,0,90,90,6087,6087,100.0,143130,100.0,91,91,0,70353,70353,100.0,100.0,90,100.0,100.0,0,0,0,0,0,0,0,0,0.0,0.0,0.0,0.0,90.0,0,1,0,2026-03-23 10:33:23,,1
67,217,course-v1:DHQG-HCM+FM101+2025_S2,audit,1,26.0,93.0,Pass,1.0,100.0,Bài kiểm tra 05: Các vấn đề cơ bản về tỷ giá (Chương 12),Bài kiểm tra 05: Các vấn đề cơ bản về tỷ giá (Chương 12),Bài kiểm tra 05: Các vấn đề cơ bản về tỷ giá (Chương 12),99.15,100.0,181,181,2025-11-15 05:23:01,128,0.0,0,90,90,6087,6087,100.0,0,100.0,91,91,0,70353,70353,100.0,100.0,90,100.0,100.0,0,0,0,0,0,0,0,0,0.0,0.0,0.0,0.0,90.0,0,1,0,2026-03-23 10:33:23,,1
68,218,course-v1:DHQG-HCM+FM101+2025_S2,audit,1,27.0,94.0,Pass,1.0,100.0,"Chương 11: Các yếu tố ảnh hưởng đến lãi suất, cấu trúc rủi ro và kỳ hạn của lãi suất",Slide bài giảng tóm tắt chương 11,Slide bài giảng tóm tắt chương 11,99.15,100.0,181,181,2025-11-09 02:34:56,134,0.0,0,90,90,6087,6087,100.0,78678,100.0,91,91,0,70353,70353,100.0,100.0,90,100.0,100.0,0,0,0,0,0,0,0,0,0.0,0.0,0.0,0.0,90.0,0,1,0,2026-03-23 10:33:23,,1
69,219,course-v1:DHQG-HCM+FM101+2025_S2,audit,1,28.0,94.0,Pass,1.0,100.0,Giới thiệu,Giới thiệu môn học,Giới thiệu,99.15,100.0,181,181,2025-11-23 12:27:35,120,0.0,0,90,90,6087,6087,100.0,255087,100.0,91,91,0,70353,70353,100.0,100.0,90,100.0,100.0,0,0,0,0,0,0,0,0,0.0,0.0,0.0,0.0,90.0,0,1,0,2026-03-23 10:33:23,,1
70,220,course-v1:DHQG-HCM+FM101+2025_S2,audit,1,27.0,81.0,Pass,1.0,100.0,Tổng kết môn học,Tổng kết môn học,Tổng kết môn học,99.15,100.0,181,181,2025-11-25 14:52:02,118,0.0,0,90,89,6030,6087,99.16,482868,98.89,91,91,0,70353,70350,100.0,100.0,89,99.16,98.89,0,0,0,0,0,0,0,0,0.0,0.0,0.0,0.0,90.0,0,1,0,2026-03-23 10:33:23,,1
71,222,course-v1:DHQG-HCM+FM101+2025_S2,audit,1,26.0,88.0,Pass,1.0,100.0,Tổng kết môn học,Tổng kết môn học,Tổng kết môn học,99.15,100.0,181,181,2025-11-17 01:37:52,126,0.0,0,90,90,6087,6087,100.0,0,100.0,91,91,0,70353,70353,100.0,100.0,90,100.0,100.0,0,0,0,0,0,0,0,0,0.0,0.0,0.0,0.0,90.0,0,1,0,2026-03-23 10:33:23,,1
72,226,course-v1:DHQG-HCM+FM101+2025_S2,audit,1,27.0,88.0,Pass,1.0,100.0,Chương 12: Một số vấn đề cơ bản về tỷ giá,Chế độ tỷ giá và chính sách tỷ giá,Chế độ tỷ giá và chính sách tỷ giá,99.15,100.0,181,181,2025-11-15 18:30:18,128,0.0,0,90,90,6087,6087,100.0,238836,100.0,91,91,0,70353,70353,100.0,100.0,90,100.0,100.0,0,0,0,0,0,0,0,0,0.0,0.0,0.0,0.0,90.0,0,1,0,2026-03-23 10:33:23,,1
73,228,course-v1:DHQG-HCM+FM101+2025_S2,audit,1,26.0,83.0,Pass,1.0,96.13,Tổng kết môn học,Tổng kết môn học,Tổng kết môn học,99.15,96.13,174,181,2025-11-25 17:22:51,118,0.0,0,84,84,5637,5637,100.0,109311,100.0,90,90,0,69606,69588,100.0,99.97,84,100.0,100.0,0,0,0,2,0,2,0,1,0.0,0.0,0.0,2.0,90.0,0,1,0,2026-03-23 10:33:23,,1
74,229,course-v1:DHQG-HCM+FM101+2025_S2,audit,1,28.0,79.0,Pass,1.0,100.0,Giới thiệu,Tổng quan khóa học,Tổng quan khóa học,99.15,100.0,181,181,2025-11-09 17:26:46,134,0.0,0,90,90,6087,6087,100.0,0,100.0,91,91,0,70353,70353,100.0,100.0,90,100.0,100.0,0,0,0,0,0,0,0,0,0.0,0.0,0.0,0.0,90.0,0,1,0,2026-03-23 10:33:23,,1
75,230,course-v1:DHQG-HCM+FM101+2025_S2,audit,1,28.0,83.0,Pass,1.0,100.0,Tổng kết môn học,Tổng kết môn học,Tổng kết môn học,99.15,100.0,181,181,2025-11-09 07:10:42,134,0.0,0,90,90,6087,6087,100.0,0,100.0,91,91,0,70353,70353,100.0,100.0,90,100.0,100.0,0,0,0,0,0,0,0,0,0.0,0.0,0.0,0.0,90.0,0,1,0,2026-03-23 10:33:23,,1
76,234,course-v1:DHQG-HCM+FM101+2025_S2,audit,1,27.0,87.0,Pass,1.0,100.0,Giới thiệu,Giới thiệu môn học,Giới thiệu,99.15,100.0,181,181,2025-11-23 07:37:00,120,0.0,0,90,90,6087,6087,100.0,419505,100.0,91,91,0,70353,70353,100.0,100.0,90,100.0,100.0,0,0,0,0,0,0,0,0,0.0,0.0,0.0,0.0,90.0,0,1,0,2026-03-23 10:33:23,,1
77,235,course-v1:DHQG-HCM+FM101+2025_S2,audit,1,27.0,73.0,Pass,1.0,100.0,Tổng kết môn học,Tổng kết môn học,Tổng kết môn học,98.29,100.0,181,181,2025-11-24 07:00:16,119,0.0,0,90,90,4058,4058,100.0,0,100.0,91,91,0,70353,70353,100.0,100.0,90,100.0,100.0,0,0,0,0,0,0,0,0,0.0,0.0,0.0,0.0,90.0,0,1,0,2026-03-23 10:33:23,,1
78,237,course-v1:DHQG-HCM+FM101+2025_S2,audit,1,26.0,8.0,,0.0,17.68,Chương 3: Chức năng của thị trường tài chính,Slide bài giảng tóm tắt chương 3,Slide bài giảng tóm tắt chương 3,18.8,17.68,32,181,2025-10-02 02:06:49,172,0.0,0,16,16,684,684,100.0,0,100.0,16,16,0,13455,13455,100.0,100.0,16,100.0,100.0,0,0,0,0,0,0,0,0,0.0,0.0,0.0,0.0,90.0,0,1,0,2026-03-23 10:33:23,,0
79,238,course-v1:DHQG-HCM+FM101+2025_S2,audit,1,27.0,94.0,Pass,1.0,100.0,"Bài kiểm tra 02: Tổng quan về hệ thống tài chính (Chương 3, 4, 5)","Bài kiểm tra 02: Tổng quan về hệ thống tài chính (Chương 3, 4, 5)","Bài kiểm tra 02: Tổng quan về hệ thống tài chính (Chương 3, 4, 5)",99.15,100.0,181,181,2025-10-23 20:03:50,151,0.0,0,90,90,4058,4058,100.0,163532,100.0,91,91,0,70353,70353,100.0,100.0,90,100.0,100.0,0,0,0,0,0,0,0,0,0.0,0.0,0.0,0.0,90.0,0,1,0,2026-03-23 10:33:23,,1
80,239,course-v1:DHQG-HCM+FM101+2025_S2,audit,1,27.0,89.0,Pass,1.0,100.0,"Bài kiểm tra 04_Các vấn đề cơ bản về lãi suất (Chương 8,9,10,11)","Bài kiểm tra 04_Các vấn đề cơ bản về lãi suất (Chương 8,9,10,11)","Bài kiểm tra 04_Các vấn đề cơ bản về lãi suất (Chương 8,9,10,11)",99.15,100.0,181,181,2025-11-19 10:21:00,124,0.0,0,90,90,4058,4058,100.0,145920,100.0,91,91,0,70353,70353,100.0,100.0,90,100.0,100.0,0,0,0,0,0,0,0,0,0.0,0.0,0.0,0.0,90.0,0,1,0,2026-03-23 10:33:23,,1
81,242,course-v1:DHQG-HCM+FM101+2025_S2,audit,1,27.0,89.0,Pass,1.0,100.0,Tổng kết môn học,Tổng kết môn học,Tổng kết môn học,100.0,100.0,181,181,2025-11-09 15:43:56,134,0.0,0,90,90,4058,4058,100.0,36038,100.0,91,91,0,70353,70353,100.0,100.0,90,100.0,100.0,0,0,0,0,0,0,0,0,0.0,0.0,0.0,0.0,90.0,0,1,0,2026-03-23 10:33:23,,1
82,243,course-v1:DHQG-HCM+FM101+2025_S2,audit,1,27.0,89.0,Pass,1.0,100.0,Tổng kết môn học,Tổng kết môn học,Tổng kết môn học,100.0,100.0,181,181,2025-10-22 09:46:51,152,0.0,0,90,90,4058,4058,100.0,277268,100.0,91,91,0,70353,70353,100.0,100.0,90,100.0,100.0,0,0,0,0,0,0,0,0,0.0,0.0,0.0,0.0,90.0,0,1,0,2026-03-23 10:33:23,,1
83,245,course-v1:DHQG-HCM+FM101+2025_S2,audit,1,27.0,0.0,,0.0,1.1,Giới thiệu,Giới thiệu môn học,Giới thiệu,1.71,1.1,2,181,2025-09-11 01:19:00,193,0.0,0,1,1,22,22,100.0,0,100.0,1,1,0,843,843,100.0,100.0,1,100.0,100.0,0,0,0,0,0,0,0,0,0.0,0.0,0.0,0.0,90.0,0,1,0,2026-03-23 10:33:23,,0
84,246,course-v1:DHQG-HCM+FM101+2025_S2,audit,1,26.0,88.0,Pass,1.0,97.79,Bài kiểm tra 05: Các vấn đề cơ bản về tỷ giá (Chương 12),Bài kiểm tra 05: Các vấn đề cơ bản về tỷ giá (Chương 12),Bài kiểm tra 05: Các vấn đề cơ bản về tỷ giá (Chương 12),95.73,97.79,177,181,2025-11-19 17:13:44,124,0.0,0,88,88,3986,3986,100.0,72886,100.0,89,89,0,68763,68763,100.0,100.0,88,100.0,100.0,0,0,0,0,0,0,0,0,0.0,0.0,0.0,0.0,90.0,0,1,0,2026-03-23 10:33:23,,1
85,249,course-v1:DHQG-HCM+FM101+2025_S2,audit,1,26.0,88.0,Pass,1.0,100.0,Tổng kết môn học,Tổng kết môn học,Tổng kết môn học,99.15,100.0,181,181,2025-11-12 05:04:01,131,0.0,0,90,90,4058,4058,100.0,0,100.0,91,91,0,70353,70353,100.0,100.0,90,100.0,100.0,0,0,0,0,0,0,0,0,0.0,0.0,0.0,0.0,90.0,0,1,0,2026-03-23 10:33:23,,1
86,250,course-v1:DHQG-HCM+FM101+2025_S2,audit,1,27.0,89.0,Pass,1.0,95.58,"Chương 11: Các yếu tố ảnh hưởng đến lãi suất, cấu trúc rủi ro và kỳ hạn của lãi suất",Lý thuyết khuôn mẫu ưa thích tính thanh khoản,Lý thuyết khuôn mẫu ưa thích tính thanh khoản (tiếp theo),94.87,95.58,173,181,2025-11-13 02:38:06,130,0.0,0,86,86,3892,3892,100.0,99364,100.0,87,87,0,67590,67590,100.0,100.0,86,100.0,100.0,0,0,0,0,0,0,0,0,0.0,0.0,0.0,0.0,90.0,0,1,0,2026-03-23 10:33:23,,1
87,251,course-v1:DHQG-HCM+FM101+2025_S2,audit,1,26.0,77.0,Pass,1.0,100.0,Bài kiểm tra 05: Các vấn đề cơ bản về tỷ giá (Chương 12),Bài kiểm tra 05: Các vấn đề cơ bản về tỷ giá (Chương 12),Bài kiểm tra 05: Các vấn đề cơ bản về tỷ giá (Chương 12),99.15,100.0,181,181,2025-11-18 10:22:41,125,0.0,0,90,90,4058,4058,100.0,48154,100.0,91,91,0,70353,70353,100.0,100.0,90,100.0,100.0,0,0,0,0,1,1,0,0,0.0,0.0,0.0,1.0,90.0,0,1,0,2026-03-23 10:33:23,,1
88,252,course-v1:DHQG-HCM+FM101+2025_S2,audit,1,22.0,91.0,Pass,1.0,79.56,Chương 9: Đo lường lãi suất,Slide bài giảng tóm tắt chương 9,Bài đọc mở rộng Chương 9,80.34,79.56,144,181,2025-11-21 15:26:52,122,0.0,0,72,72,3130,3130,100.0,105392,100.0,72,72,0,54508,54508,100.0,100.0,72,100.0,100.0,0,0,0,0,0,0,0,0,0.0,0.0,0.0,0.0,90.0,0,1,0,2026-03-23 10:33:23,,1
89,254,course-v1:DHQG-HCM+FM101+2025_S2,audit,1,27.0,87.0,Pass,1.0,100.0,Bài kiểm tra 05: Các vấn đề cơ bản về tỷ giá (Chương 12),Bài kiểm tra 05: Các vấn đề cơ bản về tỷ giá (Chương 12),Bài kiểm tra 05: Các vấn đề cơ bản về tỷ giá (Chương 12),99.15,100.0,181,181,2025-11-10 02:51:46,133,0.0,0,90,90,4058,4058,100.0,98694,100.0,91,91,0,70353,70353,100.0,100.0,90,100.0,100.0,0,0,0,0,0,0,0,0,0.0,0.0,0.0,0.0,90.0,0,1,0,2026-03-23 10:33:23,,1
90,255,course-v1:DHQG-HCM+FM101+2025_S2,audit,1,27.0,88.0,Pass,1.0,100.0,"Bài kiểm tra 04_Các vấn đề cơ bản về lãi suất (Chương 8,9,10,11)","Bài kiểm tra 04_Các vấn đề cơ bản về lãi suất (Chương 8,9,10,11)","Bài kiểm tra 04_Các vấn đề cơ bản về lãi suất (Chương 8,9,10,11)",99.15,100.0,181,181,2025-11-10 07:35:48,133,0.0,0,90,90,4058,4058,100.0,11724,100.0,91,91,0,70353,70353,100.0,100.0,90,100.0,100.0,0,0,0,0,0,0,0,0,0.0,0.0,0.0,0.0,90.0,0,1,0,2026-03-23 10:33:23,,1
91,256,course-v1:DHQG-HCM+FM101+2025_S2,audit,1,27.0,85.0,Pass,1.0,100.0,Bài kiểm tra 05: Các vấn đề cơ bản về tỷ giá (Chương 12),Bài kiểm tra 05: Các vấn đề cơ bản về tỷ giá (Chương 12),Bài kiểm tra 05: Các vấn đề cơ bản về tỷ giá (Chương 12),99.15,100.0,181,181,2025-11-21 16:47:37,122,0.0,0,90,90,4058,4058,100.0,0,100.0,91,91,0,70353,70353,100.0,100.0,90,100.0,100.0,0,0,0,0,0,0,0,0,0.0,0.0,0.0,0.0,90.0,0,1,0,2026-03-23 10:33:23,,1
92,258,course-v1:DHQG-HCM+FM101+2025_S2,audit,1,27.0,91.0,Pass,1.0,100.0,Bài kiểm tra 05: Các vấn đề cơ bản về tỷ giá (Chương 12),Bài kiểm tra 05: Các vấn đề cơ bản về tỷ giá (Chương 12),Bài kiểm tra 05: Các vấn đề cơ bản về tỷ giá (Chương 12),99.15,100.0,181,181,2025-11-14 11:27:15,129,0.0,0,90,90,4058,4058,100.0,88630,100.0,91,91,0,70353,70353,100.0,100.0,90,100.0,100.0,0,0,0,0,0,0,0,0,0.0,0.0,0.0,0.0,90.0,0,1,0,2026-03-23 10:33:23,,1
93,259,course-v1:DHQG-HCM+FM101+2025_S2,audit,1,27.0,95.0,Pass,1.0,97.79,Chương 6: Chi phí giao dịch và thông tin bất cân xứng,Slide bài giảng tóm tắt chương 6,Bài đọc mở rộng Chương 6,95.73,97.79,177,181,2025-11-20 18:28:33,123,0.0,0,88,88,3986,3986,100.0,0,100.0,89,89,0,68763,68763,100.0,100.0,88,100.0,100.0,0,0,0,0,0,0,0,0,0.0,0.0,0.0,0.0,90.0,0,1,0,2026-03-23 10:33:23,,1
94,260,course-v1:DHQG-HCM+FM101+2025_S2,audit,1,26.0,89.0,Pass,1.0,98.9,Chương 5: Các công cụ thị trường tài chính,Giới thiệu về công cụ thị trường vốn,Giới thiệu về công cụ thị trường vốn,95.73,98.9,179,181,2025-11-22 18:49:06,121,0.0,0,89,89,4028,4028,100.0,22652,100.0,90,90,0,69715,69715,100.0,100.0,89,100.0,100.0,0,0,0,0,0,0,0,0,0.0,0.0,0.0,0.0,90.0,0,1,0,2026-03-23 10:33:23,,1
95,261,course-v1:DHQG-HCM+FM101+2025_S2,audit,1,26.0,79.0,Pass,1.0,100.0,Chương 4: Cấu trúc thị trường tài chính,Slide bài giảng tóm tắt chương 4,Bài đọc mở rộng chương 4,99.15,100.0,181,181,2025-11-23 14:32:08,120,0.0,0,90,90,4058,4058,100.0,27148,100.0,91,91,0,70353,70353,100.0,100.0,90,100.0,100.0,0,0,0,0,0,0,0,0,0.0,0.0,0.0,0.0,90.0,0,1,0,2026-03-23 10:33:23,,1
96,262,course-v1:DHQG-HCM+FM101+2025_S2,audit,1,27.0,82.0,Pass,1.0,48.92,Tổng kết môn học,Tổng kết môn học,Tổng kết môn học,99.15,100.0,91,186,2025-11-15 11:11:01,128,0.0,0,90,90,4058,4058,100.0,49598,100.0,91,91,0,70353,70353,100.0,100.0,90,100.0,100.0,0,0,0,0,0,0,0,0,0.0,0.0,0.0,0.0,90.0,0,1,0,2026-03-23 10:33:23,,1
97,263,course-v1:DHQG-HCM+FM101+2025_S2,audit,1,27.0,77.0,Pass,1.0,100.0,Giới thiệu,Giới thiệu môn học,Giới thiệu,99.15,100.0,181,181,2025-11-24 15:51:15,119,0.0,0,90,89,4018,4058,99.05,9812,98.89,91,91,0,70353,70346,100.0,99.99,89,99.05,98.89,0,0,0,0,0,0,0,0,0.0,0.0,0.0,0.0,90.0,0,1,0,2026-03-23 10:33:23,,1
98,264,course-v1:DHQG-HCM+FM101+2025_S2,audit,1,27.0,88.0,Pass,1.0,100.0,Tổng kết môn học,Tổng kết môn học,Tổng kết môn học,99.15,100.0,181,181,2025-11-15 04:38:47,128,0.0,0,90,90,4058,4058,100.0,0,100.0,91,91,0,70353,70353,100.0,100.0,90,100.0,100.0,0,0,0,0,0,0,0,0,0.0,0.0,0.0,0.0,90.0,0,1,0,2026-03-23 10:33:23,,1
99,265,course-v1:DHQG-HCM+FM101+2025_S2,audit,1,26.0,84.0,Pass,1.0,100.0,Bài kiểm tra 05: Các vấn đề cơ bản về tỷ giá (Chương 12),Bài kiểm tra 05: Các vấn đề cơ bản về tỷ giá (Chương 12),Bài kiểm tra 05: Các vấn đề cơ bản về tỷ giá (Chương 12),99.15,100.0,181,181,2025-11-18 12:19:56,125,0.0,0,90,90,4058,4058,100.0,0,100.0,91,91,0,70353,70353,100.0,100.0,90,100.0,100.0,0,0,0,0,0,0,0,0,0.0,0.0,0.0,0.0,90.0,0,1,0,2026-03-23 10:33:23,,1
100,266,course-v1:DHQG-HCM+FM101+2025_S2,audit,1,26.0,8.0,,0.0,75.69,Chương 9: Đo lường lãi suất,Đo lường lãi suất_Các thước đo khác của lãi suất,Lợi suất hiện hành,76.92,75.69,137,181,2025-10-16 01:15:21,158,0.0,0,68,68,3126,3126,100.0,75874,100.0,69,69,0,53925,53925,100.0,100.0,68,100.0,100.0,0,0,0,0,0,0,0,0,0.0,0.0,0.0,0.0,90.0,0,1,0,2026-03-23 10:33:23,,0
101,267,course-v1:DHQG-HCM+FM101+2025_S2,audit,1,26.0,86.0,Pass,1.0,100.0,Tổng kết môn học,Tổng kết môn học,Tổng kết môn học,99.15,100.0,181,181,2025-11-22 13:18:29,121,0.0,0,90,90,4058,4058,100.0,0,100.0,91,91,0,70353,70353,100.0,100.0,90,100.0,100.0,0,0,0,0,0,0,0,0,0.0,0.0,0.0,0.0,90.0,0,1,0,2026-03-23 10:33:23,,1
102,268,course-v1:DHQG-HCM+FM101+2025_S2,audit,1,27.0,85.0,Pass,1.0,100.0,Chương 1: Đại cương về tiền tệ,Cung tiền và Đo lường (cung) tiền,Cung tiền và Đo lường (cung) tiền,99.15,100.0,181,181,2025-11-23 11:25:34,120,0.0,0,90,90,4058,4058,100.0,12950,100.0,91,91,0,70353,70353,100.0,100.0,90,100.0,100.0,0,0,0,0,0,0,0,0,0.0,0.0,0.0,0.0,90.0,0,1,0,2026-03-23 10:33:23,,1
103,269,course-v1:DHQG-HCM+FM101+2025_S2,audit,1,27.0,0.0,,0.0,1.1,Chương 2: Đại cương về tài chính,Khái niệm về tài chính,Khái niệm về tài chính,0.85,1.1,2,181,2025-09-08 17:16:23,196,0.0,0,1,1,46,46,100.0,0,100.0,1,1,0,961,961,100.0,100.0,1,100.0,100.0,0,0,0,0,0,0,0,0,0.0,0.0,0.0,0.0,90.0,0,1,0,2026-03-23 10:33:23,,0
104,271,course-v1:DHQG-HCM+FM101+2025_S2,audit,1,26.0,0.0,,0.0,6.63,Chương 5: Các công cụ thị trường tài chính,Slide bài giảng tóm tắt chương 5,Slide bài giảng tóm tắt chương 5,5.98,6.63,12,181,2025-10-16 01:51:10,158,0.0,0,6,6,246,246,100.0,0,100.0,6,6,0,4901,4901,100.0,100.0,6,100.0,100.0,0,0,0,0,0,0,0,0,0.0,0.0,0.0,0.0,90.0,0,1,0,2026-03-23 10:33:23,,0
105,273,course-v1:DHQG-HCM+FM101+2025_S2,audit,1,27.0,88.0,Pass,1.0,100.0,Tổng kết môn học,Tổng kết môn học,Tổng kết môn học,99.15,100.0,181,181,2025-11-18 21:16:39,125,0.0,0,90,90,4058,4058,100.0,0,100.0,91,91,0,70353,70353,100.0,100.0,90,100.0,100.0,0,0,0,0,0,0,0,0,0.0,0.0,0.0,0.0,90.0,0,1,0,2026-03-23 10:33:23,,1
106,274,course-v1:DHQG-HCM+FM101+2025_S2,audit,1,27.0,86.0,Pass,1.0,100.0,Tổng kết môn học,Tổng kết môn học,Tổng kết môn học,99.15,100.0,181,181,2025-11-25 15:35:46,118,0.0,0,90,72,3464,4058,85.46,273420,80.0,91,91,0,70353,70268,100.0,99.88,72,85.46,80.0,0,0,0,0,0,0,0,0,0.0,0.0,0.0,0.0,90.0,0,1,0,2026-03-23 10:33:23,,1
107,276,course-v1:DHQG-HCM+FM101+2025_S2,audit,1,27.0,6.0,,0.0,34.81,Chương 5: Các công cụ thị trường tài chính,Giới thiệu về công cụ thị trường vốn,Giới thiệu về công cụ thị trường vốn,39.32,34.81,63,181,2025-11-10 11:37:24,133,0.0,0,31,31,1444,1444,100.0,19822,100.0,32,32,0,26459,26459,100.0,100.0,31,100.0,100.0,0,0,0,0,0,0,0,0,0.0,0.0,0.0,0.0,90.0,0,1,0,2026-03-23 10:33:23,,0
108,277,course-v1:DHQG-HCM+FM101+2025_S2,audit,1,27.0,93.0,Pass,1.0,100.0,Bài kiểm tra 05: Các vấn đề cơ bản về tỷ giá (Chương 12),Bài kiểm tra 05: Các vấn đề cơ bản về tỷ giá (Chương 12),Bài kiểm tra 05: Các vấn đề cơ bản về tỷ giá (Chương 12),99.15,100.0,181,181,2025-11-05 11:44:37,138,0.0,0,90,90,4058,4058,100.0,193632,100.0,91,91,0,70353,70353,100.0,100.0,90,100.0,100.0,0,0,0,0,0,0,0,0,0.0,0.0,0.0,0.0,90.0,0,1,0,2026-03-23 10:33:23,,1
109,278,course-v1:DHQG-HCM+FM101+2025_S2,audit,1,25.0,83.0,Pass,1.0,100.0,Bài kiểm tra 05: Các vấn đề cơ bản về tỷ giá (Chương 12),Bài kiểm tra 05: Các vấn đề cơ bản về tỷ giá (Chương 12),Bài kiểm tra 05: Các vấn đề cơ bản về tỷ giá (Chương 12),99.15,100.0,181,181,2025-11-22 08:01:27,121,0.0,0,90,90,4058,4058,100.0,59212,100.0,91,91,0,70353,70353,100.0,100.0,90,100.0,100.0,0,0,0,0,0,0,0,0,0.0,0.0,0.0,0.0,90.0,0,1,0,2026-03-23 10:33:23,,1
110,280,course-v1:DHQG-HCM+FM101+2025_S2,audit,1,26.0,66.0,Pass,1.0,66.85,Chương 9: Đo lường lãi suất,Slide bài giảng tóm tắt chương 9,Slide bài giảng tóm tắt chương 9,70.09,66.85,121,181,2025-11-25 08:21:07,118,0.0,0,60,60,2800,2800,100.0,89478,100.0,61,61,0,48463,48463,100.0,100.0,60,100.0,100.0,0,0,0,0,0,0,0,0,0.0,0.0,0.0,0.0,90.0,0,1,0,2026-03-23 10:33:23,,1
111,281,course-v1:DHQG-HCM+FM101+2025_S2,audit,1,27.0,77.0,Pass,1.0,100.0,Tổng kết môn học,Tổng kết môn học,Tổng kết môn học,99.15,100.0,181,181,2025-10-24 14:39:41,150,0.0,0,90,90,4058,4058,100.0,0,100.0,91,91,0,70353,70353,100.0,100.0,90,100.0,100.0,0,0,0,9,50,59,0,1,0.0,0.0,0.0,59.0,90.0,0,1,0,2026-03-23 10:33:23,,1
112,282,course-v1:DHQG-HCM+FM101+2025_S2,audit,1,27.0,91.0,Pass,1.0,100.0,Bài kiểm tra 05: Các vấn đề cơ bản về tỷ giá (Chương 12),Bài kiểm tra 05: Các vấn đề cơ bản về tỷ giá (Chương 12),Bài kiểm tra 05: Các vấn đề cơ bản về tỷ giá (Chương 12),99.15,100.0,181,181,2025-10-30 06:22:28,144,0.0,0,90,90,4058,4058,100.0,0,100.0,91,91,0,70353,70353,100.0,100.0,90,100.0,100.0,0,0,0,0,0,0,0,0,0.0,0.0,0.0,0.0,90.0,0,1,0,2026-03-23 10:33:23,,1
113,285,course-v1:DHQG-HCM+FM101+2025_S2,audit,1,27.0,0.0,,0.0,0.0,Chưa bắt đầu,N/A,N/A,0.0,0.0,0,0,,999,0.0,0,0,0,0,0,0.0,0,0.0,0,0,0,0,0,0.0,0.0,0,0.0,0.0,0,0,0,0,0,0,0,0,0.0,0.0,0.0,0.0,50.0,0,0,0,2026-03-23 10:33:23,,0
114,288,course-v1:DHQG-HCM+FM101+2025_S2,audit,1,26.0,93.0,Pass,1.0,100.0,"Chương 11: Các yếu tố ảnh hưởng đến lãi suất, cấu trúc rủi ro và kỳ hạn của lãi suất",Cấu trúc rủi ro và cấu trúc kỳ hạn của lãi suất,Cấu trúc rủi ro và cấu trúc kỳ hạn của lãi suất (tiếp theo),99.15,100.0,181,181,2025-11-22 14:44:24,121,0.0,0,90,90,4058,4058,100.0,0,100.0,91,91,0,70353,70353,100.0,100.0,90,100.0,100.0,0,0,0,0,0,0,0,0,0.0,0.0,0.0,0.0,90.0,0,1,0,2026-03-23 10:33:23,,1
115,290,course-v1:DHQG-HCM+FM101+2025_S2,audit,1,27.0,85.0,Pass,1.0,100.0,Tổng kết môn học,Tổng kết môn học,Tổng kết môn học,99.15,100.0,181,181,2025-11-12 12:42:17,131,0.0,0,90,90,4058,4058,100.0,0,100.0,91,91,0,70353,70353,100.0,100.0,90,100.0,100.0,0,0,0,0,0,0,0,0,0.0,0.0,0.0,0.0,90.0,0,1,0,2026-03-23 10:33:23,,1
116,292,course-v1:DHQG-HCM+FM101+2025_S2,audit,1,26.0,77.0,Pass,1.0,61.33,"Bài kiểm tra 04_Các vấn đề cơ bản về lãi suất (Chương 8,9,10,11)","Bài kiểm tra 04_Các vấn đề cơ bản về lãi suất (Chương 8,9,10,11)","Bài kiểm tra 04_Các vấn đề cơ bản về lãi suất (Chương 8,9,10,11)",63.25,61.33,111,181,2025-11-15 08:00:05,128,0.0,0,55,55,2528,2528,100.0,0,100.0,56,56,0,45087,45087,100.0,100.0,55,100.0,100.0,0,0,0,0,0,0,0,0,0.0,0.0,0.0,0.0,90.0,0,1,0,2026-03-23 10:33:23,,1
117,293,course-v1:DHQG-HCM+FM101+2025_S2,audit,1,27.0,8.0,,0.0,25.97,Giới thiệu,Đề cương MOOCS_Nguyên lý thị trường tài chính,Đề cương MOOCS_Nguyên lý thị trường tài chính,28.21,25.97,47,181,2025-10-01 15:05:31,173,0.0,0,23,23,1046,1046,100.0,0,100.0,24,24,0,20375,20375,100.0,100.0,23,100.0,100.0,0,0,0,1,0,1,1,2,0.0,0.0,0.0,1.0,90.0,0,1,0,2026-03-23 10:33:23,,0
118,294,course-v1:DHQG-HCM+FM101+2025_S2,audit,1,27.0,74.0,Pass,1.0,44.75,"Bài kiểm tra 02: Tổng quan về hệ thống tài chính (Chương 3, 4, 5)","Bài kiểm tra 02: Tổng quan về hệ thống tài chính (Chương 3, 4, 5)","Bài kiểm tra 02: Tổng quan về hệ thống tài chính (Chương 3, 4, 5)",55.56,44.75,81,181,2025-11-20 17:30:21,123,0.0,0,40,40,1810,1810,100.0,0,100.0,41,41,0,34045,34045,100.0,100.0,40,100.0,100.0,0,0,0,0,9,9,0,0,0.0,0.0,0.0,9.0,90.0,0,1,0,2026-03-23 10:33:23,,1
119,295,course-v1:DHQG-HCM+FM101+2025_S2,audit,1,27.0,89.0,Pass,1.0,86.74,"Chương 11: Các yếu tố ảnh hưởng đến lãi suất, cấu trúc rủi ro và kỳ hạn của lãi suất",Lý thuyết khuôn mẫu tiền vay,Lý thuyết khuôn mẫu tiền vay (tiếp theo),84.62,86.74,157,181,2025-11-20 19:29:04,123,0.0,0,78,78,3524,3524,100.0,0,100.0,79,79,0,62120,62120,100.0,100.0,78,100.0,100.0,0,0,0,0,3,3,0,0,0.0,0.0,0.0,3.0,90.0,0,1,0,2026-03-23 10:33:23,,1
120,296,course-v1:DHQG-HCM+FM101+2025_S2,audit,1,27.0,35.0,,0.0,41.44,"Bài kiểm tra 02: Tổng quan về hệ thống tài chính (Chương 3, 4, 5)","Bài kiểm tra 02: Tổng quan về hệ thống tài chính (Chương 3, 4, 5)","Bài kiểm tra 02: Tổng quan về hệ thống tài chính (Chương 3, 4, 5)",43.59,41.44,75,181,2025-11-20 17:28:35,123,0.0,0,37,37,1720,1720,100.0,0,100.0,38,38,0,31598,31598,100.0,100.0,37,100.0,100.0,0,0,0,0,5,5,0,0,0.0,0.0,0.0,5.0,90.0,0,1,0,2026-03-23 10:33:23,,0
121,297,course-v1:DHQG-HCM+FM101+2025_S2,audit,1,27.0,72.0,Pass,1.0,37.02,"Bài kiểm tra 04_Các vấn đề cơ bản về lãi suất (Chương 8,9,10,11)","Bài kiểm tra 04_Các vấn đề cơ bản về lãi suất (Chương 8,9,10,11)","Bài kiểm tra 04_Các vấn đề cơ bản về lãi suất (Chương 8,9,10,11)",41.88,37.02,67,181,2025-11-14 16:54:21,129,0.0,0,33,33,1556,1556,100.0,622,100.0,34,34,0,28035,28035,100.0,100.0,33,100.0,100.0,0,0,0,0,4,4,0,0,0.0,0.0,0.0,4.0,90.0,0,1,0,2026-03-23 10:33:23,,1
122,298,course-v1:DHQG-HCM+FM101+2025_S2,audit,1,27.0,32.0,,0.0,12.15,"Bài kiểm tra 02: Tổng quan về hệ thống tài chính (Chương 3, 4, 5)","Bài kiểm tra 02: Tổng quan về hệ thống tài chính (Chương 3, 4, 5)","Bài kiểm tra 02: Tổng quan về hệ thống tài chính (Chương 3, 4, 5)",15.38,12.15,22,181,2025-10-08 22:51:33,166,0.0,0,11,11,424,424,100.0,0,100.0,11,11,0,9291,9291,100.0,100.0,11,100.0,100.0,0,0,0,0,0,0,0,0,0.0,0.0,0.0,0.0,90.0,0,1,0,2026-03-23 10:33:23,,0
123,299,course-v1:DHQG-HCM+FM101+2025_S2,audit,1,27.0,32.0,,0.0,20.44,Chương 7: Các định chế tài chính trung gian,Slide bài giảng tóm tắt chương 7,Slide bài giảng tóm tắt chương 7,24.79,20.44,37,181,2025-10-09 07:26:54,165,0.0,0,18,18,756,756,100.0,0,100.0,19,19,0,16294,16294,100.0,100.0,18,100.0,100.0,0,0,0,0,11,11,0,0,0.0,0.0,0.0,11.0,90.0,0,1,0,2026-03-23 10:33:23,,0
124,300,course-v1:DHQG-HCM+FM101+2025_S2,audit,1,27.0,52.0,Pass,1.0,32.6,"Bài kiểm tra 03: Các định chế tài chính trung gian (Chương 6,7)","Bài kiểm tra 03: Các định chế tài chính trung gian (Chương 6,7)","Bài kiểm tra 03: Các định chế tài chính trung gian (Chương 6,7)",36.75,32.6,59,181,2025-10-27 16:34:15,147,0.0,0,29,29,1238,1238,100.0,41772,100.0,30,30,0,25206,25206,100.0,100.0,29,100.0,100.0,0,0,0,0,3,3,0,0,0.0,0.0,0.0,3.0,90.0,0,1,0,2026-03-23 10:33:23,,1
125,301,course-v1:DHQG-HCM+FM101+2025_S2,audit,1,27.0,9.0,,0.0,27.07,Chương 5: Các công cụ thị trường tài chính,Giới thiệu về công cụ thị trường vốn,Giới thiệu về công cụ thị trường vốn,29.06,27.07,49,181,2025-10-16 05:34:13,158,0.0,0,24,24,1070,1070,100.0,0,100.0,25,25,0,21432,21432,100.0,100.0,24,100.0,100.0,0,0,0,1,0,1,1,1,0.0,0.0,0.0,1.0,90.0,0,1,0,2026-03-23 10:33:23,,0
126,302,course-v1:DHQG-HCM+FM101+2025_S2,audit,1,27.0,9.0,,0.0,12.15,Chương 3: Chức năng của thị trường tài chính,Khái niệm thị trường tài chính và các thành phần của thị trường tài chính,Khái niệm thị trường tài chính và các thành phần của thị trường tài chính,14.53,12.15,22,181,2025-10-09 01:03:49,165,0.0,0,11,11,424,424,100.0,0,100.0,11,11,0,9291,9291,100.0,100.0,11,100.0,100.0,0,0,0,0,11,11,0,0,0.0,0.0,0.0,11.0,90.0,0,1,0,2026-03-23 10:33:23,,0
127,304,course-v1:DHQG-HCM+FM101+2025_S2,audit,1,27.0,28.0,,0.0,46.96,Chương 10: Lý thuyết lượng cầu tài sản,Lý thuyết lượng cầu tài sản,Của cải,48.72,46.96,85,181,2025-11-12 07:44:11,131,0.0,0,42,42,1898,1898,100.0,0,100.0,43,43,0,35083,35083,100.0,100.0,42,100.0,100.0,0,0,0,0,6,6,0,0,0.0,0.0,0.0,6.0,90.0,0,1,0,2026-03-23 10:33:23,,0
128,305,course-v1:DHQG-HCM+FM101+2025_S2,audit,1,27.0,0.0,,0.0,22.65,Chương 4: Cấu trúc thị trường tài chính,Hệ thống tài chính Việt Nam và kiểm soát hệ thống tài chính,Hệ thống tài chính Việt Nam và kiểm soát hệ thống tài chính,20.51,22.65,41,181,2025-10-08 06:29:24,166,0.0,0,20,20,920,920,100.0,0,100.0,21,21,0,17742,17742,100.0,100.0,20,100.0,100.0,0,0,0,0,0,0,0,0,0.0,0.0,0.0,0.0,90.0,0,1,0,2026-03-23 10:33:23,,0
129,306,course-v1:DHQG-HCM+FM101+2025_S2,audit,1,27.0,82.0,Pass,1.0,98.9,Giới thiệu,Đề cương MOOCS_Nguyên lý thị trường tài chính,Đề cương MOOCS_Nguyên lý thị trường tài chính,95.73,98.9,179,181,2025-11-19 16:33:18,124,0.0,0,89,89,3986,3986,100.0,80766,100.0,90,90,0,69478,69478,100.0,100.0,89,100.0,100.0,0,0,0,0,0,0,0,0,0.0,0.0,0.0,0.0,90.0,0,1,0,2026-03-23 10:33:23,,1
130,307,course-v1:DHQG-HCM+FM101+2025_S2,audit,1,27.0,31.0,,0.0,58.01,Chương 7: Các định chế tài chính trung gian,Tổ chức tiết kiệm hợp đồng xử lý thông tin bất cân xứng như thế nào,Tổ chức tiết kiệm hợp đồng xử lý thông tin bất cân xứng như thế nào,57.26,58.01,105,181,2025-10-16 05:09:05,158,0.0,0,52,52,2360,2360,100.0,0,100.0,53,53,0,42904,42904,100.0,100.0,52,100.0,100.0,0,0,0,0,0,0,0,0,0.0,0.0,0.0,0.0,90.0,0,1,0,2026-03-23 10:33:23,,0
131,308,course-v1:DHQG-HCM+FM101+2025_S2,audit,1,27.0,9.0,,0.0,38.12,Chương 5: Các công cụ thị trường tài chính,Slide bài giảng tóm tắt chương 5,Slide bài giảng tóm tắt chương 5,40.17,38.12,69,181,2025-09-24 10:08:31,180,0.0,0,34,34,1496,1496,100.0,0,100.0,35,35,0,29274,29274,100.0,100.0,34,100.0,100.0,0,0,0,0,2,2,0,0,0.0,0.0,0.0,2.0,90.0,0,1,0,2026-03-23 10:33:23,,0
132,309,course-v1:DHQG-HCM+FM101+2025_S2,audit,1,27.0,65.0,Pass,1.0,17.68,Bài kiểm tra 05: Các vấn đề cơ bản về tỷ giá (Chương 12),Bài kiểm tra 05: Các vấn đề cơ bản về tỷ giá (Chương 12),Bài kiểm tra 05: Các vấn đề cơ bản về tỷ giá (Chương 12),23.93,17.68,32,181,2025-11-25 07:25:40,118,0.0,0,16,16,684,684,100.0,0,100.0,16,16,0,13455,13455,100.0,100.0,16,100.0,100.0,0,0,0,0,14,14,0,0,0.0,0.0,0.0,14.0,90.0,0,1,0,2026-03-23 10:33:23,,1
133,312,course-v1:DHQG-HCM+FM101+2025_S2,audit,1,27.0,31.0,,0.0,18.78,Chương 4: Cấu trúc thị trường tài chính,Slide bài giảng tóm tắt chương 4,Slide bài giảng tóm tắt chương 4,22.22,18.78,34,181,2025-10-09 06:34:03,165,0.0,0,17,17,722,722,100.0,0,100.0,17,17,0,14373,14373,100.0,100.0,17,100.0,100.0,0,0,0,0,0,0,0,0,0.0,0.0,0.0,0.0,90.0,0,1,0,2026-03-23 10:33:23,,0
134,313,course-v1:DHQG-HCM+FM101+2025_S2,audit,1,27.0,33.0,,0.0,12.15,"Bài kiểm tra 02: Tổng quan về hệ thống tài chính (Chương 3, 4, 5)","Bài kiểm tra 02: Tổng quan về hệ thống tài chính (Chương 3, 4, 5)","Bài kiểm tra 02: Tổng quan về hệ thống tài chính (Chương 3, 4, 5)",14.53,12.15,22,181,2025-10-09 06:03:10,165,0.0,0,11,11,424,424,100.0,0,100.0,11,11,0,9291,9291,100.0,100.0,11,100.0,100.0,0,0,0,0,0,0,0,0,0.0,0.0,0.0,0.0,90.0,0,1,0,2026-03-23 10:33:23,,0
135,314,course-v1:DHQG-HCM+FM101+2025_S2,audit,1,27.0,51.0,Pass,1.0,55.8,Chương 6: Chi phí giao dịch và thông tin bất cân xứng,Bài tập tình huống,Sự sụp đổ của Enron,53.85,55.8,101,181,2025-11-20 07:01:29,123,0.0,0,50,50,2354,2354,100.0,0,100.0,51,51,0,41236,41236,100.0,100.0,50,100.0,100.0,0,0,0,0,0,0,0,0,0.0,0.0,0.0,0.0,90.0,0,1,0,2026-03-23 10:33:23,,1
136,317,course-v1:DHQG-HCM+FM101+2025_S2,audit,1,27.0,88.0,Pass,1.0,100.0,"Chương 11: Các yếu tố ảnh hưởng đến lãi suất, cấu trúc rủi ro và kỳ hạn của lãi suất",Slide bài giảng tóm tắt chương 11,Slide bài giảng tóm tắt chương 11,100.0,100.0,181,181,2025-11-23 07:08:49,120,0.0,0,90,90,4058,4058,100.0,9802,100.0,91,91,0,70353,70353,100.0,100.0,90,100.0,100.0,0,0,0,0,0,0,0,0,0.0,0.0,0.0,0.0,90.0,0,1,0,2026-03-23 10:33:23,,1
137,318,course-v1:DHQG-HCM+FM101+2025_S2,audit,1,27.0,51.0,Pass,1.0,40.33,"Bài kiểm tra 03: Các định chế tài chính trung gian (Chương 6,7)","Bài kiểm tra 03: Các định chế tài chính trung gian (Chương 6,7)","Bài kiểm tra 03: Các định chế tài chính trung gian (Chương 6,7)",49.57,40.33,73,181,2025-11-19 10:12:01,124,0.0,0,36,36,1664,1664,100.0,0,100.0,37,37,0,30660,30660,100.0,100.0,36,100.0,100.0,0,0,0,0,3,3,0,0,0.0,0.0,0.0,3.0,90.0,0,1,0,2026-03-23 10:33:23,,1
138,321,course-v1:DHQG-HCM+FM101+2025_S2,audit,1,27.0,59.0,Pass,1.0,39.23,Bài kiểm tra 05: Các vấn đề cơ bản về tỷ giá (Chương 12),Bài kiểm tra 05: Các vấn đề cơ bản về tỷ giá (Chương 12),Bài kiểm tra 05: Các vấn đề cơ bản về tỷ giá (Chương 12),45.3,39.23,71,181,2025-11-21 14:27:43,122,0.0,0,35,35,1526,1526,100.0,0,100.0,36,36,0,30177,30177,100.0,100.0,35,100.0,100.0,0,0,0,0,5,5,0,0,0.0,0.0,0.0,5.0,90.0,0,1,0,2026-03-23 10:33:23,,1
139,322,course-v1:DHQG-HCM+FM101+2025_S2,audit,1,27.0,88.0,Pass,1.0,100.0,Tổng kết môn học,Tổng kết môn học,Tổng kết môn học,99.15,100.0,181,181,2025-11-22 09:39:49,121,0.0,0,90,90,4058,4058,100.0,0,100.0,91,91,0,70353,70353,100.0,100.0,90,100.0,100.0,0,0,0,0,0,0,0,0,0.0,0.0,0.0,0.0,90.0,0,1,0,2026-03-23 10:33:23,,1
140,323,course-v1:DHQG-HCM+FM101+2025_S2,audit,1,27.0,87.0,Pass,1.0,14.36,"Bài kiểm tra 04_Các vấn đề cơ bản về lãi suất (Chương 8,9,10,11)","Bài kiểm tra 04_Các vấn đề cơ bản về lãi suất (Chương 8,9,10,11)","Bài kiểm tra 04_Các vấn đề cơ bản về lãi suất (Chương 8,9,10,11)",21.37,14.36,26,181,2025-11-17 12:22:08,126,0.0,0,13,13,552,552,100.0,0,100.0,13,13,0,10949,10949,100.0,100.0,13,100.0,100.0,0,0,0,0,0,0,0,0,0.0,0.0,0.0,0.0,90.0,0,1,0,2026-03-23 10:33:23,,1
141,325,course-v1:DHQG-HCM+FM101+2025_S2,audit,1,27.0,29.0,,0.0,40.33,Chương 6: Chi phí giao dịch và thông tin bất cân xứng,Bài tập tình huống,Lựa chọn nghịch và Rủi ro đạo đức,42.74,40.33,73,181,2025-10-28 00:20:21,146,0.0,0,36,36,1644,1644,100.0,0,100.0,37,37,0,30550,30550,100.0,100.0,36,100.0,100.0,0,0,0,1,2,3,0,1,0.0,0.0,0.0,3.0,90.0,0,1,0,2026-03-23 10:33:23,,0
142,326,course-v1:DHQG-HCM+FM101+2025_S2,audit,1,27.0,91.0,Pass,1.0,100.0,"Bài kiểm tra 03: Các định chế tài chính trung gian (Chương 6,7)","Bài kiểm tra 03: Các định chế tài chính trung gian (Chương 6,7)","Bài kiểm tra 03: Các định chế tài chính trung gian (Chương 6,7)",99.15,100.0,181,181,2025-11-24 08:15:49,119,0.0,0,90,90,4058,4058,100.0,124410,100.0,91,91,0,70353,70353,100.0,100.0,90,100.0,100.0,0,0,0,0,0,0,0,0,0.0,0.0,0.0,0.0,90.0,0,1,0,2026-03-23 10:33:23,,1
143,327,course-v1:DHQG-HCM+FM101+2025_S2,audit,1,27.0,82.0,Pass,1.0,100.0,"Chương 11: Các yếu tố ảnh hưởng đến lãi suất, cấu trúc rủi ro và kỳ hạn của lãi suất",Cấu trúc rủi ro và cấu trúc kỳ hạn của lãi suất,Cấu trúc rủi ro và cấu trúc kỳ hạn của lãi suất (tiếp theo),99.15,100.0,181,181,2025-11-13 02:09:35,130,0.0,0,90,90,4058,4058,100.0,0,100.0,91,91,0,70353,70353,100.0,100.0,90,100.0,100.0,0,0,0,0,0,0,0,0,0.0,0.0,0.0,0.0,90.0,0,1,0,2026-03-23 10:33:23,,1
144,328,course-v1:DHQG-HCM+FM101+2025_S2,audit,1,26.0,79.0,Pass,1.0,90.61,Giới thiệu,Giới thiệu môn học,Giới thiệu,97.44,90.61,164,181,2025-12-01 17:40:09,112,0.0,0,79,36,2090,3630,59.48,164010,45.57,91,85,6,70351,67504,93.41,95.95,36,59.48,45.57,0,0,0,0,0,0,0,0,0.0,0.0,0.0,0.0,90.0,0,1,0,2026-03-23 10:33:23,,1
145,330,course-v1:DHQG-HCM+FM101+2025_S2,audit,1,27.0,85.0,Pass,1.0,100.0,Bài kiểm tra 05: Các vấn đề cơ bản về tỷ giá (Chương 12),Bài kiểm tra 05: Các vấn đề cơ bản về tỷ giá (Chương 12),Bài kiểm tra 05: Các vấn đề cơ bản về tỷ giá (Chương 12),100.0,100.0,181,181,2025-11-08 03:47:07,135,0.0,0,90,90,4058,4058,100.0,110248,100.0,91,91,0,70353,70353,100.0,100.0,90,100.0,100.0,0,0,0,0,0,0,0,0,0.0,0.0,0.0,0.0,90.0,0,1,0,2026-03-23 10:33:23,,1
146,331,course-v1:DHQG-HCM+FM101+2025_S2,audit,1,26.0,83.0,Pass,1.0,100.0,Tổng kết môn học,Tổng kết môn học,Tổng kết môn học,99.15,100.0,181,181,2025-11-12 15:48:09,131,0.0,0,90,90,4058,4058,100.0,113948,100.0,91,91,0,70353,70353,100.0,100.0,90,100.0,100.0,0,0,0,0,0,0,0,0,0.0,0.0,0.0,0.0,90.0,0,1,0,2026-03-23 10:33:23,,1
147,332,course-v1:DHQG-HCM+FM101+2025_S2,audit,1,27.0,29.0,,0.0,18.78,"Bài kiểm tra 02: Tổng quan về hệ thống tài chính (Chương 3, 4, 5)","Bài kiểm tra 02: Tổng quan về hệ thống tài chính (Chương 3, 4, 5)","Bài kiểm tra 02: Tổng quan về hệ thống tài chính (Chương 3, 4, 5)",32.48,18.78,34,181,2025-11-22 04:36:59,121,0.0,0,17,17,722,722,100.0,0,100.0,17,17,0,14373,14373,100.0,100.0,17,100.0,100.0,0,0,0,0,20,20,0,0,0.0,0.0,0.0,20.0,90.0,0,1,0,2026-03-23 10:33:23,,0
148,333,course-v1:DHQG-HCM+FM101+2025_S2,audit,1,27.0,81.0,Pass,1.0,100.0,Bài kiểm tra 05: Các vấn đề cơ bản về tỷ giá (Chương 12),Bài kiểm tra 05: Các vấn đề cơ bản về tỷ giá (Chương 12),Bài kiểm tra 05: Các vấn đề cơ bản về tỷ giá (Chương 12),99.15,100.0,181,181,2025-10-10 10:19:27,164,0.0,0,90,90,4058,4058,100.0,0,100.0,91,91,0,70353,70353,100.0,100.0,90,100.0,100.0,0,0,0,0,12,12,0,0,0.0,0.0,0.0,12.0,90.0,0,1,0,2026-03-23 10:33:23,,1
149,334,course-v1:DHQG-HCM+FM101+2025_S2,audit,1,27.0,86.0,Pass,1.0,100.0,"Bài kiểm tra 04_Các vấn đề cơ bản về lãi suất (Chương 8,9,10,11)","Bài kiểm tra 04_Các vấn đề cơ bản về lãi suất (Chương 8,9,10,11)","Bài kiểm tra 04_Các vấn đề cơ bản về lãi suất (Chương 8,9,10,11)",99.15,100.0,181,181,2025-09-24 05:39:14,180,0.0,0,90,90,4058,4058,100.0,0,100.0,91,91,0,70353,70353,100.0,100.0,90,100.0,100.0,0,0,0,0,0,0,0,0,0.0,0.0,0.0,0.0,90.0,0,1,0,2026-03-23 10:33:23,,1
150,336,course-v1:DHQG-HCM+FM101+2025_S2,audit,1,27.0,78.0,Pass,1.0,20.99,Bài kiểm tra 05: Các vấn đề cơ bản về tỷ giá (Chương 12),Bài kiểm tra 05: Các vấn đề cơ bản về tỷ giá (Chương 12),Bài kiểm tra 05: Các vấn đề cơ bản về tỷ giá (Chương 12),25.64,20.99,38,181,2025-11-04 11:45:21,139,0.0,0,19,19,910,910,100.0,0,100.0,19,19,0,15627,15627,100.0,100.0,19,100.0,100.0,0,0,0,0,4,4,0,0,0.0,0.0,0.0,4.0,90.0,0,1,0,2026-03-23 10:33:23,,1
151,337,course-v1:DHQG-HCM+FM101+2025_S2,audit,1,27.0,82.0,Pass,1.0,7.73,Bài kiểm tra 05: Các vấn đề cơ bản về tỷ giá (Chương 12),Bài kiểm tra 05: Các vấn đề cơ bản về tỷ giá (Chương 12),Bài kiểm tra 05: Các vấn đề cơ bản về tỷ giá (Chương 12),10.26,7.73,14,181,2025-10-23 10:08:22,151,0.0,0,7,7,274,274,100.0,0,100.0,7,7,0,5903,5903,100.0,100.0,7,100.0,100.0,0,0,0,0,0,0,0,0,0.0,0.0,0.0,0.0,90.0,0,1,0,2026-03-23 10:33:23,,1
152,338,course-v1:DHQG-HCM+FM101+2025_S2,audit,1,26.0,76.0,Pass,1.0,86.74,"Bài kiểm tra 04_Các vấn đề cơ bản về lãi suất (Chương 8,9,10,11)","Bài kiểm tra 04_Các vấn đề cơ bản về lãi suất (Chương 8,9,10,11)","Bài kiểm tra 04_Các vấn đề cơ bản về lãi suất (Chương 8,9,10,11)",85.47,86.74,157,181,2025-11-25 15:20:53,118,0.0,0,78,78,3502,3502,100.0,0,100.0,79,79,0,61650,61650,100.0,100.0,78,100.0,100.0,0,0,0,0,0,0,0,0,0.0,0.0,0.0,0.0,90.0,0,1,0,2026-03-23 10:33:23,,1
153,340,course-v1:DHQG-HCM+FM101+2025_S2,audit,1,27.0,85.0,Pass,1.0,99.45,Tổng kết môn học,Tổng kết môn học,Tổng kết môn học,99.15,99.45,180,181,2025-11-26 18:44:26,117,0.0,0,89,43,2332,4006,61.19,148058,48.31,91,91,0,70352,70110,100.0,99.66,43,61.19,48.31,0,0,0,0,0,0,0,0,0.0,0.0,0.0,0.0,90.0,0,1,0,2026-03-23 10:33:23,,1
154,342,course-v1:DHQG-HCM+FM101+2025_S2,audit,1,27.0,56.0,Pass,1.0,39.23,"Bài kiểm tra 03: Các định chế tài chính trung gian (Chương 6,7)","Bài kiểm tra 03: Các định chế tài chính trung gian (Chương 6,7)","Bài kiểm tra 03: Các định chế tài chính trung gian (Chương 6,7)",42.74,39.23,71,181,2025-11-05 14:10:55,138,0.0,0,35,35,1614,1614,100.0,0,100.0,36,36,0,29912,29912,100.0,100.0,35,100.0,100.0,0,0,0,0,0,0,0,0,0.0,0.0,0.0,0.0,90.0,0,1,0,2026-03-23 10:33:23,,1
155,344,course-v1:DHQG-HCM+FM101+2025_S2,audit,1,27.0,80.0,Pass,1.0,67.96,Bài kiểm tra 05: Các vấn đề cơ bản về tỷ giá (Chương 12),Bài kiểm tra 05: Các vấn đề cơ bản về tỷ giá (Chương 12),Bài kiểm tra 05: Các vấn đề cơ bản về tỷ giá (Chương 12),70.94,67.96,123,181,2025-11-20 08:59:29,123,0.0,0,61,61,2840,2840,100.0,0,100.0,62,62,0,49361,49361,100.0,100.0,61,100.0,100.0,0,0,0,0,0,0,0,0,0.0,0.0,0.0,0.0,90.0,0,1,0,2026-03-23 10:33:23,,1
156,345,course-v1:DHQG-HCM+FM101+2025_S2,audit,1,27.0,84.0,Pass,1.0,96.69,Bài kiểm tra 05: Các vấn đề cơ bản về tỷ giá (Chương 12),Bài kiểm tra 05: Các vấn đề cơ bản về tỷ giá (Chương 12),Bài kiểm tra 05: Các vấn đề cơ bản về tỷ giá (Chương 12),95.73,96.69,175,181,2025-11-17 11:02:37,126,0.0,0,87,87,3912,3912,100.0,18220,100.0,88,88,0,68347,68347,100.0,100.0,87,100.0,100.0,0,0,0,0,24,24,0,0,0.0,0.0,0.0,24.0,90.0,0,1,0,2026-03-23 10:33:23,,1
157,347,course-v1:DHQG-HCM+FM101+2025_S2,audit,1,27.0,89.0,Pass,1.0,100.0,Giới thiệu,Đề cương MOOCS_Nguyên lý thị trường tài chính,Đề cương MOOCS_Nguyên lý thị trường tài chính,99.15,100.0,181,181,2025-11-06 00:24:12,137,0.0,0,90,90,4058,4058,100.0,72440,100.0,91,91,0,70353,70353,100.0,100.0,90,100.0,100.0,0,0,0,0,0,0,0,0,0.0,0.0,0.0,0.0,90.0,0,1,0,2026-03-23 10:33:23,,1
158,350,course-v1:DHQG-HCM+FM101+2025_S2,audit,1,27.0,86.0,Pass,1.0,100.0,Chương 12: Một số vấn đề cơ bản về tỷ giá,Slide bài giảng tóm tắt chương 12,Slide bài giảng tóm tắt chương 12,99.15,100.0,181,181,2025-11-06 01:00:30,137,0.0,0,90,90,4058,4058,100.0,269964,100.0,91,91,0,70353,70353,100.0,100.0,90,100.0,100.0,0,0,0,0,0,0,0,0,0.0,0.0,0.0,0.0,90.0,0,1,0,2026-03-23 10:33:23,,1
159,352,course-v1:DHQG-HCM+FM101+2025_S2,audit,1,27.0,92.0,Pass,1.0,14.36,Bài kiểm tra 05: Các vấn đề cơ bản về tỷ giá (Chương 12),Bài kiểm tra 05: Các vấn đề cơ bản về tỷ giá (Chương 12),Bài kiểm tra 05: Các vấn đề cơ bản về tỷ giá (Chương 12),27.35,14.36,26,181,2025-11-23 03:50:50,120,0.0,0,13,13,592,592,100.0,0,100.0,13,13,0,10676,10676,100.0,100.0,13,100.0,100.0,0,0,0,0,8,8,0,0,0.0,0.0,0.0,8.0,90.0,0,1,0,2026-03-23 10:33:23,,1
160,353,course-v1:DHQG-HCM+FM101+2025_S2,audit,1,27.0,30.0,,0.0,14.36,"Bài kiểm tra 04_Các vấn đề cơ bản về lãi suất (Chương 8,9,10,11)","Bài kiểm tra 04_Các vấn đề cơ bản về lãi suất (Chương 8,9,10,11)","Bài kiểm tra 04_Các vấn đề cơ bản về lãi suất (Chương 8,9,10,11)",17.09,14.36,26,181,2025-11-24 15:30:43,119,0.0,0,13,13,552,552,100.0,0,100.0,13,13,0,10949,10949,100.0,100.0,13,100.0,100.0,0,0,0,2,0,2,0,0,0.0,0.0,0.0,2.0,90.0,0,1,0,2026-03-23 10:33:23,,0
161,356,course-v1:DHQG-HCM+FM101+2025_S2,audit,1,27.0,85.0,Pass,1.0,40.33,Bài kiểm tra 05: Các vấn đề cơ bản về tỷ giá (Chương 12),Bài kiểm tra 05: Các vấn đề cơ bản về tỷ giá (Chương 12),Bài kiểm tra 05: Các vấn đề cơ bản về tỷ giá (Chương 12),51.28,40.33,73,181,2025-10-28 08:25:47,146,0.0,0,36,36,1644,1644,100.0,0,100.0,37,37,0,30815,30815,100.0,100.0,36,100.0,100.0,0,0,0,0,3,3,0,0,0.0,0.0,0.0,3.0,90.0,0,1,0,2026-03-23 10:33:23,,1
162,357,course-v1:DHQG-HCM+FM101+2025_S2,audit,1,27.0,73.0,Pass,1.0,100.0,Chương 5: Các công cụ thị trường tài chính,Slide bài giảng tóm tắt chương 5,Bài đọc mở rộng chương 5,99.15,100.0,181,181,2025-11-23 20:54:44,120,0.0,0,90,90,4058,4058,100.0,33200,100.0,91,91,0,70353,70353,100.0,100.0,90,100.0,100.0,0,0,0,0,0,0,0,0,0.0,0.0,0.0,0.0,90.0,0,1,0,2026-03-23 10:33:23,,1
163,359,course-v1:DHQG-HCM+FM101+2025_S2,audit,1,27.0,81.0,Pass,1.0,84.53,Tổng kết môn học,Tổng kết môn học,Tổng kết môn học,88.89,84.53,153,181,2025-11-26 10:52:22,117,0.0,0,76,65,3124,3540,89.31,108212,85.53,77,77,0,60232,60173,100.0,99.9,65,89.31,85.53,0,0,0,0,0,0,0,0,0.0,0.0,0.0,0.0,90.0,0,1,0,2026-03-23 10:33:23,,1
164,360,course-v1:DHQG-HCM+FM101+2025_S2,audit,1,27.0,53.0,Pass,1.0,71.27,Chương 9: Đo lường lãi suất,Đo lường lãi suất_Lợi suất đáo hạn,Vay hoàn trả cố định,69.23,71.27,129,181,2025-11-11 16:31:09,132,0.0,0,64,64,2994,2994,100.0,0,100.0,65,65,0,51288,51288,100.0,100.0,64,100.0,100.0,0,0,0,0,5,5,0,0,0.0,0.0,0.0,5.0,90.0,0,1,0,2026-03-23 10:33:23,,1
165,362,course-v1:DHQG-HCM+FM101+2025_S2,audit,1,27.0,0.0,,0.0,7.73,Chương 1: Đại cương về tiền tệ,Phương thức thanh toán,Phương thức thanh toán,9.4,7.73,14,181,2025-09-11 06:09:21,193,0.0,0,7,7,234,234,100.0,0,100.0,7,7,0,5992,5992,100.0,100.0,7,100.0,100.0,0,0,0,75,0,75,0,2,0.0,0.0,0.0,75.0,90.0,0,1,0,2026-03-23 10:33:23,,0
166,363,course-v1:DHQG-HCM+FM101+2025_S2,audit,1,27.0,30.0,,0.0,60.22,Chương 7: Các định chế tài chính trung gian,Slide bài giảng tóm tắt chương 7,Bài đọc mở rộng Chương 7,64.96,60.22,109,181,2025-10-07 13:19:21,167,0.0,0,54,54,2466,2466,100.0,0,100.0,55,55,0,44334,44334,100.0,100.0,54,100.0,100.0,0,0,0,0,0,0,0,0,0.0,0.0,0.0,0.0,90.0,0,1,0,2026-03-23 10:33:23,,0
167,364,course-v1:DHQG-HCM+FM101+2025_S2,audit,1,27.0,89.0,Pass,1.0,100.0,Tổng kết môn học,Tổng kết môn học,Tổng kết môn học,99.15,100.0,181,181,2025-11-04 15:17:50,139,0.0,0,90,90,4058,4058,100.0,115486,100.0,91,91,0,70353,70353,100.0,100.0,90,100.0,100.0,0,0,0,0,0,0,0,0,0.0,0.0,0.0,0.0,90.0,0,1,0,2026-03-23 10:33:23,,1
168,365,course-v1:DHQG-HCM+FM101+2025_S2,audit,1,26.0,76.0,Pass,1.0,61.33,Chương 12: Một số vấn đề cơ bản về tỷ giá,Các nhân tố tác động đến tỉ giá,dài hạn,65.81,61.33,111,181,2025-11-25 08:20:53,118,0.0,0,55,55,2474,2474,100.0,0,100.0,56,56,0,44995,44995,100.0,100.0,55,100.0,100.0,0,0,0,1,6,7,0,1,0.0,0.0,0.0,7.0,90.0,0,1,0,2026-03-23 10:33:23,,1
169,366,course-v1:DHQG-HCM+FM101+2025_S2,audit,1,26.0,83.0,Pass,1.0,100.0,Bài kiểm tra 05: Các vấn đề cơ bản về tỷ giá (Chương 12),Bài kiểm tra 05: Các vấn đề cơ bản về tỷ giá (Chương 12),Bài kiểm tra 05: Các vấn đề cơ bản về tỷ giá (Chương 12),99.15,100.0,181,181,2025-11-16 14:39:14,127,0.0,0,90,90,4058,4058,100.0,87826,100.0,91,91,0,70353,70353,100.0,100.0,90,100.0,100.0,0,0,0,0,0,0,0,0,0.0,0.0,0.0,0.0,90.0,0,1,0,2026-03-23 10:33:23,,1
170,367,course-v1:DHQG-HCM+FM101+2025_S2,audit,1,27.0,95.0,Pass,1.0,100.0,"Bài kiểm tra 02: Tổng quan về hệ thống tài chính (Chương 3, 4, 5)","Bài kiểm tra 02: Tổng quan về hệ thống tài chính (Chương 3, 4, 5)","Bài kiểm tra 02: Tổng quan về hệ thống tài chính (Chương 3, 4, 5)",99.15,100.0,181,181,2025-11-17 15:31:15,126,0.0,0,90,90,4058,4058,100.0,0,100.0,91,91,0,70353,70353,100.0,100.0,90,100.0,100.0,0,0,0,0,0,0,0,0,0.0,0.0,0.0,0.0,90.0,0,1,0,2026-03-23 10:33:23,,1
171,368,course-v1:DHQG-HCM+FM101+2025_S2,audit,1,27.0,83.0,Pass,1.0,100.0,Bài kiểm tra 05: Các vấn đề cơ bản về tỷ giá (Chương 12),Bài kiểm tra 05: Các vấn đề cơ bản về tỷ giá (Chương 12),Bài kiểm tra 05: Các vấn đề cơ bản về tỷ giá (Chương 12),99.15,100.0,181,181,2025-11-15 09:05:05,128,0.0,0,90,90,4058,4058,100.0,0,100.0,91,91,0,70353,70353,100.0,100.0,90,100.0,100.0,0,0,0,0,0,0,0,0,0.0,0.0,0.0,0.0,90.0,0,1,0,2026-03-23 10:33:23,,1
172,369,course-v1:DHQG-HCM+FM101+2025_S2,audit,1,27.0,28.0,,0.0,4.42,"Bài kiểm tra 02: Tổng quan về hệ thống tài chính (Chương 3, 4, 5)","Bài kiểm tra 02: Tổng quan về hệ thống tài chính (Chương 3, 4, 5)","Bài kiểm tra 02: Tổng quan về hệ thống tài chính (Chương 3, 4, 5)",7.69,4.42,8,181,2025-11-03 15:39:11,140,0.0,0,4,4,92,92,100.0,0,100.0,4,4,0,3675,3675,100.0,100.0,4,100.0,100.0,0,0,0,0,0,0,0,0,0.0,0.0,0.0,0.0,90.0,0,1,0,2026-03-23 10:33:23,,0
173,370,course-v1:DHQG-HCM+FM101+2025_S2,audit,1,27.0,64.0,Pass,1.0,59.12,Tổng kết môn học,Tổng kết môn học,Tổng kết môn học,61.54,59.12,107,181,2025-11-24 13:20:43,119,0.0,0,53,53,2444,2444,100.0,0,100.0,54,54,0,43491,43491,100.0,100.0,53,100.0,100.0,0,0,0,2,5,7,0,0,0.0,0.0,0.0,7.0,90.0,0,1,0,2026-03-23 10:33:23,,1
174,371,course-v1:DHQG-HCM+FM101+2025_S2,audit,1,26.0,85.0,Pass,1.0,100.0,Tổng kết môn học,Tổng kết môn học,Tổng kết môn học,99.15,100.0,181,181,2025-10-29 19:03:32,145,0.0,0,90,90,4058,4058,100.0,0,100.0,91,91,0,70353,70353,100.0,100.0,90,100.0,100.0,0,0,0,0,0,0,0,0,0.0,0.0,0.0,0.0,90.0,0,1,0,2026-03-23 10:33:23,,1
175,373,course-v1:DHQG-HCM+FM101+2025_S2,audit,1,26.0,92.0,Pass,1.0,100.0,Chương 6: Chi phí giao dịch và thông tin bất cân xứng,Slide bài giảng tóm tắt chương 6,Bài đọc mở rộng Chương 6,99.15,100.0,181,181,2025-11-23 07:08:07,120,0.0,0,90,90,4058,4058,100.0,0,100.0,91,91,0,70353,70353,100.0,100.0,90,100.0,100.0,0,0,0,0,0,0,0,0,0.0,0.0,0.0,0.0,90.0,0,1,0,2026-03-23 10:33:23,,1
176,374,course-v1:DHQG-HCM+FM101+2025_S2,audit,1,26.0,84.0,Pass,1.0,100.0,Tổng kết môn học,Tổng kết môn học,Tổng kết môn học,99.15,100.0,181,181,2025-10-29 13:49:49,145,0.0,0,90,90,4058,4058,100.0,0,100.0,91,91,0,70353,70353,100.0,100.0,90,100.0,100.0,0,0,0,0,0,0,0,0,0.0,0.0,0.0,0.0,90.0,0,1,0,2026-03-23 10:33:23,,1
177,376,course-v1:DHQG-HCM+FM101+2025_S2,audit,1,24.0,9.0,,0.0,29.83,Chương 10: Lý thuyết lượng cầu tài sản,Thanh khoản và tóm tắt lý thuyết lượng cầu tài sản,Thanh khoản và tóm tắt lý thuyết lượng cầu tài sản,35.9,29.83,54,181,2025-11-25 08:17:47,118,0.0,0,27,27,1140,1140,100.0,9540,100.0,28,27,1,22879,22319,96.43,97.55,27,100.0,100.0,0,0,0,0,0,0,0,0,0.0,0.0,0.0,0.0,90.0,0,1,0,2026-03-23 10:33:23,,0
178,377,course-v1:DHQG-HCM+FM101+2025_S2,audit,1,26.0,84.0,Pass,1.0,100.0,Chương 12: Một số vấn đề cơ bản về tỷ giá,Các nhân tố tác động đến tỉ giá,dài hạn,99.15,100.0,181,181,2025-11-13 18:43:02,130,0.0,0,90,90,4058,4058,100.0,129848,100.0,91,91,0,70353,70353,100.0,100.0,90,100.0,100.0,0,0,0,0,0,0,0,0,0.0,0.0,0.0,0.0,90.0,0,1,0,2026-03-23 10:33:23,,1
179,378,course-v1:DHQG-HCM+FM101+2025_S2,audit,1,27.0,85.0,Pass,1.0,22.65,Bài kiểm tra 05: Các vấn đề cơ bản về tỷ giá (Chương 12),Bài kiểm tra 05: Các vấn đề cơ bản về tỷ giá (Chương 12),Bài kiểm tra 05: Các vấn đề cơ bản về tỷ giá (Chương 12),33.33,22.65,41,181,2025-11-15 07:18:06,128,0.0,0,20,20,844,844,100.0,0,100.0,21,21,0,17735,17735,100.0,100.0,20,100.0,100.0,0,0,0,0,25,25,0,0,0.0,0.0,0.0,25.0,90.0,0,1,0,2026-03-23 10:33:23,,1
180,379,course-v1:DHQG-HCM+FM101+2025_S2,audit,1,26.0,47.0,,0.0,98.9,Chương 12: Một số vấn đề cơ bản về tỷ giá,Chế độ tỷ giá và chính sách tỷ giá,Chế độ tỷ giá và chính sách tỷ giá,95.73,98.9,179,181,2025-11-22 19:20:29,121,0.0,0,89,89,4008,4008,100.0,40252,100.0,90,90,0,69606,69606,100.0,100.0,89,100.0,100.0,0,0,0,0,0,0,0,0,0.0,0.0,0.0,0.0,90.0,0,1,0,2026-03-23 10:33:23,,0
181,380,course-v1:DHQG-HCM+FM101+2025_S2,audit,1,27.0,93.0,Pass,1.0,99.45,"Chương 11: Các yếu tố ảnh hưởng đến lãi suất, cấu trúc rủi ro và kỳ hạn của lãi suất",Lý thuyết khuôn mẫu ưa thích tính thanh khoản,Lý thuyết khuôn mẫu ưa thích tính thanh khoản (tiếp theo),99.15,99.45,180,181,2025-11-25 18:46:15,118,0.0,0,89,89,4028,4028,100.0,55192,100.0,91,91,0,70353,70352,100.0,100.0,89,100.0,100.0,0,0,0,0,0,0,0,0,0.0,0.0,0.0,0.0,90.0,0,1,0,2026-03-23 10:33:23,,1
182,381,course-v1:DHQG-HCM+FM101+2025_S2,audit,1,27.0,0.0,,0.0,1.1,Chương 10: Lý thuyết lượng cầu tài sản,Slide bài giảng tóm tắt chương 10,Slide bài giảng tóm tắt chương 10,1.71,1.1,2,181,2025-12-11 23:45:06,102,0.0,0,1,1,10,10,100.0,0,100.0,1,1,0,914,914,100.0,100.0,1,100.0,100.0,0,0,0,0,2,2,0,0,0.0,0.0,0.0,2.0,90.0,0,1,0,2026-03-23 10:33:23,,0
183,382,course-v1:DHQG-HCM+FM101+2025_S2,audit,1,26.0,87.0,Pass,1.0,70.17,Chương 12: Một số vấn đề cơ bản về tỷ giá,Slide bài giảng tóm tắt chương 12,Slide bài giảng tóm tắt chương 12,99.15,70.17,127,181,2025-11-25 18:15:18,118,0.0,0,63,63,2960,2960,100.0,0,100.0,64,64,0,50724,50724,100.0,100.0,63,100.0,100.0,0,0,0,0,1,1,0,0,0.0,0.0,0.0,1.0,90.0,0,1,0,2026-03-23 10:33:23,,1
184,383,course-v1:DHQG-HCM+FM101+2025_S2,audit,1,27.0,68.0,Pass,1.0,1.1,Bài kiểm tra 05: Các vấn đề cơ bản về tỷ giá (Chương 12),Bài kiểm tra 05: Các vấn đề cơ bản về tỷ giá (Chương 12),Bài kiểm tra 05: Các vấn đề cơ bản về tỷ giá (Chương 12),5.13,1.1,2,181,2025-11-25 12:42:05,118,0.0,0,1,1,54,54,100.0,0,100.0,1,1,0,910,910,100.0,100.0,1,100.0,100.0,0,0,0,0,0,0,0,0,0.0,0.0,0.0,0.0,90.0,0,1,0,2026-03-23 10:33:23,,1
185,384,course-v1:DHQG-HCM+FM101+2025_S2,audit,1,27.0,51.0,Pass,1.0,64.64,"Chương 11: Các yếu tố ảnh hưởng đến lãi suất, cấu trúc rủi ro và kỳ hạn của lãi suất",Lý thuyết khuôn mẫu tiền vay,Lý thuyết khuôn mẫu tiền vay (tiếp theo),67.52,64.64,117,181,2025-11-13 07:28:49,130,0.0,0,58,58,2652,2652,100.0,0,100.0,59,59,0,47607,47607,100.0,100.0,58,100.0,100.0,0,0,0,2,0,2,0,0,0.0,0.0,0.0,2.0,90.0,0,1,0,2026-03-23 10:33:23,,1
186,385,course-v1:DHQG-HCM+FM101+2025_S2,audit,1,27.0,90.0,Pass,1.0,100.0,Bài kiểm tra 05: Các vấn đề cơ bản về tỷ giá (Chương 12),Bài kiểm tra 05: Các vấn đề cơ bản về tỷ giá (Chương 12),Bài kiểm tra 05: Các vấn đề cơ bản về tỷ giá (Chương 12),99.15,100.0,181,181,2025-11-14 08:50:49,129,0.0,0,90,90,4058,4058,100.0,0,100.0,91,91,0,70353,70353,100.0,100.0,90,100.0,100.0,0,0,0,0,0,0,0,0,0.0,0.0,0.0,0.0,90.0,0,1,0,2026-03-23 10:33:23,,1
187,387,course-v1:DHQG-HCM+FM101+2025_S2,audit,1,27.0,93.0,Pass,1.0,93.37,"Chương 11: Các yếu tố ảnh hưởng đến lãi suất, cấu trúc rủi ro và kỳ hạn của lãi suất",Cấu trúc rủi ro và cấu trúc kỳ hạn của lãi suất,Cấu trúc rủi ro và cấu trúc kỳ hạn của lãi suất (tiếp theo),95.73,93.37,169,181,2025-12-02 14:34:42,111,0.0,0,84,78,3596,3778,94.91,65014,92.86,85,85,0,66318,66272,100.0,99.93,78,94.91,92.86,0,0,0,0,0,0,0,0,0.0,0.0,0.0,0.0,90.0,0,1,0,2026-03-23 10:33:23,,1
188,388,course-v1:DHQG-HCM+FM101+2025_S2,audit,1,27.0,0.0,,0.0,0.0,Chưa bắt đầu,N/A,N/A,0.0,0.0,0,0,,999,0.0,0,0,0,0,0,0.0,0,0.0,0,0,0,0,0,0.0,0.0,0,0.0,0.0,0,0,0,0,0,0,0,0,0.0,0.0,0.0,0.0,50.0,0,0,0,2026-03-23 10:33:23,,0
189,389,course-v1:DHQG-HCM+FM101+2025_S2,audit,1,27.0,83.0,Pass,1.0,100.0,Bài kiểm tra 05: Các vấn đề cơ bản về tỷ giá (Chương 12),Bài kiểm tra 05: Các vấn đề cơ bản về tỷ giá (Chương 12),Bài kiểm tra 05: Các vấn đề cơ bản về tỷ giá (Chương 12),99.15,100.0,181,181,2025-11-21 08:59:25,122,0.0,0,90,90,4058,4058,100.0,0,100.0,91,91,0,70353,70353,100.0,100.0,90,100.0,100.0,0,0,0,0,0,0,0,0,0.0,0.0,0.0,0.0,90.0,0,1,0,2026-03-23 10:33:23,,1
190,390,course-v1:DHQG-HCM+FM101+2025_S2,audit,1,27.0,55.0,Pass,1.0,32.6,"Bài kiểm tra 03: Các định chế tài chính trung gian (Chương 6,7)","Bài kiểm tra 03: Các định chế tài chính trung gian (Chương 6,7)","Bài kiểm tra 03: Các định chế tài chính trung gian (Chương 6,7)",42.74,32.6,59,181,2025-11-13 03:30:46,130,0.0,0,29,29,1322,1322,100.0,6900,100.0,30,30,0,25454,25454,100.0,100.0,29,100.0,100.0,0,0,0,1,6,7,0,1,0.0,0.0,0.0,7.0,90.0,0,1,0,2026-03-23 10:33:23,,1
191,391,course-v1:DHQG-HCM+FM101+2025_S2,audit,1,26.0,81.0,Pass,1.0,100.0,"Bài kiểm tra 04_Các vấn đề cơ bản về lãi suất (Chương 8,9,10,11)","Bài kiểm tra 04_Các vấn đề cơ bản về lãi suất (Chương 8,9,10,11)","Bài kiểm tra 04_Các vấn đề cơ bản về lãi suất (Chương 8,9,10,11)",99.15,100.0,181,181,2025-11-25 08:27:21,118,0.0,0,90,90,4058,4058,100.0,0,100.0,91,91,0,70353,70353,100.0,100.0,90,100.0,100.0,0,0,0,0,0,0,0,0,0.0,0.0,0.0,0.0,90.0,0,1,0,2026-03-23 10:33:23,,1
192,393,course-v1:DHQG-HCM+FM101+2025_S2,audit,1,27.0,7.0,,0.0,12.15,Chương 12: Một số vấn đề cơ bản về tỷ giá,Slide bài giảng tóm tắt chương 12,Slide bài giảng tóm tắt chương 12,22.22,12.15,22,181,2025-10-04 11:45:43,170,0.0,0,11,11,424,424,100.0,0,100.0,11,11,0,9291,9291,100.0,100.0,11,100.0,100.0,0,0,0,0,2,2,0,0,0.0,0.0,0.0,2.0,90.0,0,1,0,2026-03-23 10:33:23,,0
193,395,course-v1:DHQG-HCM+FM101+2025_S2,audit,1,27.0,52.0,Pass,1.0,69.06,Chương 9: Đo lường lãi suất,"Vay trả lãi định kỳ, trái phiếu trả lãi định kỳ","Vay trả lãi định kỳ, trái phiếu trả lãi định kỳ",71.79,69.06,125,181,2025-10-08 11:37:49,166,0.0,0,62,62,2914,2914,100.0,0,100.0,63,63,0,49976,49976,100.0,100.0,62,100.0,100.0,0,0,0,0,18,18,0,0,0.0,0.0,0.0,18.0,90.0,0,1,0,2026-03-23 10:33:23,,1
194,397,course-v1:DHQG-HCM+FM101+2025_S2,audit,1,27.0,29.0,,0.0,8.84,"Bài kiểm tra 02: Tổng quan về hệ thống tài chính (Chương 3, 4, 5)","Bài kiểm tra 02: Tổng quan về hệ thống tài chính (Chương 3, 4, 5)","Bài kiểm tra 02: Tổng quan về hệ thống tài chính (Chương 3, 4, 5)",12.82,8.84,16,181,2025-11-04 07:54:09,139,0.0,0,8,8,280,280,100.0,0,100.0,8,8,0,6953,6953,100.0,100.0,8,100.0,100.0,0,0,0,0,3,3,0,0,0.0,0.0,0.0,3.0,90.0,0,1,0,2026-03-23 10:33:23,,0
195,398,course-v1:DHQG-HCM+FM101+2025_S2,audit,1,27.0,88.0,Pass,1.0,14.36,Bài kiểm tra 05: Các vấn đề cơ bản về tỷ giá (Chương 12),Bài kiểm tra 05: Các vấn đề cơ bản về tỷ giá (Chương 12),Bài kiểm tra 05: Các vấn đề cơ bản về tỷ giá (Chương 12),21.37,14.36,26,181,2025-11-04 01:49:40,139,0.0,0,13,13,486,486,100.0,0,100.0,13,13,0,10852,10852,100.0,100.0,13,100.0,100.0,0,0,0,0,16,16,0,0,0.0,0.0,0.0,16.0,90.0,0,1,0,2026-03-23 10:33:23,,1
196,399,course-v1:DHQG-HCM+FM101+2025_S2,audit,1,27.0,83.0,Pass,1.0,30.39,Bài kiểm tra 05: Các vấn đề cơ bản về tỷ giá (Chương 12),Bài kiểm tra 05: Các vấn đề cơ bản về tỷ giá (Chương 12),Bài kiểm tra 05: Các vấn đề cơ bản về tỷ giá (Chương 12),35.9,30.39,55,181,2025-11-25 04:19:41,118,0.0,0,27,27,1226,1226,100.0,0,100.0,28,28,0,23902,23902,100.0,100.0,27,100.0,100.0,0,0,0,3,6,9,0,2,0.0,0.0,0.0,9.0,90.0,0,1,0,2026-03-23 10:33:23,,1
197,400,course-v1:DHQG-HCM+FM101+2025_S2,audit,1,27.0,82.0,Pass,1.0,100.0,Bài kiểm tra 05: Các vấn đề cơ bản về tỷ giá (Chương 12),Bài kiểm tra 05: Các vấn đề cơ bản về tỷ giá (Chương 12),Bài kiểm tra 05: Các vấn đề cơ bản về tỷ giá (Chương 12),99.15,100.0,181,181,2025-11-23 17:36:40,120,0.0,0,90,90,4058,4058,100.0,363260,100.0,91,91,0,70353,70353,100.0,100.0,90,100.0,100.0,0,0,0,0,0,0,0,0,0.0,0.0,0.0,0.0,90.0,0,1,0,2026-03-23 10:33:23,,1
198,401,course-v1:DHQG-HCM+FM101+2025_S2,audit,1,27.0,94.0,Pass,1.0,100.0,Chương 7: Các định chế tài chính trung gian,Slide bài giảng tóm tắt chương 7,Bài đọc mở rộng Chương 7,99.15,100.0,181,181,2025-11-23 09:01:27,120,0.0,0,90,90,4058,4058,100.0,1885390,100.0,91,91,0,70353,70353,100.0,100.0,90,100.0,100.0,0,0,0,0,0,0,0,0,0.0,0.0,0.0,0.0,90.0,0,1,0,2026-03-23 10:33:23,,1
199,402,course-v1:DHQG-HCM+FM101+2025_S2,audit,1,27.0,94.0,Pass,1.0,100.0,Chương 6: Chi phí giao dịch và thông tin bất cân xứng,Slide bài giảng tóm tắt chương 6,Bài đọc mở rộng Chương 6,99.15,100.0,181,181,2025-11-15 01:54:24,128,0.0,0,90,90,4058,4058,100.0,0,100.0,91,91,0,70353,70353,100.0,100.0,90,100.0,100.0,0,0,0,0,2,2,0,0,0.0,0.0,0.0,2.0,90.0,0,1,0,2026-03-23 10:33:23,,1
200,403,course-v1:DHQG-HCM+FM101+2025_S2,audit,1,27.0,29.0,,0.0,18.78,"Bài kiểm tra 02: Tổng quan về hệ thống tài chính (Chương 3, 4, 5)","Bài kiểm tra 02: Tổng quan về hệ thống tài chính (Chương 3, 4, 5)","Bài kiểm tra 02: Tổng quan về hệ thống tài chính (Chương 3, 4, 5)",29.06,18.78,34,181,2025-11-25 10:41:45,118,0.0,0,17,17,722,722,100.0,0,100.0,17,17,0,14373,14373,100.0,100.0,17,100.0,100.0,0,0,0,0,20,20,0,0,0.0,0.0,0.0,20.0,90.0,0,1,0,2026-03-23 10:33:23,,0
201,405,course-v1:DHQG-HCM+FM101+2025_S2,audit,1,27.0,88.0,Pass,1.0,100.0,Bài kiểm tra 05: Các vấn đề cơ bản về tỷ giá (Chương 12),Bài kiểm tra 05: Các vấn đề cơ bản về tỷ giá (Chương 12),Bài kiểm tra 05: Các vấn đề cơ bản về tỷ giá (Chương 12),99.15,100.0,181,181,2025-11-05 17:06:37,138,0.0,0,90,90,4058,4058,100.0,0,100.0,91,91,0,70353,70353,100.0,100.0,90,100.0,100.0,0,0,0,0,0,0,0,0,0.0,0.0,0.0,0.0,90.0,0,1,0,2026-03-23 10:33:23,,1
202,409,course-v1:DHQG-HCM+FM101+2025_S2,audit,1,26.0,82.0,Pass,1.0,100.0,Bài kiểm tra 05: Các vấn đề cơ bản về tỷ giá (Chương 12),Bài kiểm tra 05: Các vấn đề cơ bản về tỷ giá (Chương 12),Bài kiểm tra 05: Các vấn đề cơ bản về tỷ giá (Chương 12),99.15,100.0,181,181,2025-11-23 14:22:52,120,0.0,0,90,90,4058,4058,100.0,242160,100.0,91,91,0,70353,70353,100.0,100.0,90,100.0,100.0,0,0,0,0,0,0,0,0,0.0,0.0,0.0,0.0,90.0,0,1,0,2026-03-23 10:33:23,,1
203,410,course-v1:DHQG-HCM+FM101+2025_S2,audit,1,26.0,30.0,,0.0,34.81,Chương 5: Các công cụ thị trường tài chính,Giới thiệu về công cụ thị trường tiền tệ,Giới thiệu về công cụ thị trường tiền tệ,42.74,34.81,63,181,2025-11-11 07:52:53,132,0.0,0,31,31,1438,1438,100.0,0,100.0,32,32,0,26403,26403,100.0,100.0,31,100.0,100.0,0,0,0,0,0,0,0,0,0.0,0.0,0.0,0.0,90.0,0,1,0,2026-03-23 10:33:23,,0
204,414,course-v1:DHQG-HCM+FM101+2025_S2,audit,1,26.0,72.0,Pass,1.0,82.32,Chương 12: Một số vấn đề cơ bản về tỷ giá,Chế độ tỷ giá và chính sách tỷ giá,Chế độ tỷ giá và chính sách tỷ giá,97.44,82.32,149,181,2025-12-08 03:37:05,105,0.0,0,71,32,1718,3226,57.68,29860,45.07,86,78,8,66933,63437,90.7,94.78,32,57.68,45.07,0,0,0,0,0,0,0,0,0.0,0.0,0.0,0.0,90.0,0,1,0,2026-03-23 10:33:23,,1
205,415,course-v1:DHQG-HCM+FM101+2025_S2,audit,1,26.0,89.0,Pass,1.0,98.9,"Bài kiểm tra 04_Các vấn đề cơ bản về lãi suất (Chương 8,9,10,11)","Bài kiểm tra 04_Các vấn đề cơ bản về lãi suất (Chương 8,9,10,11)","Bài kiểm tra 04_Các vấn đề cơ bản về lãi suất (Chương 8,9,10,11)",99.15,98.9,179,181,2025-11-26 09:43:44,117,0.0,0,89,72,3452,4002,86.24,42450,80.9,91,90,1,70353,69971,98.9,99.46,72,86.24,80.9,0,0,0,0,0,0,0,0,0.0,0.0,0.0,0.0,90.0,0,1,0,2026-03-23 10:33:23,,1
206,416,course-v1:DHQG-HCM+FM101+2025_S2,audit,1,27.0,81.0,Pass,1.0,100.0,Bài kiểm tra 05: Các vấn đề cơ bản về tỷ giá (Chương 12),Bài kiểm tra 05: Các vấn đề cơ bản về tỷ giá (Chương 12),Bài kiểm tra 05: Các vấn đề cơ bản về tỷ giá (Chương 12),99.15,100.0,181,181,2025-11-05 15:11:30,138,0.0,0,90,90,4058,4058,100.0,339106,100.0,91,91,0,70353,70353,100.0,100.0,90,100.0,100.0,0,0,0,0,0,0,0,0,0.0,0.0,0.0,0.0,90.0,0,1,0,2026-03-23 10:33:23,,1
207,417,course-v1:DHQG-HCM+FM101+2025_S2,audit,1,27.0,82.0,Pass,1.0,100.0,"Bài kiểm tra 02: Tổng quan về hệ thống tài chính (Chương 3, 4, 5)","Bài kiểm tra 02: Tổng quan về hệ thống tài chính (Chương 3, 4, 5)","Bài kiểm tra 02: Tổng quan về hệ thống tài chính (Chương 3, 4, 5)",99.15,100.0,181,181,2025-11-19 15:49:39,124,0.0,0,90,90,4058,4058,100.0,16784,100.0,91,91,0,70353,70353,100.0,100.0,90,100.0,100.0,0,0,0,0,0,0,0,0,0.0,0.0,0.0,0.0,90.0,0,1,0,2026-03-23 10:33:23,,1
208,418,course-v1:DHQG-HCM+FM101+2025_S2,audit,1,27.0,90.0,Pass,1.0,100.0,Bài kiểm tra 05: Các vấn đề cơ bản về tỷ giá (Chương 12),Bài kiểm tra 05: Các vấn đề cơ bản về tỷ giá (Chương 12),Bài kiểm tra 05: Các vấn đề cơ bản về tỷ giá (Chương 12),99.15,100.0,181,181,2025-10-27 20:59:03,147,0.0,0,90,90,4058,4058,100.0,0,100.0,91,91,0,70353,70353,100.0,100.0,90,100.0,100.0,0,0,0,0,0,0,0,0,0.0,0.0,0.0,0.0,90.0,0,1,0,2026-03-23 10:33:23,,1
209,419,course-v1:DHQG-HCM+FM101+2025_S2,audit,1,27.0,84.0,Pass,1.0,100.0,Tổng kết môn học,Tổng kết môn học,Tổng kết môn học,99.15,100.0,181,181,2025-11-05 16:50:56,138,0.0,0,90,90,4058,4058,100.0,62548,100.0,91,91,0,70353,70353,100.0,100.0,90,100.0,100.0,0,0,0,0,0,0,0,0,0.0,0.0,0.0,0.0,90.0,0,1,0,2026-03-23 10:33:23,,1
210,420,course-v1:DHQG-HCM+FM101+2025_S2,audit,1,27.0,91.0,Pass,1.0,100.0,Tổng kết môn học,Tổng kết môn học,Tổng kết môn học,99.15,100.0,181,181,2025-11-01 14:47:15,142,0.0,0,90,90,4058,4058,100.0,25602,100.0,91,91,0,70353,70353,100.0,100.0,90,100.0,100.0,0,0,0,0,0,0,0,0,0.0,0.0,0.0,0.0,90.0,0,1,0,2026-03-23 10:33:23,,1
211,421,course-v1:DHQG-HCM+FM101+2025_S2,audit,1,27.0,87.0,Pass,1.0,100.0,Tổng kết môn học,Tổng kết môn học,Tổng kết môn học,99.15,100.0,181,181,2025-11-21 07:50:50,122,0.0,0,90,90,4058,4058,100.0,823528,100.0,91,91,0,70353,70353,100.0,100.0,90,100.0,100.0,0,0,0,0,0,0,0,0,0.0,0.0,0.0,0.0,90.0,0,1,0,2026-03-23 10:33:23,,1
212,422,course-v1:DHQG-HCM+FM101+2025_S2,audit,1,27.0,82.0,Pass,1.0,100.0,"Bài kiểm tra 04_Các vấn đề cơ bản về lãi suất (Chương 8,9,10,11)","Bài kiểm tra 04_Các vấn đề cơ bản về lãi suất (Chương 8,9,10,11)","Bài kiểm tra 04_Các vấn đề cơ bản về lãi suất (Chương 8,9,10,11)",99.15,100.0,181,181,2025-11-05 16:33:32,138,0.0,0,90,90,4058,4058,100.0,0,100.0,91,91,0,70353,70353,100.0,100.0,90,100.0,100.0,0,0,0,0,0,0,0,0,0.0,0.0,0.0,0.0,90.0,0,1,0,2026-03-23 10:33:23,,1
213,423,course-v1:DHQG-HCM+FM101+2025_S2,audit,1,27.0,84.0,Pass,1.0,100.0,Tổng kết môn học,Tổng kết môn học,Tổng kết môn học,99.15,100.0,181,181,2025-11-03 17:31:13,140,0.0,0,90,90,4058,4058,100.0,131358,100.0,91,91,0,70353,70353,100.0,100.0,90,100.0,100.0,0,0,0,0,0,0,0,0,0.0,0.0,0.0,0.0,90.0,0,1,0,2026-03-23 10:33:23,,1
214,424,course-v1:DHQG-HCM+FM101+2025_S2,audit,1,27.0,93.0,Pass,1.0,100.0,Giới thiệu,Giới thiệu môn học,Giới thiệu,99.15,100.0,181,181,2025-11-21 07:22:49,122,0.0,0,90,90,4058,4058,100.0,135372,100.0,91,91,0,70353,70353,100.0,100.0,90,100.0,100.0,0,0,0,0,0,0,0,0,0.0,0.0,0.0,0.0,90.0,0,1,0,2026-03-23 10:33:23,,1
215,425,course-v1:DHQG-HCM+FM101+2025_S2,audit,1,27.0,88.0,Pass,1.0,98.9,Chương 12: Một số vấn đề cơ bản về tỷ giá,Slide bài giảng tóm tắt chương 12,Slide bài giảng tóm tắt chương 12,99.15,98.9,179,181,2025-11-26 08:16:56,117,0.0,0,89,38,2204,3998,57.67,97856,42.7,90,90,0,69421,69394,100.0,99.96,38,57.67,42.7,0,0,0,0,0,0,0,0,0.0,0.0,0.0,0.0,90.0,0,1,0,2026-03-23 10:33:23,,1
216,426,course-v1:DHQG-HCM+FM101+2025_S2,audit,1,27.0,80.0,Pass,1.0,100.0,Bài kiểm tra 05: Các vấn đề cơ bản về tỷ giá (Chương 12),Bài kiểm tra 05: Các vấn đề cơ bản về tỷ giá (Chương 12),Bài kiểm tra 05: Các vấn đề cơ bản về tỷ giá (Chương 12),99.15,100.0,181,181,2025-11-19 20:17:59,124,0.0,0,90,90,4058,4058,100.0,130978,100.0,91,91,0,70353,70353,100.0,100.0,90,100.0,100.0,0,0,0,0,0,0,0,0,0.0,0.0,0.0,0.0,90.0,0,1,0,2026-03-23 10:33:23,,1
217,427,course-v1:DHQG-HCM+FM101+2025_S2,audit,1,27.0,87.0,Pass,1.0,82.32,Chương 7: Các định chế tài chính trung gian,Trung gian tài chính Fintech,Trung gian tài chính Fintech,93.16,82.32,149,181,2025-12-12 05:00:36,101,0.0,0,74,74,3314,3314,100.0,0,100.0,75,75,0,58744,58744,100.0,100.0,74,100.0,100.0,0,0,0,0,0,0,0,0,0.0,0.0,0.0,0.0,90.0,0,1,0,2026-03-23 10:33:23,,1
218,428,course-v1:DHQG-HCM+FM101+2025_S2,audit,1,27.0,53.0,Pass,1.0,43.65,"Chương 11: Các yếu tố ảnh hưởng đến lãi suất, cấu trúc rủi ro và kỳ hạn của lãi suất",Slide bài giảng tóm tắt chương 11,Slide bài giảng tóm tắt chương 11,45.3,43.65,79,181,2025-11-25 11:20:48,118,0.0,0,39,39,1776,1776,100.0,0,100.0,40,40,0,31259,31259,100.0,100.0,39,100.0,100.0,0,0,0,0,0,0,0,0,0.0,0.0,0.0,0.0,90.0,0,1,0,2026-03-23 10:33:23,,1
219,429,course-v1:DHQG-HCM+FM101+2025_S2,audit,1,27.0,79.0,Pass,1.0,100.0,Tổng kết môn học,Tổng kết môn học,Tổng kết môn học,99.15,100.0,181,181,2025-11-05 13:04:29,138,0.0,0,90,90,4058,4058,100.0,0,100.0,91,91,0,70353,70353,100.0,100.0,90,100.0,100.0,0,0,0,0,0,0,0,0,0.0,0.0,0.0,0.0,90.0,0,1,0,2026-03-23 10:33:23,,1
220,430,course-v1:DHQG-HCM+FM101+2025_S2,audit,1,27.0,88.0,Pass,1.0,100.0,Bài kiểm tra 05: Các vấn đề cơ bản về tỷ giá (Chương 12),Bài kiểm tra 05: Các vấn đề cơ bản về tỷ giá (Chương 12),Bài kiểm tra 05: Các vấn đề cơ bản về tỷ giá (Chương 12),99.15,100.0,181,181,2025-11-05 15:07:30,138,0.0,0,90,90,4058,4058,100.0,177728,100.0,91,91,0,70353,70353,100.0,100.0,90,100.0,100.0,0,0,0,0,0,0,0,0,0.0,0.0,0.0,0.0,90.0,0,1,0,2026-03-23 10:33:23,,1
221,431,course-v1:DHQG-HCM+FM101+2025_S2,audit,1,27.0,84.0,Pass,1.0,100.0,Tổng kết môn học,Tổng kết môn học,Tổng kết môn học,99.15,100.0,181,181,2025-11-25 15:13:12,118,0.0,0,90,89,4020,4058,99.16,47662,98.89,91,91,0,70353,70350,100.0,100.0,89,99.16,98.89,0,0,0,0,0,0,0,0,0.0,0.0,0.0,0.0,90.0,0,1,0,2026-03-23 10:33:23,,1
222,432,course-v1:DHQG-HCM+FM101+2025_S2,audit,1,27.0,79.0,Pass,1.0,100.0,Bài kiểm tra 05: Các vấn đề cơ bản về tỷ giá (Chương 12),Bài kiểm tra 05: Các vấn đề cơ bản về tỷ giá (Chương 12),Bài kiểm tra 05: Các vấn đề cơ bản về tỷ giá (Chương 12),99.15,100.0,181,181,2025-11-19 05:52:22,124,0.0,0,90,90,4058,4058,100.0,102434,100.0,91,91,0,70353,70353,100.0,100.0,90,100.0,100.0,0,0,0,0,10,10,0,0,0.0,0.0,0.0,10.0,90.0,0,1,0,2026-03-23 10:33:23,,1
223,433,course-v1:DHQG-HCM+FM101+2025_S2,audit,1,27.0,82.0,Pass,1.0,97.79,Chương 7: Các định chế tài chính trung gian,Slide bài giảng tóm tắt chương 7,Bài đọc mở rộng Chương 7,99.15,97.79,177,181,2025-11-26 01:23:50,117,0.0,0,88,53,2686,3966,69.77,111398,60.23,91,89,2,70352,69944,97.8,99.42,53,69.77,60.23,0,0,0,0,10,10,0,0,0.0,0.0,0.0,10.0,90.0,0,1,0,2026-03-23 10:33:23,,1
224,434,course-v1:DHQG-HCM+FM101+2025_S2,audit,1,27.0,0.0,,0.0,0.0,Giới thiệu,Tổng quan khóa học,Tổng quan khóa học,0.85,0.0,0,0,2025-09-11 01:17:21,193,0.0,0,0,0,0,0,0.0,0,0.0,0,0,0,0,0,0.0,0.0,0,0.0,0.0,0,0,0,0,0,0,0,0,0.0,0.0,0.0,0.0,50.0,0,0,0,2026-03-23 10:33:23,,0
225,435,course-v1:DHQG-HCM+FM101+2025_S2,audit,1,27.0,27.0,,0.0,32.6,Chương 6: Chi phí giao dịch và thông tin bất cân xứng,Khái niệm và phân loại chi phí giao dịch,Khái niệm và phân loại chi phí giao dịch,41.03,32.6,59,181,2025-11-02 09:08:39,141,0.0,0,29,29,1328,1328,100.0,0,100.0,30,30,0,25195,25195,100.0,100.0,29,100.0,100.0,0,0,0,1,2,3,0,0,0.0,0.0,0.0,3.0,90.0,0,1,0,2026-03-23 10:33:23,,0
226,436,course-v1:DHQG-HCM+FM101+2025_S2,audit,1,24.0,75.0,Pass,1.0,97.79,Tổng kết môn học,Tổng kết môn học,Tổng kết môn học,88.89,97.79,177,181,2025-11-24 19:25:36,119,0.0,0,88,60,2778,3932,74.42,21752,68.18,91,89,2,70352,70026,97.8,99.54,60,74.42,68.18,0,0,0,0,0,0,0,0,0.0,0.0,0.0,0.0,90.0,0,1,0,2026-03-23 10:33:23,,1
227,437,course-v1:DHQG-HCM+FM101+2025_S2,audit,1,24.0,0.0,,0.0,98.9,Chương 12: Một số vấn đề cơ bản về tỷ giá,Slide bài giảng tóm tắt chương 12,Slide bài giảng tóm tắt chương 12,89.74,98.9,179,181,2025-11-15 12:59:51,128,0.0,0,89,89,4008,4008,100.0,39236,100.0,90,90,0,69606,69606,100.0,100.0,89,100.0,100.0,0,0,0,0,4,4,0,0,0.0,0.0,0.0,4.0,90.0,0,1,0,2026-03-23 10:33:23,,0
228,438,course-v1:DHQG-HCM+FM101+2025_S2,audit,1,27.0,0.0,,0.0,2.21,Chương 1: Đại cương về tiền tệ,Hình thái của Tiền,Hình thái của Tiền,1.71,2.21,4,181,2025-09-11 01:33:40,193,0.0,0,2,2,32,32,100.0,0,100.0,2,2,0,1757,1757,100.0,100.0,2,100.0,100.0,0,0,0,0,0,0,0,0,0.0,0.0,0.0,0.0,90.0,0,1,0,2026-03-23 10:33:23,,0
229,439,course-v1:DHQG-HCM+FM101+2025_S2,audit,1,27.0,78.0,Pass,1.0,51.38,Chương 6: Chi phí giao dịch và thông tin bất cân xứng,Bài tập tình huống,Thông tin bất cân xứng và Khủng hoảng tài chính,60.68,51.38,93,181,2025-11-30 17:43:24,113,0.0,0,46,38,1790,2022,87.45,29796,82.61,47,47,0,38363,38318,100.0,99.88,38,87.45,82.61,0,0,0,0,0,0,0,0,0.0,0.0,0.0,0.0,90.0,0,1,0,2026-03-23 10:33:23,,1
230,440,course-v1:DHQG-HCM+FM101+2025_S2,audit,1,27.0,87.0,Pass,1.0,59.12,Tổng kết môn học,Tổng kết môn học,Tổng kết môn học,65.81,59.12,107,181,2025-11-14 01:55:27,129,0.0,0,53,53,2410,2410,100.0,172900,100.0,54,54,0,43652,43652,100.0,100.0,53,100.0,100.0,0,0,0,0,0,0,0,0,0.0,0.0,0.0,0.0,90.0,0,1,0,2026-03-23 10:33:23,,1
231,441,course-v1:DHQG-HCM+FM101+2025_S2,audit,1,27.0,8.0,,0.0,13.26,"Chương 11: Các yếu tố ảnh hưởng đến lãi suất, cấu trúc rủi ro và kỳ hạn của lãi suất",Slide bài giảng tóm tắt chương 11,Slide bài giảng tóm tắt chương 11,23.93,13.26,24,181,2025-11-25 16:21:05,118,0.0,0,12,12,434,434,100.0,0,100.0,13,12,1,10852,10523,92.31,96.97,12,100.0,100.0,0,0,0,0,0,0,0,0,0.0,0.0,0.0,0.0,90.0,0,1,0,2026-03-23 10:33:23,,0
232,442,course-v1:DHQG-HCM+FM101+2025_S2,audit,1,27.0,82.0,Pass,1.0,89.5,Bài kiểm tra 05: Các vấn đề cơ bản về tỷ giá (Chương 12),Bài kiểm tra 05: Các vấn đề cơ bản về tỷ giá (Chương 12),Bài kiểm tra 05: Các vấn đề cơ bản về tỷ giá (Chương 12),99.15,89.5,162,181,2025-11-26 02:41:06,117,0.0,0,83,56,2838,3802,75.4,37442,67.47,82,79,3,63486,62528,96.34,98.49,56,75.4,67.47,0,0,0,0,12,12,0,0,0.0,0.0,0.0,12.0,90.0,0,1,0,2026-03-23 10:33:23,,1
233,443,course-v1:DHQG-HCM+FM101+2025_S2,audit,1,27.0,78.0,Pass,1.0,100.0,Bài kiểm tra 05: Các vấn đề cơ bản về tỷ giá (Chương 12),Bài kiểm tra 05: Các vấn đề cơ bản về tỷ giá (Chương 12),Bài kiểm tra 05: Các vấn đề cơ bản về tỷ giá (Chương 12),99.15,100.0,181,181,2025-11-05 15:21:48,138,0.0,0,90,90,4058,4058,100.0,11298,100.0,91,91,0,70353,70353,100.0,100.0,90,100.0,100.0,0,0,0,0,0,0,0,0,0.0,0.0,0.0,0.0,90.0,0,1,0,2026-03-23 10:33:23,,1
234,444,course-v1:DHQG-HCM+FM101+2025_S2,audit,1,27.0,9.0,,0.0,23.76,Chương 4: Cấu trúc thị trường tài chính,Thị trường vốn và thị trường tiền tệ,Thị trường vốn và thị trường tiền tệ,31.62,23.76,43,181,2025-11-06 00:23:14,137,0.0,0,21,21,914,914,100.0,0,100.0,22,22,0,18351,18351,100.0,100.0,21,100.0,100.0,0,0,0,0,0,0,0,0,0.0,0.0,0.0,0.0,90.0,0,1,0,2026-03-23 10:33:23,,0
235,445,course-v1:DHQG-HCM+FM101+2025_S2,audit,1,27.0,89.0,Pass,1.0,100.0,Chương 4: Cấu trúc thị trường tài chính,Slide bài giảng tóm tắt chương 4,Bài đọc mở rộng chương 4,94.87,100.0,181,181,2025-11-25 04:58:16,118,0.0,0,90,89,4020,4058,99.16,11396,98.89,91,91,0,70353,70344,100.0,99.99,89,99.16,98.89,0,0,0,0,0,0,0,0,0.0,0.0,0.0,0.0,90.0,0,1,0,2026-03-23 10:33:23,,1
236,446,course-v1:DHQG-HCM+FM101+2025_S2,audit,1,27.0,0.0,,0.0,7.73,Chương 1: Đại cương về tiền tệ,Cung tiền và Đo lường (cung) tiền,Cung tiền và Đo lường (cung) tiền,8.55,7.73,14,181,2025-09-14 10:23:27,190,0.0,0,7,7,234,234,100.0,0,100.0,7,7,0,5992,5992,100.0,100.0,7,100.0,100.0,0,0,0,0,0,0,0,0,0.0,0.0,0.0,0.0,90.0,0,1,0,2026-03-23 10:33:23,,0
237,447,course-v1:DHQG-HCM+FM101+2025_S2,audit,1,27.0,0.0,,0.0,5.52,Chương 1: Đại cương về tiền tệ,Cung tiền và Đo lường (cung) tiền,Cung tiền và Đo lường (cung) tiền,5.98,5.52,10,181,2025-09-11 03:57:51,193,0.0,0,5,5,174,174,100.0,0,100.0,5,5,0,4075,4075,100.0,100.0,5,100.0,100.0,0,0,0,0,0,0,0,0,0.0,0.0,0.0,0.0,90.0,0,1,0,2026-03-23 10:33:23,,0
238,448,course-v1:DHQG-HCM+FM101+2025_S2,audit,1,26.0,84.0,Pass,1.0,100.0,Chương 7: Các định chế tài chính trung gian,Slide bài giảng tóm tắt chương 7,Bài đọc mở rộng Chương 7,99.15,100.0,181,181,2025-11-20 14:05:16,123,0.0,0,90,90,4058,4058,100.0,0,100.0,91,91,0,70353,70353,100.0,100.0,90,100.0,100.0,0,0,0,0,0,0,0,0,0.0,0.0,0.0,0.0,90.0,0,1,0,2026-03-23 10:33:23,,1
239,449,course-v1:DHQG-HCM+FM101+2025_S2,audit,1,27.0,10.0,,0.0,28.18,Chương 9: Đo lường lãi suất,Bài tập_Hướng dẫn tính Lợi suất đáo hạn,Hướng dẫn tính Lợi suất đáo hạn_Phần 1,30.77,28.18,51,181,2025-11-02 08:45:15,141,0.0,0,25,25,1138,1138,100.0,0,100.0,26,26,0,22263,22263,100.0,100.0,25,100.0,100.0,0,0,0,0,0,0,0,0,0.0,0.0,0.0,0.0,90.0,0,1,0,2026-03-23 10:33:23,,0
240,450,course-v1:DHQG-HCM+FM101+2025_S2,audit,1,27.0,89.0,Pass,1.0,94.48,Bài kiểm tra 05: Các vấn đề cơ bản về tỷ giá (Chương 12),Bài kiểm tra 05: Các vấn đề cơ bản về tỷ giá (Chương 12),Bài kiểm tra 05: Các vấn đề cơ bản về tỷ giá (Chương 12),94.02,94.48,171,181,2025-11-07 04:36:14,136,0.0,0,85,85,3828,3828,100.0,0,100.0,86,86,0,66992,66992,100.0,100.0,85,100.0,100.0,0,0,0,52,24,76,20,26,0.0,0.0,0.0,76.0,90.0,0,1,0,2026-03-23 10:33:23,,1
241,451,course-v1:DHQG-HCM+FM101+2025_S2,audit,1,27.0,20.0,,0.0,54.7,"Chương 8: Khái niệm, vai trò của lãi suất và giá trị thời gian của tiền",Giá trị thời gian của tiền,Giá trị thời gian của tiền,60.68,54.7,99,181,2025-11-26 01:26:01,117,0.0,0,43,43,1902,1902,100.0,0,100.0,57,56,1,45612,44812,98.25,98.25,43,100.0,100.0,0,0,0,0,0,0,0,0,0.0,0.0,0.0,0.0,90.0,0,1,0,2026-03-23 10:33:23,,0
242,452,course-v1:DHQG-HCM+FM101+2025_S2,audit,1,27.0,89.0,Pass,1.0,30.39,Bài kiểm tra 05: Các vấn đề cơ bản về tỷ giá (Chương 12),Bài kiểm tra 05: Các vấn đề cơ bản về tỷ giá (Chương 12),Bài kiểm tra 05: Các vấn đề cơ bản về tỷ giá (Chương 12),35.9,30.39,55,181,2025-11-04 01:58:50,139,0.0,0,27,27,1184,1184,100.0,0,100.0,28,28,0,23785,23785,100.0,100.0,27,100.0,100.0,0,0,0,0,9,9,0,0,0.0,0.0,0.0,9.0,90.0,0,1,0,2026-03-23 10:33:23,,1
243,453,course-v1:DHQG-HCM+FM101+2025_S2,audit,1,27.0,55.0,Pass,1.0,14.36,"Bài kiểm tra 03: Các định chế tài chính trung gian (Chương 6,7)","Bài kiểm tra 03: Các định chế tài chính trung gian (Chương 6,7)","Bài kiểm tra 03: Các định chế tài chính trung gian (Chương 6,7)",18.8,14.36,26,181,2025-11-05 12:54:21,138,0.0,0,13,13,552,552,100.0,0,100.0,13,13,0,10949,10949,100.0,100.0,13,100.0,100.0,0,0,0,0,0,0,0,0,0.0,0.0,0.0,0.0,90.0,0,1,0,2026-03-23 10:33:23,,1
244,454,course-v1:DHQG-HCM+FM101+2025_S2,audit,1,27.0,0.0,,0.0,51.38,Chương 7: Các định chế tài chính trung gian,Tổng quan về các trung gian tài chính,Tổng quan về các trung gian tài chính,46.15,51.38,93,181,2025-11-05 08:51:52,138,0.0,0,46,46,2088,2088,100.0,0,100.0,47,47,0,38412,38412,100.0,100.0,46,100.0,100.0,0,0,0,0,0,0,0,0,0.0,0.0,0.0,0.0,90.0,0,1,0,2026-03-23 10:33:23,,0
245,456,course-v1:DHQG-HCM+FM101+2025_S2,audit,1,27.0,76.0,Pass,1.0,100.0,"Chương 8: Khái niệm, vai trò của lãi suất và giá trị thời gian của tiền",Bài tập cơ bản về giá trị thời gian của tiền,Bài tập cơ bản về giá trị thời gian của tiền 2,99.15,100.0,181,181,2025-11-15 05:09:07,128,0.0,0,90,90,4058,4058,100.0,59372,100.0,91,91,0,70353,70353,100.0,100.0,90,100.0,100.0,0,0,0,0,8,8,0,0,0.0,0.0,0.0,8.0,90.0,0,1,0,2026-03-23 10:33:23,,1
246,459,course-v1:DHQG-HCM+FM101+2025_S2,audit,1,27.0,72.0,Pass,1.0,56.91,Chương 6: Chi phí giao dịch và thông tin bất cân xứng,Slide bài giảng tóm tắt chương 6,Bài đọc mở rộng Chương 6,68.38,56.91,103,181,2025-12-02 19:26:46,111,0.0,0,51,51,2380,2380,100.0,0,100.0,57,52,5,45703,43784,91.23,95.8,51,100.0,100.0,0,0,0,0,11,11,0,0,0.0,0.0,0.0,11.0,90.0,0,1,0,2026-03-23 10:33:23,,1
247,460,course-v1:DHQG-HCM+FM101+2025_S2,audit,1,27.0,80.0,Pass,1.0,100.0,Giới thiệu,Đề cương MOOCS_Nguyên lý thị trường tài chính,Đề cương MOOCS_Nguyên lý thị trường tài chính,99.15,100.0,181,181,2025-11-04 01:04:33,139,0.0,0,90,90,4058,4058,100.0,19888,100.0,91,91,0,70353,70353,100.0,100.0,90,100.0,100.0,0,0,0,0,0,0,0,0,0.0,0.0,0.0,0.0,90.0,0,1,0,2026-03-23 10:33:23,,1
248,461,course-v1:DHQG-HCM+FM101+2025_S2,audit,1,27.0,30.0,,0.0,67.96,Chương 9: Đo lường lãi suất,Bài tập_Hướng dẫn tính Lợi suất đáo hạn,Hướng dẫn tính Lợi suất đáo hạn_Phần 1,61.54,67.96,123,181,2025-11-24 16:14:41,119,0.0,0,61,61,2824,2824,100.0,0,100.0,62,62,0,47758,47758,100.0,100.0,61,100.0,100.0,0,0,0,0,7,7,0,0,0.0,0.0,0.0,7.0,90.0,0,1,0,2026-03-23 10:33:23,,0
249,462,course-v1:DHQG-HCM+FM101+2025_S2,audit,1,27.0,25.0,,0.0,20.44,"Bài kiểm tra 02: Tổng quan về hệ thống tài chính (Chương 3, 4, 5)","Bài kiểm tra 02: Tổng quan về hệ thống tài chính (Chương 3, 4, 5)","Bài kiểm tra 02: Tổng quan về hệ thống tài chính (Chương 3, 4, 5)",23.08,20.44,37,181,2025-11-01 18:55:06,142,0.0,0,18,18,756,756,100.0,0,100.0,19,19,0,16294,16294,100.0,100.0,18,100.0,100.0,0,0,0,0,0,0,0,0,0.0,0.0,0.0,0.0,90.0,0,1,0,2026-03-23 10:33:23,,0
250,465,course-v1:DHQG-HCM+FM101+2025_S2,audit,1,27.0,76.0,Pass,1.0,22.65,Bài kiểm tra 05: Các vấn đề cơ bản về tỷ giá (Chương 12),Bài kiểm tra 05: Các vấn đề cơ bản về tỷ giá (Chương 12),Bài kiểm tra 05: Các vấn đề cơ bản về tỷ giá (Chương 12),24.79,22.65,41,181,2025-11-24 14:24:31,119,0.0,0,20,20,942,942,100.0,0,100.0,21,21,0,17866,17866,100.0,100.0,20,100.0,100.0,0,0,0,0,0,0,0,0,0.0,0.0,0.0,0.0,90.0,0,1,0,2026-03-23 10:33:23,,1
251,466,course-v1:DHQG-HCM+FM101+2025_S2,audit,1,27.0,80.0,Pass,1.0,98.9,Bài kiểm tra 05: Các vấn đề cơ bản về tỷ giá (Chương 12),Bài kiểm tra 05: Các vấn đề cơ bản về tỷ giá (Chương 12),Bài kiểm tra 05: Các vấn đề cơ bản về tỷ giá (Chương 12),96.58,98.9,179,181,2025-11-22 16:28:06,121,0.0,0,89,89,4008,4008,100.0,2948,100.0,90,90,0,69606,69606,100.0,100.0,89,100.0,100.0,0,0,0,0,0,0,0,0,0.0,0.0,0.0,0.0,90.0,0,1,0,2026-03-23 10:33:23,,1
252,467,course-v1:DHQG-HCM+FM101+2025_S2,audit,1,27.0,86.0,Pass,1.0,62.43,"Chương 8: Khái niệm, vai trò của lãi suất và giá trị thời gian của tiền",Phương trình Fisher,Phương trình Fisher,65.81,62.43,113,181,2025-10-28 01:31:21,146,0.0,0,56,56,2580,2580,100.0,0,100.0,57,57,0,45907,45907,100.0,100.0,56,100.0,100.0,0,0,0,0,29,29,0,0,0.0,0.0,0.0,29.0,90.0,0,1,0,2026-03-23 10:33:23,,1
253,468,course-v1:DHQG-HCM+FM101+2025_S2,audit,1,27.0,7.0,,0.0,9.94,Chương 2: Đại cương về tài chính,Slide bài giảng tóm tắt chương 2,Slide bài giảng tóm tắt chương 2,10.26,9.94,18,181,2025-09-24 16:34:44,180,0.0,0,9,9,348,348,100.0,0,100.0,9,9,0,7538,7538,100.0,100.0,9,100.0,100.0,0,0,0,0,4,4,0,0,0.0,0.0,0.0,4.0,90.0,0,1,0,2026-03-23 10:33:23,,0
254,470,course-v1:DHQG-HCM+FM101+2025_S2,audit,1,27.0,85.0,Pass,1.0,6.63,Bài kiểm tra 05: Các vấn đề cơ bản về tỷ giá (Chương 12),Bài kiểm tra 05: Các vấn đề cơ bản về tỷ giá (Chương 12),Bài kiểm tra 05: Các vấn đề cơ bản về tỷ giá (Chương 12),11.97,6.63,12,181,2025-11-17 11:18:48,126,0.0,0,6,6,248,248,100.0,0,100.0,6,6,0,5167,5167,100.0,100.0,6,100.0,100.0,0,0,0,0,0,0,0,0,0.0,0.0,0.0,0.0,90.0,0,1,0,2026-03-23 10:33:23,,1
255,471,course-v1:DHQG-HCM+FM101+2025_S2,audit,1,27.0,31.0,,0.0,18.78,"Bài kiểm tra 02: Tổng quan về hệ thống tài chính (Chương 3, 4, 5)","Bài kiểm tra 02: Tổng quan về hệ thống tài chính (Chương 3, 4, 5)","Bài kiểm tra 02: Tổng quan về hệ thống tài chính (Chương 3, 4, 5)",29.06,18.78,34,181,2025-11-05 22:35:55,138,0.0,0,17,17,722,722,100.0,0,100.0,17,17,0,14373,14373,100.0,100.0,17,100.0,100.0,0,0,0,2,0,2,0,2,0.0,0.0,0.0,2.0,90.0,0,1,0,2026-03-23 10:33:23,,0
256,472,course-v1:DHQG-HCM+FM101+2025_S2,audit,1,27.0,59.0,Pass,1.0,7.73,"Bài kiểm tra 04_Các vấn đề cơ bản về lãi suất (Chương 8,9,10,11)","Bài kiểm tra 04_Các vấn đề cơ bản về lãi suất (Chương 8,9,10,11)","Bài kiểm tra 04_Các vấn đề cơ bản về lãi suất (Chương 8,9,10,11)",11.11,7.73,14,181,2025-11-25 01:42:43,118,0.0,0,7,7,254,254,100.0,0,100.0,7,7,0,6309,6309,100.0,100.0,7,100.0,100.0,0,0,0,0,3,3,0,0,0.0,0.0,0.0,3.0,90.0,0,1,0,2026-03-23 10:33:23,,1
257,473,course-v1:DHQG-HCM+FM101+2025_S2,audit,1,27.0,56.0,Pass,1.0,15.47,"Bài kiểm tra 03: Các định chế tài chính trung gian (Chương 6,7)","Bài kiểm tra 03: Các định chế tài chính trung gian (Chương 6,7)","Bài kiểm tra 03: Các định chế tài chính trung gian (Chương 6,7)",17.95,15.47,28,181,2025-10-29 11:10:53,145,0.0,0,14,14,548,548,100.0,0,100.0,14,14,0,11596,11596,100.0,100.0,14,100.0,100.0,0,0,0,0,9,9,0,0,0.0,0.0,0.0,9.0,90.0,0,1,0,2026-03-23 10:33:23,,1
258,474,course-v1:DHQG-HCM+FM101+2025_S2,audit,1,27.0,10.0,,0.0,2.21,"Bài kiểm tra 01_Tổng quan về tiền tệ và tài chính (Chương 1,2) ","Bài kiểm tra 01_Tổng quan về tiền tệ và tài chính (Chương 1,2) ","Bài kiểm tra 01_Tổng quan về tiền tệ và tài chính (Chương 1,2) ",3.42,2.21,4,181,2025-10-09 06:16:13,165,0.0,0,2,2,32,32,100.0,0,100.0,2,2,0,1757,1757,100.0,100.0,2,100.0,100.0,0,0,0,0,0,0,0,0,0.0,0.0,0.0,0.0,90.0,0,1,0,2026-03-23 10:33:23,,0
259,475,course-v1:DHQG-HCM+FM101+2025_S2,audit,1,27.0,55.0,Pass,1.0,14.36,"Bài kiểm tra 03: Các định chế tài chính trung gian (Chương 6,7)","Bài kiểm tra 03: Các định chế tài chính trung gian (Chương 6,7)","Bài kiểm tra 03: Các định chế tài chính trung gian (Chương 6,7)",17.95,14.36,26,181,2025-11-19 14:50:34,124,0.0,0,13,13,526,526,100.0,0,100.0,13,13,0,10807,10807,100.0,100.0,13,100.0,100.0,0,0,0,0,20,20,0,0,0.0,0.0,0.0,20.0,90.0,0,1,0,2026-03-23 10:33:23,,1
260,476,course-v1:DHQG-HCM+FM101+2025_S2,audit,1,27.0,7.0,,0.0,13.26,Chương 3: Chức năng của thị trường tài chính,Chức năng luân chuyển vốn của thị trường tài chính,Chức năng luân chuyển vốn của thị trường tài chính,14.53,13.26,24,181,2025-10-08 17:24:38,166,0.0,0,12,12,434,434,100.0,0,100.0,12,12,0,10311,10311,100.0,100.0,12,100.0,100.0,0,0,0,0,2,2,0,0,0.0,0.0,0.0,2.0,90.0,0,1,0,2026-03-23 10:33:23,,0
261,477,course-v1:DHQG-HCM+FM101+2025_S2,audit,1,27.0,0.0,,0.0,0.0,Chưa bắt đầu,N/A,N/A,0.0,0.0,0,0,,999,0.0,0,0,0,0,0,0.0,0,0.0,0,0,0,0,0,0.0,0.0,0,0.0,0.0,0,0,0,0,0,0,0,0,0.0,0.0,0.0,0.0,50.0,0,0,0,2026-03-23 10:33:23,,0
262,478,course-v1:DHQG-HCM+FM101+2025_S2,audit,1,27.0,52.0,Pass,1.0,13.26,"Bài kiểm tra 03: Các định chế tài chính trung gian (Chương 6,7)","Bài kiểm tra 03: Các định chế tài chính trung gian (Chương 6,7)","Bài kiểm tra 03: Các định chế tài chính trung gian (Chương 6,7)",16.24,13.26,24,181,2025-11-05 13:53:37,138,0.0,0,12,12,542,542,100.0,0,100.0,12,12,0,9929,9929,100.0,100.0,12,100.0,100.0,0,0,0,0,0,0,0,0,0.0,0.0,0.0,0.0,90.0,0,1,0,2026-03-23 10:33:23,,1
263,479,course-v1:DHQG-HCM+FM101+2025_S2,audit,1,27.0,10.0,,0.0,11.05,"Bài kiểm tra 01_Tổng quan về tiền tệ và tài chính (Chương 1,2) ","Bài kiểm tra 01_Tổng quan về tiền tệ và tài chính (Chương 1,2) ","Bài kiểm tra 01_Tổng quan về tiền tệ và tài chính (Chương 1,2) ",12.82,11.05,20,181,2025-10-09 06:17:32,165,0.0,0,10,10,370,370,100.0,0,100.0,10,10,0,8381,8381,100.0,100.0,10,100.0,100.0,0,0,0,2,16,18,1,2,0.0,0.0,0.0,18.0,90.0,0,1,0,2026-03-23 10:33:23,,0
264,480,course-v1:DHQG-HCM+FM101+2025_S2,audit,1,27.0,30.0,,0.0,19.34,"Bài kiểm tra 02: Tổng quan về hệ thống tài chính (Chương 3, 4, 5)","Bài kiểm tra 02: Tổng quan về hệ thống tài chính (Chương 3, 4, 5)","Bài kiểm tra 02: Tổng quan về hệ thống tài chính (Chương 3, 4, 5)",28.21,19.34,35,181,2025-11-06 05:00:20,137,0.0,0,17,17,734,734,100.0,0,100.0,18,18,0,15451,15451,100.0,100.0,17,100.0,100.0,0,0,0,0,0,0,0,0,0.0,0.0,0.0,0.0,90.0,0,1,0,2026-03-23 10:33:23,,0
265,481,course-v1:DHQG-HCM+FM101+2025_S2,audit,1,27.0,61.0,Pass,1.0,44.75,"Bài kiểm tra 04_Các vấn đề cơ bản về lãi suất (Chương 8,9,10,11)","Bài kiểm tra 04_Các vấn đề cơ bản về lãi suất (Chương 8,9,10,11)","Bài kiểm tra 04_Các vấn đề cơ bản về lãi suất (Chương 8,9,10,11)",47.01,44.75,81,181,2025-11-25 02:31:50,118,0.0,0,40,40,1812,1812,100.0,0,100.0,41,41,0,33732,33732,100.0,100.0,40,100.0,100.0,0,0,0,1,2,3,0,1,0.0,0.0,0.0,3.0,90.0,0,1,0,2026-03-23 10:33:23,,1
266,482,course-v1:DHQG-HCM+FM101+2025_S2,audit,1,27.0,46.0,,0.0,13.26,"Bài kiểm tra 03: Các định chế tài chính trung gian (Chương 6,7)","Bài kiểm tra 03: Các định chế tài chính trung gian (Chương 6,7)","Bài kiểm tra 03: Các định chế tài chính trung gian (Chương 6,7)",14.53,13.26,24,181,2025-11-18 06:40:24,125,0.0,0,12,12,530,530,100.0,0,100.0,12,12,0,10106,10106,100.0,100.0,12,100.0,100.0,0,0,0,0,0,0,0,0,0.0,0.0,0.0,0.0,90.0,0,1,0,2026-03-23 10:33:23,,0
267,483,course-v1:DHQG-HCM+FM101+2025_S2,audit,1,27.0,7.0,,0.0,12.15,Chương 3: Chức năng của thị trường tài chính,Khái niệm thị trường tài chính và các thành phần của thị trường tài chính,Khái niệm thị trường tài chính và các thành phần của thị trường tài chính,13.68,12.15,22,181,2025-11-03 14:02:27,140,0.0,0,11,11,424,424,100.0,34614,100.0,11,11,0,9291,9291,100.0,100.0,11,100.0,100.0,0,0,0,0,0,0,0,0,0.0,0.0,0.0,0.0,90.0,0,1,0,2026-03-23 10:33:23,,0
268,484,course-v1:DHQG-HCM+FM101+2025_S2,audit,1,27.0,31.0,,0.0,44.75,Chương 6: Chi phí giao dịch và thông tin bất cân xứng,Hệ quả thông tin bất cân xứng,Vấn đề đại diện,45.3,44.75,81,181,2025-11-11 01:58:17,132,0.0,0,40,40,1774,1774,100.0,0,100.0,41,41,0,33645,33645,100.0,100.0,40,100.0,100.0,0,0,0,0,0,0,0,0,0.0,0.0,0.0,0.0,90.0,0,1,0,2026-03-23 10:33:23,,0
269,485,course-v1:DHQG-HCM+FM101+2025_S2,audit,1,27.0,0.0,,0.0,2.21,Chương 1: Đại cương về tiền tệ,Slide bài giảng tóm tắt chương 1,Slide Bài giảng tóm tắt chương 1,4.27,2.21,4,181,2025-09-11 06:01:18,193,0.0,0,2,2,32,32,100.0,0,100.0,2,2,0,1757,1757,100.0,100.0,2,100.0,100.0,0,0,0,0,0,0,0,0,0.0,0.0,0.0,0.0,90.0,0,1,0,2026-03-23 10:33:23,,0
270,486,course-v1:DHQG-HCM+FM101+2025_S2,audit,1,27.0,8.0,,0.0,17.68,Chương 3: Chức năng của thị trường tài chính,Slide bài giảng tóm tắt chương 3,Bài đọc mở rộng Chương 3,19.66,17.68,32,181,2025-10-28 02:53:47,146,0.0,0,16,16,684,684,100.0,0,100.0,16,16,0,13455,13455,100.0,100.0,16,100.0,100.0,0,0,0,3,5,8,0,8,0.0,0.0,0.0,8.0,90.0,0,1,0,2026-03-23 10:33:23,,0
271,487,course-v1:DHQG-HCM+FM101+2025_S2,audit,1,27.0,67.0,Pass,1.0,9.94,Chương 12: Một số vấn đề cơ bản về tỷ giá,Slide bài giảng tóm tắt chương 12,Slide bài giảng tóm tắt chương 12,16.24,9.94,18,181,2025-11-26 03:07:11,117,0.0,0,9,9,348,348,100.0,0,100.0,9,9,0,7538,7538,100.0,100.0,9,100.0,100.0,0,0,0,0,0,0,0,0,0.0,0.0,0.0,0.0,90.0,0,1,0,2026-03-23 10:33:23,,1
272,488,course-v1:DHQG-HCM+FM101+2025_S2,audit,1,27.0,52.0,Pass,1.0,53.59,"Chương 8: Khái niệm, vai trò của lãi suất và giá trị thời gian của tiền",Phương trình Fisher,Phương trình Fisher,54.7,53.59,97,181,2025-11-22 09:22:46,121,0.0,0,48,48,2104,2104,100.0,48754,100.0,49,49,0,40086,40086,100.0,100.0,48,100.0,100.0,0,0,0,2,6,8,0,1,0.0,0.0,0.0,8.0,90.0,0,1,0,2026-03-23 10:33:23,,1
273,489,course-v1:DHQG-HCM+FM101+2025_S2,audit,1,27.0,0.0,,0.0,1.1,Giới thiệu,Tổng quan khóa học,Tổng quan khóa học,2.56,1.1,2,181,2025-09-11 07:55:34,193,0.0,0,1,1,22,22,100.0,0,100.0,1,1,0,843,843,100.0,100.0,1,100.0,100.0,0,0,0,0,1,1,0,0,0.0,0.0,0.0,1.0,90.0,0,1,0,2026-03-23 10:33:23,,0
274,490,course-v1:DHQG-HCM+FM101+2025_S2,audit,1,27.0,4.0,,0.0,8.84,Chương 3: Chức năng của thị trường tài chính,Chức năng luân chuyển vốn của thị trường tài chính,Chức năng luân chuyển vốn của thị trường tài chính,11.11,8.84,16,181,2025-11-25 19:01:24,118,0.0,0,8,8,280,280,100.0,0,100.0,8,8,0,6953,6953,100.0,100.0,8,100.0,100.0,0,0,0,3,22,25,0,4,0.0,0.0,0.0,25.0,90.0,0,1,0,2026-03-23 10:33:23,,0
275,491,course-v1:DHQG-HCM+FM101+2025_S2,audit,1,27.0,31.0,,0.0,28.18,"Bài kiểm tra 02: Tổng quan về hệ thống tài chính (Chương 3, 4, 5)","Bài kiểm tra 02: Tổng quan về hệ thống tài chính (Chương 3, 4, 5)","Bài kiểm tra 02: Tổng quan về hệ thống tài chính (Chương 3, 4, 5)",31.62,28.18,51,181,2025-11-05 09:36:59,138,0.0,0,25,25,1140,1140,100.0,0,100.0,26,26,0,22348,22348,100.0,100.0,25,100.0,100.0,0,0,0,1,7,8,0,1,0.0,0.0,0.0,8.0,90.0,0,1,0,2026-03-23 10:33:23,,0
276,492,course-v1:DHQG-HCM+FM101+2025_S2,audit,1,27.0,84.0,Pass,1.0,66.85,"Bài kiểm tra 02: Tổng quan về hệ thống tài chính (Chương 3, 4, 5)","Bài kiểm tra 02: Tổng quan về hệ thống tài chính (Chương 3, 4, 5)","Bài kiểm tra 02: Tổng quan về hệ thống tài chính (Chương 3, 4, 5)",61.54,66.85,121,181,2025-11-24 16:58:57,119,0.0,0,60,60,2786,2786,100.0,33080,100.0,61,61,0,48572,48572,100.0,100.0,60,100.0,100.0,0,0,0,0,0,0,0,0,0.0,0.0,0.0,0.0,90.0,0,1,0,2026-03-23 10:33:23,,1
277,497,course-v1:DHQG-HCM+FM101+2025_S2,audit,1,27.0,80.0,Pass,1.0,4.42,Bài kiểm tra 05: Các vấn đề cơ bản về tỷ giá (Chương 12),Bài kiểm tra 05: Các vấn đề cơ bản về tỷ giá (Chương 12),Bài kiểm tra 05: Các vấn đề cơ bản về tỷ giá (Chương 12),99.15,4.42,8,181,2025-12-03 01:41:18,110,0.0,0,4,4,92,92,100.0,0,100.0,4,4,0,3675,3675,100.0,100.0,4,100.0,100.0,0,0,0,0,0,0,0,0,0.0,0.0,0.0,0.0,90.0,0,1,0,2026-03-23 10:33:23,,1
278,503,course-v1:DHQG-HCM+FM101+2025_S2,audit,1,27.0,42.0,,0.0,21.55,Bài kiểm tra 05: Các vấn đề cơ bản về tỷ giá (Chương 12),Bài kiểm tra 05: Các vấn đề cơ bản về tỷ giá (Chương 12),Bài kiểm tra 05: Các vấn đề cơ bản về tỷ giá (Chương 12),25.64,21.55,39,181,2025-11-22 14:55:21,121,0.0,0,19,19,798,798,100.0,0,100.0,20,20,0,17088,17088,100.0,100.0,19,100.0,100.0,0,0,0,1,10,11,1,3,0.0,0.0,0.0,11.0,90.0,0,1,0,2026-03-23 10:33:23,,0
279,505,course-v1:DHQG-HCM+FM101+2025_S2,audit,1,27.0,4.0,,0.0,9.94,Chương 3: Chức năng của thị trường tài chính,Khái niệm thị trường tài chính và các thành phần của thị trường tài chính,Khái niệm thị trường tài chính và các thành phần của thị trường tài chính,9.4,9.94,18,181,2025-09-15 04:21:28,189,0.0,0,9,9,348,348,100.0,0,100.0,9,9,0,7877,7877,100.0,100.0,9,100.0,100.0,0,0,0,0,0,0,0,0,0.0,0.0,0.0,0.0,90.0,0,1,0,2026-03-23 10:33:23,,0
280,506,course-v1:DHQG-HCM+FM101+2025_S2,audit,1,27.0,0.0,,0.0,1.1,Chương 1: Đại cương về tiền tệ,Khái niệm tiền và chức năng của tiền,Khái niệm tiền và chức năng của tiền,0.85,1.1,2,181,2025-09-11 09:06:45,193,0.0,0,1,1,10,10,100.0,0,100.0,1,1,0,914,914,100.0,100.0,1,100.0,100.0,0,0,0,0,0,0,0,0,0.0,0.0,0.0,0.0,90.0,0,1,0,2026-03-23 10:33:23,,0
281,509,course-v1:DHQG-HCM+FM101+2025_S2,audit,1,27.0,80.0,Pass,1.0,100.0,Giới thiệu,Tổng quan khóa học,Tổng quan khóa học,99.15,100.0,181,181,2025-11-23 12:24:39,120,0.0,0,90,90,4058,4058,100.0,66,100.0,91,91,0,70353,70353,100.0,100.0,90,100.0,100.0,0,0,0,0,0,0,0,0,0.0,0.0,0.0,0.0,90.0,0,1,0,2026-03-23 10:33:23,,1
282,510,course-v1:DHQG-HCM+FM101+2025_S2,audit,1,27.0,86.0,Pass,1.0,100.0,Chương 12: Một số vấn đề cơ bản về tỷ giá,Chế độ tỷ giá và chính sách tỷ giá,Chế độ tỷ giá và chính sách tỷ giá,99.15,100.0,181,181,2025-11-24 12:04:18,119,0.0,0,90,78,3740,4058,90.43,142894,86.67,91,91,0,70353,70276,100.0,99.89,78,90.43,86.67,0,0,0,0,0,0,0,0,0.0,0.0,0.0,0.0,90.0,0,1,0,2026-03-23 10:33:23,,1
283,511,course-v1:DHQG-HCM+FM101+2025_S2,audit,1,27.0,88.0,Pass,1.0,100.0,Chương 9: Đo lường lãi suất,Slide bài giảng tóm tắt chương 9,Bài đọc mở rộng Chương 9,99.15,100.0,181,181,2025-11-23 08:57:47,120,0.0,0,90,90,4058,4058,100.0,0,100.0,91,91,0,70353,70353,100.0,100.0,90,100.0,100.0,0,0,0,0,0,0,0,0,0.0,0.0,0.0,0.0,90.0,0,1,0,2026-03-23 10:33:23,,1
284,512,course-v1:DHQG-HCM+FM101+2025_S2,audit,1,27.0,85.0,Pass,1.0,100.0,Bài kiểm tra 05: Các vấn đề cơ bản về tỷ giá (Chương 12),Bài kiểm tra 05: Các vấn đề cơ bản về tỷ giá (Chương 12),Bài kiểm tra 05: Các vấn đề cơ bản về tỷ giá (Chương 12),99.15,100.0,181,181,2025-11-03 09:42:05,140,0.0,0,90,90,4058,4058,100.0,804,100.0,91,91,0,70353,70353,100.0,100.0,90,100.0,100.0,0,0,0,0,0,0,0,0,0.0,0.0,0.0,0.0,90.0,0,1,0,2026-03-23 10:33:23,,1
285,513,course-v1:DHQG-HCM+FM101+2025_S2,audit,1,27.0,89.0,Pass,1.0,100.0,Bài kiểm tra 05: Các vấn đề cơ bản về tỷ giá (Chương 12),Bài kiểm tra 05: Các vấn đề cơ bản về tỷ giá (Chương 12),Bài kiểm tra 05: Các vấn đề cơ bản về tỷ giá (Chương 12),99.15,100.0,181,181,2025-11-23 10:24:58,120,0.0,0,90,90,4058,4058,100.0,0,100.0,91,91,0,70353,70353,100.0,100.0,90,100.0,100.0,0,0,0,0,0,0,0,0,0.0,0.0,0.0,0.0,90.0,0,1,0,2026-03-23 10:33:23,,1
286,514,course-v1:DHQG-HCM+FM101+2025_S2,audit,1,27.0,64.0,Pass,1.0,100.0,Bài kiểm tra 05: Các vấn đề cơ bản về tỷ giá (Chương 12),Bài kiểm tra 05: Các vấn đề cơ bản về tỷ giá (Chương 12),Bài kiểm tra 05: Các vấn đề cơ bản về tỷ giá (Chương 12),99.15,100.0,181,181,2025-10-22 14:20:55,152,0.0,0,90,90,4058,4058,100.0,131426,100.0,91,91,0,70353,70353,100.0,100.0,90,100.0,100.0,0,0,0,0,0,0,0,0,0.0,0.0,0.0,0.0,90.0,0,1,0,2026-03-23 10:33:23,,1
287,515,course-v1:DHQG-HCM+FM101+2025_S2,audit,1,27.0,87.0,Pass,1.0,61.33,Bài kiểm tra 05: Các vấn đề cơ bản về tỷ giá (Chương 12),Bài kiểm tra 05: Các vấn đề cơ bản về tỷ giá (Chương 12),Bài kiểm tra 05: Các vấn đề cơ bản về tỷ giá (Chương 12),59.83,61.33,111,181,2025-11-23 09:16:12,120,0.0,0,55,55,2620,2620,100.0,0,100.0,56,56,0,44507,44507,100.0,100.0,55,100.0,100.0,0,0,0,0,0,0,0,0,0.0,0.0,0.0,0.0,90.0,0,1,0,2026-03-23 10:33:23,,1
288,516,course-v1:DHQG-HCM+FM101+2025_S2,audit,1,27.0,90.0,Pass,1.0,100.0,"Bài kiểm tra 02: Tổng quan về hệ thống tài chính (Chương 3, 4, 5)","Bài kiểm tra 02: Tổng quan về hệ thống tài chính (Chương 3, 4, 5)","Bài kiểm tra 02: Tổng quan về hệ thống tài chính (Chương 3, 4, 5)",99.15,100.0,181,181,2025-11-15 14:19:57,128,0.0,0,90,90,4058,4058,100.0,46908,100.0,91,91,0,70353,70353,100.0,100.0,90,100.0,100.0,0,0,0,0,0,0,0,0,0.0,0.0,0.0,0.0,90.0,0,1,0,2026-03-23 10:33:23,,1
289,517,course-v1:DHQG-HCM+FM101+2025_S2,audit,1,27.0,86.0,Pass,1.0,100.0,Bài kiểm tra 05: Các vấn đề cơ bản về tỷ giá (Chương 12),Bài kiểm tra 05: Các vấn đề cơ bản về tỷ giá (Chương 12),Bài kiểm tra 05: Các vấn đề cơ bản về tỷ giá (Chương 12),99.15,100.0,181,181,2025-11-21 17:03:42,122,0.0,0,90,90,4058,4058,100.0,65378,100.0,91,91,0,70353,70353,100.0,100.0,90,100.0,100.0,0,0,0,0,0,0,0,0,0.0,0.0,0.0,0.0,90.0,0,1,0,2026-03-23 10:33:23,,1
290,518,course-v1:DHQG-HCM+FM101+2025_S2,audit,1,26.0,86.0,Pass,1.0,100.0,Tổng kết môn học,Tổng kết môn học,Tổng kết môn học,99.15,100.0,181,181,2025-11-09 17:17:13,134,0.0,0,90,90,4058,4058,100.0,104244,100.0,91,91,0,70353,70353,100.0,100.0,90,100.0,100.0,0,0,0,0,0,0,0,0,0.0,0.0,0.0,0.0,90.0,0,1,0,2026-03-23 10:33:23,,1
291,519,course-v1:DHQG-HCM+FM101+2025_S2,audit,1,27.0,93.0,Pass,1.0,100.0,Bài kiểm tra 05: Các vấn đề cơ bản về tỷ giá (Chương 12),Bài kiểm tra 05: Các vấn đề cơ bản về tỷ giá (Chương 12),Bài kiểm tra 05: Các vấn đề cơ bản về tỷ giá (Chương 12),99.15,100.0,181,181,2025-11-23 11:10:25,120,0.0,0,90,90,4058,4058,100.0,0,100.0,91,91,0,70353,70353,100.0,100.0,90,100.0,100.0,0,0,0,0,21,21,0,0,0.0,0.0,0.0,21.0,90.0,0,1,0,2026-03-23 10:33:23,,1
292,520,course-v1:DHQG-HCM+FM101+2025_S2,audit,1,27.0,90.0,Pass,1.0,100.0,Bài kiểm tra 05: Các vấn đề cơ bản về tỷ giá (Chương 12),Bài kiểm tra 05: Các vấn đề cơ bản về tỷ giá (Chương 12),Bài kiểm tra 05: Các vấn đề cơ bản về tỷ giá (Chương 12),99.15,100.0,181,181,2025-11-12 11:02:23,131,0.0,0,90,90,4058,4058,100.0,6462,100.0,91,91,0,70353,70353,100.0,100.0,90,100.0,100.0,0,0,0,0,0,0,0,0,0.0,0.0,0.0,0.0,90.0,0,1,0,2026-03-23 10:33:23,,1
293,521,course-v1:DHQG-HCM+FM101+2025_S2,audit,1,27.0,84.0,Pass,1.0,100.0,Bài kiểm tra 05: Các vấn đề cơ bản về tỷ giá (Chương 12),Bài kiểm tra 05: Các vấn đề cơ bản về tỷ giá (Chương 12),Bài kiểm tra 05: Các vấn đề cơ bản về tỷ giá (Chương 12),99.15,100.0,181,181,2025-11-21 17:28:24,122,0.0,0,90,90,4058,4058,100.0,144818,100.0,91,91,0,70353,70353,100.0,100.0,90,100.0,100.0,0,0,0,0,0,0,0,0,0.0,0.0,0.0,0.0,90.0,0,1,0,2026-03-23 10:33:23,,1
294,523,course-v1:DHQG-HCM+FM101+2025_S2,audit,1,27.0,93.0,Pass,1.0,100.0,Bài kiểm tra 05: Các vấn đề cơ bản về tỷ giá (Chương 12),Bài kiểm tra 05: Các vấn đề cơ bản về tỷ giá (Chương 12),Bài kiểm tra 05: Các vấn đề cơ bản về tỷ giá (Chương 12),99.15,100.0,181,181,2025-11-07 04:22:01,136,0.0,0,90,90,4058,4058,100.0,139326,100.0,91,91,0,70353,70353,100.0,100.0,90,100.0,100.0,0,0,0,0,5,5,0,0,0.0,0.0,0.0,5.0,90.0,0,1,0,2026-03-23 10:33:23,,1
295,524,course-v1:DHQG-HCM+FM101+2025_S2,audit,1,27.0,88.0,Pass,1.0,100.0,Bài kiểm tra 05: Các vấn đề cơ bản về tỷ giá (Chương 12),Bài kiểm tra 05: Các vấn đề cơ bản về tỷ giá (Chương 12),Bài kiểm tra 05: Các vấn đề cơ bản về tỷ giá (Chương 12),99.15,100.0,181,181,2025-11-05 14:17:50,138,0.0,0,90,90,4058,4058,100.0,40528,100.0,91,91,0,70353,70353,100.0,100.0,90,100.0,100.0,0,0,0,0,2,2,0,0,0.0,0.0,0.0,2.0,90.0,0,1,0,2026-03-23 10:33:23,,1
296,525,course-v1:DHQG-HCM+FM101+2025_S2,audit,1,27.0,82.0,Pass,1.0,100.0,"Bài kiểm tra 03: Các định chế tài chính trung gian (Chương 6,7)","Bài kiểm tra 03: Các định chế tài chính trung gian (Chương 6,7)","Bài kiểm tra 03: Các định chế tài chính trung gian (Chương 6,7)",99.15,100.0,181,181,2025-11-07 08:51:34,136,0.0,0,90,90,4058,4058,100.0,58652,100.0,91,91,0,70353,70353,100.0,100.0,90,100.0,100.0,0,0,0,0,0,0,0,0,0.0,0.0,0.0,0.0,90.0,0,1,0,2026-03-23 10:33:23,,1
297,526,course-v1:DHQG-HCM+FM101+2025_S2,audit,1,27.0,85.0,Pass,1.0,100.0,Tổng kết môn học,Tổng kết môn học,Tổng kết môn học,99.15,100.0,181,181,2025-11-23 14:43:14,120,0.0,0,90,90,4058,4058,100.0,55794,100.0,91,91,0,70353,70353,100.0,100.0,90,100.0,100.0,0,0,0,0,0,0,0,0,0.0,0.0,0.0,0.0,90.0,0,1,0,2026-03-23 10:33:23,,1
298,528,course-v1:DHQG-HCM+FM101+2025_S2,audit,1,27.0,87.0,Pass,1.0,100.0,"Chương 8: Khái niệm, vai trò của lãi suất và giá trị thời gian của tiền",Slide bài giảng tóm tắt chương 8,Slide bài giảng tóm tắt chương 8,99.15,100.0,181,181,2025-11-10 09:28:47,133,0.0,0,90,90,4058,4058,100.0,6014,100.0,91,91,0,70353,70353,100.0,100.0,90,100.0,100.0,0,0,0,0,0,0,0,0,0.0,0.0,0.0,0.0,90.0,0,1,0,2026-03-23 10:33:23,,1
299,529,course-v1:DHQG-HCM+FM101+2025_S2,audit,1,27.0,92.0,Pass,1.0,9.94,Tổng kết môn học,Tổng kết môn học,Tổng kết môn học,13.68,9.94,18,181,2025-11-17 10:30:12,126,0.0,0,9,9,366,366,100.0,0,100.0,9,9,0,7809,7809,100.0,100.0,9,100.0,100.0,0,0,0,0,0,0,0,0,0.0,0.0,0.0,0.0,90.0,0,1,0,2026-03-23 10:33:23,,1
300,530,course-v1:DHQG-HCM+FM101+2025_S2,audit,1,27.0,88.0,Pass,1.0,100.0,Chương 12: Một số vấn đề cơ bản về tỷ giá,Slide bài giảng tóm tắt chương 12,Slide bài giảng tóm tắt chương 12,99.15,100.0,181,181,2025-11-22 10:18:42,121,0.0,0,90,90,4058,4058,100.0,55148,100.0,91,91,0,70353,70353,100.0,100.0,90,100.0,100.0,0,0,0,0,0,0,0,0,0.0,0.0,0.0,0.0,90.0,0,1,0,2026-03-23 10:33:23,,1
301,531,course-v1:DHQG-HCM+FM101+2025_S2,audit,1,27.0,88.0,Pass,1.0,100.0,Tổng kết môn học,Tổng kết môn học,Tổng kết môn học,99.15,100.0,181,181,2025-11-13 20:00:43,130,0.0,0,90,90,4058,4058,100.0,72914,100.0,91,91,0,70353,70353,100.0,100.0,90,100.0,100.0,0,0,0,0,0,0,0,0,0.0,0.0,0.0,0.0,90.0,0,1,0,2026-03-23 10:33:23,,1
302,533,course-v1:DHQG-HCM+FM101+2025_S2,audit,1,27.0,89.0,Pass,1.0,100.0,Chương 9: Đo lường lãi suất,Slide bài giảng tóm tắt chương 9,Bài đọc mở rộng Chương 9,99.15,100.0,181,181,2025-11-08 18:22:38,135,0.0,0,90,90,4058,4058,100.0,59424,100.0,91,91,0,70353,70353,100.0,100.0,90,100.0,100.0,0,0,0,0,0,0,0,0,0.0,0.0,0.0,0.0,90.0,0,1,0,2026-03-23 10:33:23,,1
303,534,course-v1:DHQG-HCM+FM101+2025_S2,audit,1,27.0,89.0,Pass,1.0,100.0,Chương 12: Một số vấn đề cơ bản về tỷ giá,Chế độ tỷ giá và chính sách tỷ giá,Chế độ tỷ giá và chính sách tỷ giá,99.15,100.0,181,181,2025-11-23 14:40:13,120,0.0,0,90,90,4058,4058,100.0,6996,100.0,91,91,0,70353,70353,100.0,100.0,90,100.0,100.0,0,0,0,0,0,0,0,0,0.0,0.0,0.0,0.0,90.0,0,1,0,2026-03-23 10:33:23,,1
304,535,course-v1:DHQG-HCM+FM101+2025_S2,audit,1,26.0,85.0,Pass,1.0,100.0,"Bài kiểm tra 02: Tổng quan về hệ thống tài chính (Chương 3, 4, 5)","Bài kiểm tra 02: Tổng quan về hệ thống tài chính (Chương 3, 4, 5)","Bài kiểm tra 02: Tổng quan về hệ thống tài chính (Chương 3, 4, 5)",99.15,100.0,181,181,2025-11-23 19:26:12,120,0.0,0,90,90,4058,4058,100.0,75138,100.0,91,91,0,70353,70353,100.0,100.0,90,100.0,100.0,0,0,0,0,0,0,0,0,0.0,0.0,0.0,0.0,90.0,0,1,0,2026-03-23 10:33:23,,1
305,536,course-v1:DHQG-HCM+FM101+2025_S2,audit,1,27.0,88.0,Pass,1.0,100.0,Tổng kết môn học,Tổng kết môn học,Tổng kết môn học,99.15,100.0,181,181,2025-11-23 09:39:30,120,0.0,0,90,90,4058,4058,100.0,0,100.0,91,91,0,70353,70353,100.0,100.0,90,100.0,100.0,0,0,0,0,0,0,0,0,0.0,0.0,0.0,0.0,90.0,0,1,0,2026-03-23 10:33:23,,1
306,537,course-v1:DHQG-HCM+FM101+2025_S2,audit,1,27.0,82.0,Pass,1.0,100.0,Bài kiểm tra 05: Các vấn đề cơ bản về tỷ giá (Chương 12),Bài kiểm tra 05: Các vấn đề cơ bản về tỷ giá (Chương 12),Bài kiểm tra 05: Các vấn đề cơ bản về tỷ giá (Chương 12),99.15,100.0,181,181,2025-11-21 14:54:18,122,0.0,0,90,90,4058,4058,100.0,33972,100.0,91,91,0,70353,70353,100.0,100.0,90,100.0,100.0,0,0,0,0,0,0,0,0,0.0,0.0,0.0,0.0,90.0,0,1,0,2026-03-23 10:33:23,,1
307,538,course-v1:DHQG-HCM+FM101+2025_S2,audit,1,27.0,88.0,Pass,1.0,100.0,Tổng kết môn học,Tổng kết môn học,Tổng kết môn học,99.15,100.0,181,181,2025-11-23 17:21:04,120,0.0,0,90,90,4058,4058,100.0,6062,100.0,91,91,0,70353,70353,100.0,100.0,90,100.0,100.0,0,0,0,0,0,0,0,0,0.0,0.0,0.0,0.0,90.0,0,1,0,2026-03-23 10:33:23,,1
308,539,course-v1:DHQG-HCM+FM101+2025_S2,audit,1,27.0,71.0,Pass,1.0,100.0,Chương 1: Đại cương về tiền tệ,Cung tiền và Đo lường (cung) tiền,Cung tiền và Đo lường (cung) tiền,99.15,100.0,181,181,2025-11-14 01:20:26,129,0.0,0,90,90,4058,4058,100.0,18706,100.0,91,91,0,70353,70353,100.0,100.0,90,100.0,100.0,0,0,0,0,0,0,0,0,0.0,0.0,0.0,0.0,90.0,0,1,0,2026-03-23 10:33:23,,1
309,540,course-v1:DHQG-HCM+FM101+2025_S2,audit,1,27.0,94.0,Pass,1.0,100.0,Bài kiểm tra 05: Các vấn đề cơ bản về tỷ giá (Chương 12),Bài kiểm tra 05: Các vấn đề cơ bản về tỷ giá (Chương 12),Bài kiểm tra 05: Các vấn đề cơ bản về tỷ giá (Chương 12),99.15,100.0,181,181,2025-11-16 15:38:19,127,0.0,0,90,90,4058,4058,100.0,0,100.0,91,91,0,70353,70353,100.0,100.0,90,100.0,100.0,0,0,0,0,0,0,0,0,0.0,0.0,0.0,0.0,90.0,0,1,0,2026-03-23 10:33:23,,1
310,541,course-v1:DHQG-HCM+FM101+2025_S2,audit,1,27.0,90.0,Pass,1.0,100.0,Tổng kết môn học,Tổng kết môn học,Tổng kết môn học,99.15,100.0,181,181,2025-11-09 12:48:58,134,0.0,0,90,90,4058,4058,100.0,0,100.0,91,91,0,70353,70353,100.0,100.0,90,100.0,100.0,0,0,0,0,0,0,0,0,0.0,0.0,0.0,0.0,90.0,0,1,0,2026-03-23 10:33:23,,1
311,542,course-v1:DHQG-HCM+FM101+2025_S2,audit,1,27.0,0.0,,0.0,4.42,Chương 1: Đại cương về tiền tệ,Phương thức thanh toán,Phương thức thanh toán,3.42,4.42,8,181,2025-09-11 11:13:24,193,0.0,0,4,4,146,146,100.0,0,100.0,4,4,0,3878,3878,100.0,100.0,4,100.0,100.0,0,0,0,0,0,0,0,0,0.0,0.0,0.0,0.0,90.0,0,1,0,2026-03-23 10:33:23,,0
312,543,course-v1:DHQG-HCM+FM101+2025_S2,audit,1,27.0,80.0,Pass,1.0,100.0,Bài kiểm tra 05: Các vấn đề cơ bản về tỷ giá (Chương 12),Bài kiểm tra 05: Các vấn đề cơ bản về tỷ giá (Chương 12),Bài kiểm tra 05: Các vấn đề cơ bản về tỷ giá (Chương 12),99.15,100.0,181,181,2025-11-08 06:59:13,135,0.0,0,90,90,4058,4058,100.0,0,100.0,91,91,0,70353,70353,100.0,100.0,90,100.0,100.0,0,0,0,0,0,0,0,0,0.0,0.0,0.0,0.0,90.0,0,1,0,2026-03-23 10:33:23,,1
313,544,course-v1:DHQG-HCM+FM101+2025_S2,audit,1,27.0,84.0,Pass,1.0,100.0,Chương 6: Chi phí giao dịch và thông tin bất cân xứng,Slide bài giảng tóm tắt chương 6,Bài đọc mở rộng Chương 6,99.15,100.0,181,181,2025-11-23 08:25:52,120,0.0,0,90,90,4058,4058,100.0,11854,100.0,91,91,0,70353,70353,100.0,100.0,90,100.0,100.0,0,0,0,0,0,0,0,0,0.0,0.0,0.0,0.0,90.0,0,1,0,2026-03-23 10:33:23,,1
314,545,course-v1:DHQG-HCM+FM101+2025_S2,audit,1,27.0,93.0,Pass,1.0,100.0,Tổng kết môn học,Tổng kết môn học,Tổng kết môn học,99.15,100.0,181,181,2025-11-20 18:06:43,123,0.0,0,90,90,4058,4058,100.0,3210,100.0,91,91,0,70353,70353,100.0,100.0,90,100.0,100.0,0,0,0,0,0,0,0,0,0.0,0.0,0.0,0.0,90.0,0,1,0,2026-03-23 10:33:23,,1
315,547,course-v1:DHQG-HCM+FM101+2025_S2,audit,1,27.0,88.0,Pass,1.0,100.0,Bài kiểm tra 05: Các vấn đề cơ bản về tỷ giá (Chương 12),Bài kiểm tra 05: Các vấn đề cơ bản về tỷ giá (Chương 12),Bài kiểm tra 05: Các vấn đề cơ bản về tỷ giá (Chương 12),99.15,100.0,181,181,2025-11-11 16:01:29,132,0.0,0,90,90,4058,4058,100.0,84448,100.0,91,91,0,70353,70353,100.0,100.0,90,100.0,100.0,0,0,0,0,0,0,0,0,0.0,0.0,0.0,0.0,90.0,0,1,0,2026-03-23 10:33:23,,1
316,548,course-v1:DHQG-HCM+FM101+2025_S2,audit,1,27.0,83.0,Pass,1.0,100.0,Giới thiệu,Tổng quan khóa học,Tổng quan khóa học,99.15,100.0,181,181,2025-11-06 15:08:36,137,0.0,0,90,90,4058,4058,100.0,55898,100.0,91,91,0,70353,70352,100.0,100.0,90,100.0,100.0,0,0,0,0,0,0,0,0,0.0,0.0,0.0,0.0,90.0,0,1,0,2026-03-23 10:33:23,,1
317,549,course-v1:DHQG-HCM+FM101+2025_S2,audit,1,27.0,90.0,Pass,1.0,100.0,Chương 9: Đo lường lãi suất,Slide bài giảng tóm tắt chương 9,Bài đọc mở rộng Chương 9,99.15,100.0,181,181,2025-11-23 13:12:19,120,0.0,0,90,90,4058,4058,100.0,506620,100.0,91,91,0,70353,70353,100.0,100.0,90,100.0,100.0,0,0,0,0,0,0,0,0,0.0,0.0,0.0,0.0,90.0,0,1,0,2026-03-23 10:33:23,,1
318,550,course-v1:DHQG-HCM+FM101+2025_S2,audit,1,27.0,89.0,Pass,1.0,100.0,Tổng kết môn học,Tổng kết môn học,Tổng kết môn học,99.15,100.0,181,181,2025-11-07 06:05:47,136,0.0,0,90,90,4058,4058,100.0,82606,100.0,91,91,0,70353,70353,100.0,100.0,90,100.0,100.0,0,0,0,0,3,3,0,0,0.0,0.0,0.0,3.0,90.0,0,1,0,2026-03-23 10:33:23,,1
319,551,course-v1:DHQG-HCM+FM101+2025_S2,audit,1,27.0,82.0,Pass,1.0,100.0,Bài kiểm tra 05: Các vấn đề cơ bản về tỷ giá (Chương 12),Bài kiểm tra 05: Các vấn đề cơ bản về tỷ giá (Chương 12),Bài kiểm tra 05: Các vấn đề cơ bản về tỷ giá (Chương 12),99.15,100.0,181,181,2025-11-17 15:28:03,126,0.0,0,90,90,4058,4058,100.0,113116,100.0,91,91,0,70353,70353,100.0,100.0,90,100.0,100.0,0,0,0,0,0,0,0,0,0.0,0.0,0.0,0.0,90.0,0,1,0,2026-03-23 10:33:23,,1
320,552,course-v1:DHQG-HCM+FM101+2025_S2,audit,1,27.0,84.0,Pass,1.0,100.0,Bài kiểm tra 05: Các vấn đề cơ bản về tỷ giá (Chương 12),Bài kiểm tra 05: Các vấn đề cơ bản về tỷ giá (Chương 12),Bài kiểm tra 05: Các vấn đề cơ bản về tỷ giá (Chương 12),99.15,100.0,181,181,2025-11-11 01:56:09,132,0.0,0,90,90,4058,4058,100.0,225442,100.0,91,91,0,70353,70353,100.0,100.0,90,100.0,100.0,0,0,0,0,0,0,0,0,0.0,0.0,0.0,0.0,90.0,0,1,0,2026-03-23 10:33:23,,1
321,553,course-v1:DHQG-HCM+FM101+2025_S2,audit,1,27.0,84.0,Pass,1.0,100.0,Bài kiểm tra 05: Các vấn đề cơ bản về tỷ giá (Chương 12),Bài kiểm tra 05: Các vấn đề cơ bản về tỷ giá (Chương 12),Bài kiểm tra 05: Các vấn đề cơ bản về tỷ giá (Chương 12),99.15,100.0,181,181,2025-11-12 04:14:20,131,0.0,0,90,90,4058,4058,100.0,43742,100.0,91,91,0,70353,70353,100.0,100.0,90,100.0,100.0,0,0,0,0,0,0,0,0,0.0,0.0,0.0,0.0,90.0,0,1,0,2026-03-23 10:33:23,,1
322,554,course-v1:DHQG-HCM+FM101+2025_S2,audit,1,27.0,86.0,Pass,1.0,100.0,Chương 7: Các định chế tài chính trung gian,Slide bài giảng tóm tắt chương 7,Bài đọc mở rộng Chương 7,99.15,100.0,181,181,2025-11-13 02:07:39,130,0.0,0,90,90,4058,4058,100.0,263436,100.0,91,91,0,70353,70353,100.0,100.0,90,100.0,100.0,0,0,0,0,0,0,0,0,0.0,0.0,0.0,0.0,90.0,0,1,0,2026-03-23 10:33:23,,1
323,555,course-v1:DHQG-HCM+FM101+2025_S2,audit,1,27.0,89.0,Pass,1.0,100.0,Bài kiểm tra 05: Các vấn đề cơ bản về tỷ giá (Chương 12),Bài kiểm tra 05: Các vấn đề cơ bản về tỷ giá (Chương 12),Bài kiểm tra 05: Các vấn đề cơ bản về tỷ giá (Chương 12),99.15,100.0,181,181,2025-11-12 03:31:04,131,0.0,0,90,90,4058,4058,100.0,26738,100.0,91,91,0,70353,70353,100.0,100.0,90,100.0,100.0,0,0,0,0,0,0,0,0,0.0,0.0,0.0,0.0,90.0,0,1,0,2026-03-23 10:33:23,,1
324,556,course-v1:DHQG-HCM+FM101+2025_S2,audit,1,27.0,88.0,Pass,1.0,100.0,Tổng kết môn học,Tổng kết môn học,Tổng kết môn học,99.15,100.0,181,181,2025-10-27 17:24:12,147,0.0,0,90,90,4058,4058,100.0,0,100.0,91,91,0,70353,70353,100.0,100.0,90,100.0,100.0,0,0,0,0,0,0,0,0,0.0,0.0,0.0,0.0,90.0,0,1,0,2026-03-23 10:33:23,,1
325,557,course-v1:DHQG-HCM+FM101+2025_S2,audit,1,27.0,89.0,Pass,1.0,100.0,Bài kiểm tra 05: Các vấn đề cơ bản về tỷ giá (Chương 12),Bài kiểm tra 05: Các vấn đề cơ bản về tỷ giá (Chương 12),Bài kiểm tra 05: Các vấn đề cơ bản về tỷ giá (Chương 12),99.15,100.0,181,181,2025-11-10 15:50:13,133,0.0,0,90,90,4058,4058,100.0,36514,100.0,91,91,0,70353,70353,100.0,100.0,90,100.0,100.0,0,0,0,0,0,0,0,0,0.0,0.0,0.0,0.0,90.0,0,1,0,2026-03-23 10:33:23,,1
326,559,course-v1:DHQG-HCM+FM101+2025_S2,audit,1,27.0,88.0,Pass,1.0,100.0,Bài kiểm tra 05: Các vấn đề cơ bản về tỷ giá (Chương 12),Bài kiểm tra 05: Các vấn đề cơ bản về tỷ giá (Chương 12),Bài kiểm tra 05: Các vấn đề cơ bản về tỷ giá (Chương 12),99.15,100.0,181,181,2025-11-12 16:13:57,131,0.0,0,90,90,4058,4058,100.0,13596,100.0,91,91,0,70353,70353,100.0,100.0,90,100.0,100.0,0,0,0,0,0,0,0,0,0.0,0.0,0.0,0.0,90.0,0,1,0,2026-03-23 10:33:23,,1
327,561,course-v1:DHQG-HCM+FM101+2025_S2,audit,1,27.0,90.0,Pass,1.0,100.0,"Bài kiểm tra 03: Các định chế tài chính trung gian (Chương 6,7)","Bài kiểm tra 03: Các định chế tài chính trung gian (Chương 6,7)","Bài kiểm tra 03: Các định chế tài chính trung gian (Chương 6,7)",99.15,100.0,181,181,2025-11-11 15:20:12,132,0.0,0,90,90,4058,4058,100.0,0,100.0,91,91,0,70353,70353,100.0,100.0,90,100.0,100.0,0,0,0,0,0,0,0,0,0.0,0.0,0.0,0.0,90.0,0,1,0,2026-03-23 10:33:23,,1
328,562,course-v1:DHQG-HCM+FM101+2025_S2,audit,1,27.0,90.0,Pass,1.0,100.0,Bài kiểm tra 05: Các vấn đề cơ bản về tỷ giá (Chương 12),Bài kiểm tra 05: Các vấn đề cơ bản về tỷ giá (Chương 12),Bài kiểm tra 05: Các vấn đề cơ bản về tỷ giá (Chương 12),99.15,100.0,181,181,2025-11-09 17:34:12,134,0.0,0,90,90,4058,4058,100.0,69884,100.0,91,91,0,70353,70353,100.0,100.0,90,100.0,100.0,0,0,0,0,0,0,0,0,0.0,0.0,0.0,0.0,90.0,0,1,0,2026-03-23 10:33:23,,1
329,563,course-v1:DHQG-HCM+FM101+2025_S2,audit,1,27.0,0.0,,0.0,13.26,Chương 3: Chức năng của thị trường tài chính,Chức năng luân chuyển vốn của thị trường tài chính,Chức năng luân chuyển vốn của thị trường tài chính,13.68,13.26,24,181,2025-09-19 15:43:55,185,0.0,0,12,12,434,434,100.0,0,100.0,12,12,0,10311,10311,100.0,100.0,12,100.0,100.0,0,0,0,0,0,0,0,0,0.0,0.0,0.0,0.0,90.0,0,1,0,2026-03-23 10:33:23,,0
330,564,course-v1:DHQG-HCM+FM101+2025_S2,audit,1,27.0,86.0,Pass,1.0,100.0,Tổng kết môn học,Tổng kết môn học,Tổng kết môn học,99.15,100.0,181,181,2025-11-09 15:00:05,134,0.0,0,90,90,4058,4058,100.0,116716,100.0,91,91,0,70353,70353,100.0,100.0,90,100.0,100.0,0,0,0,0,0,0,0,0,0.0,0.0,0.0,0.0,90.0,0,1,0,2026-03-23 10:33:23,,1
331,565,course-v1:DHQG-HCM+FM101+2025_S2,audit,1,27.0,94.0,Pass,1.0,100.0,Chương 12: Một số vấn đề cơ bản về tỷ giá,Chế độ tỷ giá và chính sách tỷ giá,Chế độ tỷ giá và chính sách tỷ giá,99.15,100.0,181,181,2025-11-09 14:20:11,134,0.0,0,90,90,4058,4058,100.0,0,100.0,91,91,0,70353,70353,100.0,100.0,90,100.0,100.0,0,0,0,0,0,0,0,0,0.0,0.0,0.0,0.0,90.0,0,1,0,2026-03-23 10:33:23,,1
332,567,course-v1:DHQG-HCM+FM101+2025_S2,audit,1,27.0,88.0,Pass,1.0,100.0,Chương 12: Một số vấn đề cơ bản về tỷ giá,Chế độ tỷ giá và chính sách tỷ giá,Chế độ tỷ giá và chính sách tỷ giá,99.15,100.0,181,181,2025-11-09 12:57:22,134,0.0,0,90,90,4058,4058,100.0,0,100.0,91,91,0,70353,70353,100.0,100.0,90,100.0,100.0,0,0,0,0,0,0,0,0,0.0,0.0,0.0,0.0,90.0,0,1,0,2026-03-23 10:33:23,,1
333,568,course-v1:DHQG-HCM+FM101+2025_S2,audit,1,27.0,89.0,Pass,1.0,100.0,Bài kiểm tra 05: Các vấn đề cơ bản về tỷ giá (Chương 12),Bài kiểm tra 05: Các vấn đề cơ bản về tỷ giá (Chương 12),Bài kiểm tra 05: Các vấn đề cơ bản về tỷ giá (Chương 12),99.15,100.0,181,181,2025-11-09 06:12:57,134,0.0,0,90,90,4058,4058,100.0,106974,100.0,91,91,0,70353,70353,100.0,100.0,90,100.0,100.0,0,0,0,0,0,0,0,0,0.0,0.0,0.0,0.0,90.0,0,1,0,2026-03-23 10:33:23,,1
334,569,course-v1:DHQG-HCM+FM101+2025_S2,audit,1,27.0,90.0,Pass,1.0,100.0,Bài kiểm tra 05: Các vấn đề cơ bản về tỷ giá (Chương 12),Bài kiểm tra 05: Các vấn đề cơ bản về tỷ giá (Chương 12),Bài kiểm tra 05: Các vấn đề cơ bản về tỷ giá (Chương 12),99.15,100.0,181,181,2025-11-11 02:01:06,132,0.0,0,90,90,4058,4058,100.0,80872,100.0,91,91,0,70353,70353,100.0,100.0,90,100.0,100.0,0,0,0,0,0,0,0,0,0.0,0.0,0.0,0.0,90.0,0,1,0,2026-03-23 10:33:23,,1
335,570,course-v1:DHQG-HCM+FM101+2025_S2,audit,1,27.0,86.0,Pass,1.0,100.0,Bài kiểm tra 05: Các vấn đề cơ bản về tỷ giá (Chương 12),Bài kiểm tra 05: Các vấn đề cơ bản về tỷ giá (Chương 12),Bài kiểm tra 05: Các vấn đề cơ bản về tỷ giá (Chương 12),99.15,100.0,181,181,2025-11-03 06:51:46,140,0.0,0,90,90,4058,4058,100.0,30960,100.0,91,91,0,70353,70353,100.0,100.0,90,100.0,100.0,0,0,0,0,3,3,0,0,0.0,0.0,0.0,3.0,90.0,0,1,0,2026-03-23 10:33:23,,1
336,571,course-v1:DHQG-HCM+FM101+2025_S2,audit,1,27.0,90.0,Pass,1.0,87.29,Chương 10: Lý thuyết lượng cầu tài sản,Bài tập tình huống,"Thông tin, dự tính và ứng dụng lý thuyết lượng cầu tài sản",89.74,87.29,158,181,2025-11-24 16:20:58,119,0.0,0,79,51,2526,3652,72.09,37036,64.56,80,79,1,62351,62084,98.75,99.57,51,72.09,64.56,0,0,0,0,0,0,0,0,0.0,0.0,0.0,0.0,90.0,0,1,0,2026-03-23 10:33:23,,1
337,572,course-v1:DHQG-HCM+FM101+2025_S2,audit,1,27.0,81.0,Pass,1.0,100.0,Bài kiểm tra 05: Các vấn đề cơ bản về tỷ giá (Chương 12),Bài kiểm tra 05: Các vấn đề cơ bản về tỷ giá (Chương 12),Bài kiểm tra 05: Các vấn đề cơ bản về tỷ giá (Chương 12),99.15,100.0,181,181,2025-10-30 12:40:39,144,0.0,0,90,90,4058,4058,100.0,0,100.0,91,91,0,70353,70353,100.0,100.0,90,100.0,100.0,0,0,0,1,5,6,0,0,0.0,0.0,0.0,6.0,90.0,0,1,0,2026-03-23 10:33:23,,1
338,573,course-v1:DHQG-HCM+FM101+2025_S2,audit,1,27.0,84.0,Pass,1.0,100.0,Bài kiểm tra 05: Các vấn đề cơ bản về tỷ giá (Chương 12),Bài kiểm tra 05: Các vấn đề cơ bản về tỷ giá (Chương 12),Bài kiểm tra 05: Các vấn đề cơ bản về tỷ giá (Chương 12),99.15,100.0,181,181,2025-11-23 15:00:58,120,0.0,0,90,90,4058,4058,100.0,0,100.0,91,91,0,70353,70353,100.0,100.0,90,100.0,100.0,0,0,0,0,0,0,0,0,0.0,0.0,0.0,0.0,90.0,0,1,0,2026-03-23 10:33:23,,1
339,574,course-v1:DHQG-HCM+FM101+2025_S2,audit,1,27.0,8.0,,0.0,11.05,"Bài kiểm tra 01_Tổng quan về tiền tệ và tài chính (Chương 1,2) ","Bài kiểm tra 01_Tổng quan về tiền tệ và tài chính (Chương 1,2) ","Bài kiểm tra 01_Tổng quan về tiền tệ và tài chính (Chương 1,2) ",12.82,11.05,20,181,2025-10-12 09:50:47,162,0.0,0,10,10,370,370,100.0,0,100.0,10,10,0,8381,8381,100.0,100.0,10,100.0,100.0,0,0,0,0,0,0,0,0,0.0,0.0,0.0,0.0,90.0,0,1,0,2026-03-23 10:33:23,,0
340,575,course-v1:DHQG-HCM+FM101+2025_S2,audit,1,27.0,93.0,Pass,1.0,100.0,Chương 4: Cấu trúc thị trường tài chính,Slide bài giảng tóm tắt chương 4,Bài đọc mở rộng chương 4,99.15,100.0,181,181,2025-11-23 09:19:02,120,0.0,0,90,90,4058,4058,100.0,118844,100.0,91,91,0,70353,70353,100.0,100.0,90,100.0,100.0,0,0,0,0,0,0,0,0,0.0,0.0,0.0,0.0,90.0,0,1,0,2026-03-23 10:33:23,,1
341,577,course-v1:DHQG-HCM+FM101+2025_S2,audit,1,27.0,86.0,Pass,1.0,100.0,"Chương 11: Các yếu tố ảnh hưởng đến lãi suất, cấu trúc rủi ro và kỳ hạn của lãi suất",Lý thuyết khuôn mẫu tiền vay,Lý thuyết khuôn mẫu tiền vay (tiếp theo),99.15,100.0,181,181,2025-11-24 00:27:41,119,0.0,0,90,90,4058,4058,100.0,164,100.0,91,91,0,70353,70353,100.0,100.0,90,100.0,100.0,0,0,0,0,10,10,0,0,0.0,0.0,0.0,10.0,90.0,0,1,0,2026-03-23 10:33:23,,1
342,578,course-v1:DHQG-HCM+FM101+2025_S2,audit,1,27.0,85.0,Pass,1.0,100.0,Bài kiểm tra 05: Các vấn đề cơ bản về tỷ giá (Chương 12),Bài kiểm tra 05: Các vấn đề cơ bản về tỷ giá (Chương 12),Bài kiểm tra 05: Các vấn đề cơ bản về tỷ giá (Chương 12),99.15,100.0,181,181,2025-11-11 13:13:57,132,0.0,0,90,90,4058,4058,100.0,0,100.0,91,91,0,70353,70353,100.0,100.0,90,100.0,100.0,0,0,0,0,0,0,0,0,0.0,0.0,0.0,0.0,90.0,0,1,0,2026-03-23 10:33:23,,1
343,579,course-v1:DHQG-HCM+FM101+2025_S2,audit,1,27.0,88.0,Pass,1.0,100.0,"Chương 11: Các yếu tố ảnh hưởng đến lãi suất, cấu trúc rủi ro và kỳ hạn của lãi suất",Cấu trúc rủi ro và cấu trúc kỳ hạn của lãi suất,Cấu trúc rủi ro và cấu trúc kỳ hạn của lãi suất (tiếp theo),99.15,100.0,181,181,2025-11-22 13:44:51,121,0.0,0,90,90,4058,4058,100.0,157014,100.0,91,91,0,70353,70353,100.0,100.0,90,100.0,100.0,0,0,0,0,0,0,0,0,0.0,0.0,0.0,0.0,90.0,0,1,0,2026-03-23 10:33:23,,1
344,580,course-v1:DHQG-HCM+FM101+2025_S2,audit,1,27.0,77.0,Pass,1.0,62.43,"Chương 11: Các yếu tố ảnh hưởng đến lãi suất, cấu trúc rủi ro và kỳ hạn của lãi suất",Lý thuyết khuôn mẫu tiền vay,Lý thuyết khuôn mẫu tiền vay,68.38,62.43,113,181,2025-11-26 01:44:06,117,0.0,0,56,56,2638,2638,100.0,44266,100.0,61,57,4,48708,46817,93.44,96.12,56,100.0,100.0,0,0,0,0,0,0,0,0,0.0,0.0,0.0,0.0,90.0,0,1,0,2026-03-23 10:33:23,,1
345,581,course-v1:DHQG-HCM+FM101+2025_S2,audit,1,27.0,88.0,Pass,1.0,100.0,Tổng kết môn học,Tổng kết môn học,Tổng kết môn học,99.15,100.0,181,181,2025-11-08 14:13:27,135,0.0,0,90,90,4058,4058,100.0,0,100.0,91,91,0,70353,70353,100.0,100.0,90,100.0,100.0,0,0,0,0,0,0,0,0,0.0,0.0,0.0,0.0,90.0,0,1,0,2026-03-23 10:33:23,,1
346,583,course-v1:DHQG-HCM+FM101+2025_S2,audit,1,27.0,0.0,,0.0,1.1,Giới thiệu,Giới thiệu môn học,Giới thiệu,1.71,1.1,2,181,2025-09-11 14:10:33,193,0.0,0,1,1,22,22,100.0,0,100.0,1,1,0,843,843,100.0,100.0,1,100.0,100.0,0,0,0,0,0,0,0,0,0.0,0.0,0.0,0.0,90.0,0,1,0,2026-03-23 10:33:23,,0
347,584,course-v1:DHQG-HCM+FM101+2025_S2,audit,1,27.0,80.0,Pass,1.0,100.0,Tổng kết môn học,Tổng kết môn học,Tổng kết môn học,99.15,100.0,181,181,2025-11-12 17:33:18,131,0.0,0,90,90,4058,4058,100.0,156352,100.0,91,91,0,70353,70353,100.0,100.0,90,100.0,100.0,0,0,0,0,0,0,0,0,0.0,0.0,0.0,0.0,90.0,0,1,0,2026-03-23 10:33:23,,1
348,585,course-v1:DHQG-HCM+FM101+2025_S2,audit,1,27.0,83.0,Pass,1.0,100.0,"Chương 8: Khái niệm, vai trò của lãi suất và giá trị thời gian của tiền",Slide bài giảng tóm tắt chương 8,Slide bài giảng tóm tắt chương 8,99.15,100.0,181,181,2025-11-22 16:25:24,121,0.0,0,90,90,4058,4058,100.0,21754,100.0,91,91,0,70353,70353,100.0,100.0,90,100.0,100.0,0,0,0,0,0,0,0,0,0.0,0.0,0.0,0.0,90.0,0,1,0,2026-03-23 10:33:23,,1
349,586,course-v1:DHQG-HCM+FM101+2025_S2,audit,1,27.0,84.0,Pass,1.0,100.0,Bài kiểm tra 05: Các vấn đề cơ bản về tỷ giá (Chương 12),Bài kiểm tra 05: Các vấn đề cơ bản về tỷ giá (Chương 12),Bài kiểm tra 05: Các vấn đề cơ bản về tỷ giá (Chương 12),99.15,100.0,181,181,2025-11-22 17:42:46,121,0.0,0,90,90,4058,4058,100.0,118242,100.0,91,91,0,70353,70353,100.0,100.0,90,100.0,100.0,0,0,0,0,0,0,0,0,0.0,0.0,0.0,0.0,90.0,0,1,0,2026-03-23 10:33:23,,1
350,588,course-v1:DHQG-HCM+FM101+2025_S2,audit,1,27.0,90.0,Pass,1.0,100.0,Bài kiểm tra 05: Các vấn đề cơ bản về tỷ giá (Chương 12),Bài kiểm tra 05: Các vấn đề cơ bản về tỷ giá (Chương 12),Bài kiểm tra 05: Các vấn đề cơ bản về tỷ giá (Chương 12),99.15,100.0,181,181,2025-11-08 08:05:49,135,0.0,0,90,90,4058,4058,100.0,0,100.0,91,91,0,70353,70353,100.0,100.0,90,100.0,100.0,0,0,0,0,0,0,0,0,0.0,0.0,0.0,0.0,90.0,0,1,0,2026-03-23 10:33:23,,1
351,590,course-v1:DHQG-HCM+FM101+2025_S2,audit,1,27.0,91.0,Pass,1.0,100.0,Tổng kết môn học,Tổng kết môn học,Tổng kết môn học,99.15,100.0,181,181,2025-11-08 04:01:12,135,0.0,0,90,90,4058,4058,100.0,0,100.0,91,91,0,70353,70353,100.0,100.0,90,100.0,100.0,0,0,0,0,0,0,0,0,0.0,0.0,0.0,0.0,90.0,0,1,0,2026-03-23 10:33:23,,1
352,591,course-v1:DHQG-HCM+FM101+2025_S2,audit,1,27.0,85.0,Pass,1.0,100.0,"Bài kiểm tra 03: Các định chế tài chính trung gian (Chương 6,7)","Bài kiểm tra 03: Các định chế tài chính trung gian (Chương 6,7)","Bài kiểm tra 03: Các định chế tài chính trung gian (Chương 6,7)",99.15,100.0,181,181,2025-11-09 15:45:23,134,0.0,0,90,90,4058,4058,100.0,0,100.0,91,91,0,70353,70353,100.0,100.0,90,100.0,100.0,0,0,0,1,88,89,0,1,0.0,0.0,0.0,89.0,90.0,0,1,0,2026-03-23 10:33:23,,1
353,592,course-v1:DHQG-HCM+FM101+2025_S2,audit,1,27.0,85.0,Pass,1.0,100.0,Bài kiểm tra 05: Các vấn đề cơ bản về tỷ giá (Chương 12),Bài kiểm tra 05: Các vấn đề cơ bản về tỷ giá (Chương 12),Bài kiểm tra 05: Các vấn đề cơ bản về tỷ giá (Chương 12),99.15,100.0,181,181,2025-11-09 16:48:26,134,0.0,0,90,90,4058,4058,100.0,71758,100.0,91,91,0,70353,70353,100.0,100.0,90,100.0,100.0,0,0,0,0,0,0,0,0,0.0,0.0,0.0,0.0,90.0,0,1,0,2026-03-23 10:33:23,,1
354,593,course-v1:DHQG-HCM+FM101+2025_S2,audit,1,27.0,82.0,Pass,1.0,100.0,Giới thiệu,Đề cương MOOCS_Nguyên lý thị trường tài chính,Đề cương MOOCS_Nguyên lý thị trường tài chính,99.15,100.0,181,181,2025-11-22 16:57:55,121,0.0,0,90,90,4058,4058,100.0,0,100.0,91,91,0,70353,70353,100.0,100.0,90,100.0,100.0,0,0,0,0,0,0,0,0,0.0,0.0,0.0,0.0,90.0,0,1,0,2026-03-23 10:33:23,,1
355,594,course-v1:DHQG-HCM+FM101+2025_S2,audit,1,27.0,90.0,Pass,1.0,100.0,Bài kiểm tra 05: Các vấn đề cơ bản về tỷ giá (Chương 12),Bài kiểm tra 05: Các vấn đề cơ bản về tỷ giá (Chương 12),Bài kiểm tra 05: Các vấn đề cơ bản về tỷ giá (Chương 12),99.15,100.0,181,181,2025-10-28 13:58:08,146,0.0,0,90,90,4058,4058,100.0,24042,100.0,91,91,0,70353,70353,100.0,100.0,90,100.0,100.0,0,0,0,0,0,0,0,0,0.0,0.0,0.0,0.0,90.0,0,1,0,2026-03-23 10:33:23,,1
356,596,course-v1:DHQG-HCM+FM101+2025_S2,audit,1,27.0,87.0,Pass,1.0,100.0,Bài kiểm tra 05: Các vấn đề cơ bản về tỷ giá (Chương 12),Bài kiểm tra 05: Các vấn đề cơ bản về tỷ giá (Chương 12),Bài kiểm tra 05: Các vấn đề cơ bản về tỷ giá (Chương 12),99.15,100.0,181,181,2025-11-09 08:10:38,134,0.0,0,90,90,4058,4058,100.0,45314,100.0,91,91,0,70353,70353,100.0,100.0,90,100.0,100.0,0,0,0,0,0,0,0,0,0.0,0.0,0.0,0.0,90.0,0,1,0,2026-03-23 10:33:23,,1
357,597,course-v1:DHQG-HCM+FM101+2025_S2,audit,1,27.0,91.0,Pass,1.0,100.0,Tổng kết môn học,Tổng kết môn học,Tổng kết môn học,99.15,100.0,181,181,2025-11-23 17:14:42,120,0.0,0,90,90,4058,4058,100.0,467560,100.0,91,91,0,70353,70353,100.0,100.0,90,100.0,100.0,0,0,0,0,0,0,0,0,0.0,0.0,0.0,0.0,90.0,0,1,0,2026-03-23 10:33:23,,1
358,598,course-v1:DHQG-HCM+FM101+2025_S2,audit,1,27.0,85.0,Pass,1.0,100.0,Tổng kết môn học,Tổng kết môn học,Tổng kết môn học,99.15,100.0,181,181,2025-11-08 21:20:03,135,0.0,0,90,90,4058,4058,100.0,73936,100.0,91,91,0,70353,70353,100.0,100.0,90,100.0,100.0,0,0,0,0,0,0,0,0,0.0,0.0,0.0,0.0,90.0,0,1,0,2026-03-23 10:33:23,,1
359,599,course-v1:DHQG-HCM+FM101+2025_S2,audit,1,27.0,80.0,Pass,1.0,100.0,Tổng kết môn học,Tổng kết môn học,Tổng kết môn học,99.15,100.0,181,181,2025-11-23 04:58:07,120,0.0,0,90,90,4058,4058,100.0,30034,100.0,91,91,0,70353,70353,100.0,100.0,90,100.0,100.0,0,0,0,0,0,0,0,0,0.0,0.0,0.0,0.0,90.0,0,1,0,2026-03-23 10:33:23,,1
360,600,course-v1:DHQG-HCM+FM101+2025_S2,audit,1,27.0,46.0,,0.0,45.86,Chương 9: Đo lường lãi suất,Slide bài giảng tóm tắt chương 9,Bài đọc mở rộng Chương 9,49.57,45.86,83,181,2025-11-26 01:09:06,117,0.0,0,41,41,1804,1804,100.0,0,100.0,42,42,0,34283,34283,100.0,100.0,41,100.0,100.0,0,0,0,0,0,0,0,0,0.0,0.0,0.0,0.0,90.0,0,1,0,2026-03-23 10:33:23,,0
361,601,course-v1:DHQG-HCM+FM101+2025_S2,audit,1,27.0,86.0,Pass,1.0,100.0,Giới thiệu,Tổng quan khóa học,Tổng quan khóa học,99.15,100.0,181,181,2025-11-18 18:13:28,125,0.0,0,90,90,4058,4058,100.0,156236,100.0,91,91,0,70353,70353,100.0,100.0,90,100.0,100.0,0,0,0,0,0,0,0,0,0.0,0.0,0.0,0.0,90.0,0,1,0,2026-03-23 10:33:23,,1
362,602,course-v1:DHQG-HCM+FM101+2025_S2,audit,1,27.0,88.0,Pass,1.0,100.0,Chương 9: Đo lường lãi suất,Bài tập_Hướng dẫn tính Lợi suất đáo hạn,Hướng dẫn tính lợi suất đáo hạn_Phần 2,99.15,100.0,181,181,2025-11-10 13:46:35,133,0.0,0,90,90,4058,4058,100.0,0,100.0,91,91,0,70353,70353,100.0,100.0,90,100.0,100.0,0,0,0,0,1,1,0,0,0.0,0.0,0.0,1.0,90.0,0,1,0,2026-03-23 10:33:23,,1
363,603,course-v1:DHQG-HCM+FM101+2025_S2,audit,1,27.0,82.0,Pass,1.0,100.0,Bài kiểm tra 05: Các vấn đề cơ bản về tỷ giá (Chương 12),Bài kiểm tra 05: Các vấn đề cơ bản về tỷ giá (Chương 12),Bài kiểm tra 05: Các vấn đề cơ bản về tỷ giá (Chương 12),99.15,100.0,181,181,2025-11-17 17:06:39,126,0.0,0,90,90,4058,4058,100.0,0,100.0,91,91,0,70353,70353,100.0,100.0,90,100.0,100.0,0,0,0,0,0,0,0,0,0.0,0.0,0.0,0.0,90.0,0,1,0,2026-03-23 10:33:23,,1
364,605,course-v1:DHQG-HCM+FM101+2025_S2,audit,1,27.0,82.0,Pass,1.0,100.0,"Chương 11: Các yếu tố ảnh hưởng đến lãi suất, cấu trúc rủi ro và kỳ hạn của lãi suất",Slide bài giảng tóm tắt chương 11,Slide bài giảng tóm tắt chương 11,93.16,100.0,181,181,2025-11-25 08:31:04,118,0.0,0,90,90,4058,4058,100.0,47146,100.0,91,91,0,70353,70353,100.0,100.0,90,100.0,100.0,0,0,0,0,0,0,0,0,0.0,0.0,0.0,0.0,90.0,0,1,0,2026-03-23 10:33:23,,1
365,606,course-v1:DHQG-HCM+FM101+2025_S2,audit,1,27.0,87.0,Pass,1.0,100.0,Tổng kết môn học,Tổng kết môn học,Tổng kết môn học,99.15,100.0,181,181,2025-11-11 00:57:39,132,0.0,0,90,90,4058,4058,100.0,270072,100.0,91,91,0,70353,70353,100.0,100.0,90,100.0,100.0,0,0,0,0,0,0,0,0,0.0,0.0,0.0,0.0,90.0,0,1,0,2026-03-23 10:33:23,,1
366,607,course-v1:DHQG-HCM+FM101+2025_S2,audit,1,27.0,92.0,Pass,1.0,100.0,"Bài kiểm tra 04_Các vấn đề cơ bản về lãi suất (Chương 8,9,10,11)","Bài kiểm tra 04_Các vấn đề cơ bản về lãi suất (Chương 8,9,10,11)","Bài kiểm tra 04_Các vấn đề cơ bản về lãi suất (Chương 8,9,10,11)",99.15,100.0,181,181,2025-11-09 12:23:21,134,0.0,0,90,90,4058,4058,100.0,222598,100.0,91,91,0,70353,70353,100.0,100.0,90,100.0,100.0,0,0,0,0,0,0,0,0,0.0,0.0,0.0,0.0,90.0,0,1,0,2026-03-23 10:33:23,,1
367,608,course-v1:DHQG-HCM+FM101+2025_S2,audit,1,27.0,85.0,Pass,1.0,100.0,Bài kiểm tra 05: Các vấn đề cơ bản về tỷ giá (Chương 12),Bài kiểm tra 05: Các vấn đề cơ bản về tỷ giá (Chương 12),Bài kiểm tra 05: Các vấn đề cơ bản về tỷ giá (Chương 12),99.15,100.0,181,181,2025-11-09 07:33:57,134,0.0,0,90,90,4058,4058,100.0,0,100.0,91,91,0,70353,70353,100.0,100.0,90,100.0,100.0,0,0,0,0,0,0,0,0,0.0,0.0,0.0,0.0,90.0,0,1,0,2026-03-23 10:33:23,,1
368,609,course-v1:DHQG-HCM+FM101+2025_S2,audit,1,27.0,23.0,,0.0,24.86,"Bài kiểm tra 02: Tổng quan về hệ thống tài chính (Chương 3, 4, 5)","Bài kiểm tra 02: Tổng quan về hệ thống tài chính (Chương 3, 4, 5)","Bài kiểm tra 02: Tổng quan về hệ thống tài chính (Chương 3, 4, 5)",25.64,24.86,45,181,2025-11-04 14:03:29,139,0.0,0,22,22,990,990,100.0,0,100.0,23,23,0,19724,19724,100.0,100.0,22,100.0,100.0,0,0,0,0,6,6,0,0,0.0,0.0,0.0,6.0,90.0,0,1,0,2026-03-23 10:33:23,,0
369,610,course-v1:DHQG-HCM+FM101+2025_S2,audit,1,27.0,89.0,Pass,1.0,100.0,Chương 10: Lý thuyết lượng cầu tài sản,Slide bài giảng tóm tắt chương 10,Slide bài giảng tóm tắt chương 10,99.15,100.0,181,181,2025-11-23 16:56:57,120,0.0,0,90,90,4058,4058,100.0,136244,100.0,91,91,0,70353,70353,100.0,100.0,90,100.0,100.0,0,0,0,0,3,3,0,0,0.0,0.0,0.0,3.0,90.0,0,1,0,2026-03-23 10:33:23,,1
370,611,course-v1:DHQG-HCM+FM101+2025_S2,audit,1,27.0,81.0,Pass,1.0,100.0,Chương 9: Đo lường lãi suất,Slide bài giảng tóm tắt chương 9,Bài đọc mở rộng Chương 9,99.15,100.0,181,181,2025-11-23 17:14:28,120,0.0,0,90,90,4058,4058,100.0,130808,100.0,91,91,0,70353,70353,100.0,100.0,90,100.0,100.0,0,0,0,0,0,0,0,0,0.0,0.0,0.0,0.0,90.0,0,1,0,2026-03-23 10:33:23,,1
371,612,course-v1:DHQG-HCM+FM101+2025_S2,audit,1,27.0,84.0,Pass,1.0,100.0,Bài kiểm tra 05: Các vấn đề cơ bản về tỷ giá (Chương 12),Bài kiểm tra 05: Các vấn đề cơ bản về tỷ giá (Chương 12),Bài kiểm tra 05: Các vấn đề cơ bản về tỷ giá (Chương 12),99.15,100.0,181,181,2025-11-06 02:56:31,137,0.0,0,90,90,4058,4058,100.0,0,100.0,91,91,0,70353,70353,100.0,100.0,90,100.0,100.0,0,0,0,0,0,0,0,0,0.0,0.0,0.0,0.0,90.0,0,1,0,2026-03-23 10:33:23,,1
372,613,course-v1:DHQG-HCM+FM101+2025_S2,audit,1,27.0,85.0,Pass,1.0,100.0,Tổng kết môn học,Tổng kết môn học,Tổng kết môn học,99.15,100.0,181,181,2025-11-11 18:31:55,132,0.0,0,90,90,4058,4058,100.0,156886,100.0,91,91,0,70353,70353,100.0,100.0,90,100.0,100.0,0,0,0,0,0,0,0,0,0.0,0.0,0.0,0.0,90.0,0,1,0,2026-03-23 10:33:23,,1
373,614,course-v1:DHQG-HCM+FM101+2025_S2,audit,1,27.0,89.0,Pass,1.0,100.0,Bài kiểm tra 05: Các vấn đề cơ bản về tỷ giá (Chương 12),Bài kiểm tra 05: Các vấn đề cơ bản về tỷ giá (Chương 12),Bài kiểm tra 05: Các vấn đề cơ bản về tỷ giá (Chương 12),99.15,100.0,181,181,2025-11-21 10:58:47,122,0.0,0,90,90,4058,4058,100.0,330500,100.0,91,91,0,70353,70353,100.0,100.0,90,100.0,100.0,0,0,0,0,0,0,0,0,0.0,0.0,0.0,0.0,90.0,0,1,0,2026-03-23 10:33:23,,1
374,615,course-v1:DHQG-HCM+FM101+2025_S2,audit,1,27.0,82.0,Pass,1.0,100.0,Tổng kết môn học,Tổng kết môn học,Tổng kết môn học,99.15,100.0,181,181,2025-11-14 12:43:39,129,0.0,0,90,90,4058,4058,100.0,6830,100.0,91,91,0,70353,70353,100.0,100.0,90,100.0,100.0,0,0,0,0,0,0,0,0,0.0,0.0,0.0,0.0,90.0,0,1,0,2026-03-23 10:33:23,,1
375,616,course-v1:DHQG-HCM+FM101+2025_S2,audit,1,27.0,80.0,Pass,1.0,98.9,Tổng kết môn học,Tổng kết môn học,Tổng kết môn học,97.44,98.9,179,181,2025-11-12 15:35:59,131,0.0,0,89,89,4036,4036,100.0,66226,100.0,90,90,0,69510,69510,100.0,100.0,89,100.0,100.0,0,0,0,0,0,0,0,0,0.0,0.0,0.0,0.0,90.0,0,1,0,2026-03-23 10:33:23,,1
376,617,course-v1:DHQG-HCM+FM101+2025_S2,audit,1,27.0,84.0,Pass,1.0,100.0,Bài kiểm tra 05: Các vấn đề cơ bản về tỷ giá (Chương 12),Bài kiểm tra 05: Các vấn đề cơ bản về tỷ giá (Chương 12),Bài kiểm tra 05: Các vấn đề cơ bản về tỷ giá (Chương 12),94.02,100.0,181,181,2025-11-03 14:52:43,140,0.0,0,90,90,4048,4048,100.0,6518,100.0,91,91,0,70353,66719,100.0,94.83,90,100.0,100.0,0,0,0,2,0,2,0,3,0.0,0.0,0.0,2.0,90.0,0,1,0,2026-03-23 10:33:23,,1
377,618,course-v1:DHQG-HCM+FM101+2025_S2,audit,1,27.0,92.0,Pass,1.0,100.0,Bài kiểm tra 05: Các vấn đề cơ bản về tỷ giá (Chương 12),Bài kiểm tra 05: Các vấn đề cơ bản về tỷ giá (Chương 12),Bài kiểm tra 05: Các vấn đề cơ bản về tỷ giá (Chương 12),99.15,100.0,181,181,2025-11-12 14:15:23,131,0.0,0,90,90,4058,4058,100.0,27296,100.0,91,91,0,70353,70353,100.0,100.0,90,100.0,100.0,0,0,0,0,0,0,0,0,0.0,0.0,0.0,0.0,90.0,0,1,0,2026-03-23 10:33:23,,1
378,619,course-v1:DHQG-HCM+FM101+2025_S2,audit,1,27.0,84.0,Pass,1.0,100.0,Giới thiệu,Đề cương MOOCS_Nguyên lý thị trường tài chính,Đề cương MOOCS_Nguyên lý thị trường tài chính,99.15,100.0,181,181,2025-11-23 07:29:05,120,0.0,0,90,90,4058,4058,100.0,0,100.0,91,91,0,70353,70353,100.0,100.0,90,100.0,100.0,0,0,0,0,0,0,0,0,0.0,0.0,0.0,0.0,90.0,0,1,0,2026-03-23 10:33:23,,1
379,622,course-v1:DHQG-HCM+FM101+2025_S2,audit,1,27.0,90.0,Pass,1.0,100.0,Chương 12: Một số vấn đề cơ bản về tỷ giá,Chế độ tỷ giá và chính sách tỷ giá,Chế độ tỷ giá và chính sách tỷ giá,98.29,100.0,181,181,2025-11-24 00:51:17,119,0.0,0,90,90,4058,4058,100.0,96110,100.0,91,91,0,70353,70353,100.0,100.0,90,100.0,100.0,0,0,0,0,0,0,0,0,0.0,0.0,0.0,0.0,90.0,0,1,0,2026-03-23 10:33:23,,1
380,624,course-v1:DHQG-HCM+FM101+2025_S2,audit,1,27.0,83.0,Pass,1.0,100.0,Bài kiểm tra 05: Các vấn đề cơ bản về tỷ giá (Chương 12),Bài kiểm tra 05: Các vấn đề cơ bản về tỷ giá (Chương 12),Bài kiểm tra 05: Các vấn đề cơ bản về tỷ giá (Chương 12),99.15,100.0,181,181,2025-11-09 10:25:05,134,0.0,0,90,90,4058,4058,100.0,0,100.0,91,91,0,70353,70353,100.0,100.0,90,100.0,100.0,0,0,0,1,1,2,0,1,0.0,0.0,0.0,2.0,90.0,0,1,0,2026-03-23 10:33:23,,1
381,625,course-v1:DHQG-HCM+FM101+2025_S2,audit,1,27.0,88.0,Pass,1.0,100.0,"Bài kiểm tra 04_Các vấn đề cơ bản về lãi suất (Chương 8,9,10,11)","Bài kiểm tra 04_Các vấn đề cơ bản về lãi suất (Chương 8,9,10,11)","Bài kiểm tra 04_Các vấn đề cơ bản về lãi suất (Chương 8,9,10,11)",99.15,100.0,181,181,2025-11-04 14:48:35,139,0.0,0,90,90,4058,4058,100.0,0,100.0,91,91,0,70353,70353,100.0,100.0,90,100.0,100.0,0,0,0,0,0,0,0,0,0.0,0.0,0.0,0.0,90.0,0,1,0,2026-03-23 10:33:23,,1
382,626,course-v1:DHQG-HCM+FM101+2025_S2,audit,1,27.0,88.0,Pass,1.0,100.0,Tổng kết môn học,Tổng kết môn học,Tổng kết môn học,99.15,100.0,181,181,2025-11-13 08:01:43,130,0.0,0,90,90,4058,4058,100.0,0,100.0,91,91,0,70353,70353,100.0,100.0,90,100.0,100.0,0,0,0,0,0,0,0,0,0.0,0.0,0.0,0.0,90.0,0,1,0,2026-03-23 10:33:23,,1
383,628,course-v1:DHQG-HCM+FM101+2025_S2,audit,1,27.0,0.0,,0.0,7.73,Chương 1: Đại cương về tiền tệ,Case study về Phương thức thanh toán,Case study về Phương thức thanh toán,5.98,7.73,14,181,2025-10-06 09:08:17,168,0.0,0,7,7,234,234,100.0,0,100.0,7,7,0,5992,5992,100.0,100.0,7,100.0,100.0,0,0,0,0,0,0,0,0,0.0,0.0,0.0,0.0,90.0,0,1,0,2026-03-23 10:33:23,,0
384,629,course-v1:DHQG-HCM+FM101+2025_S2,audit,1,25.0,83.0,Pass,1.0,100.0,Tổng kết môn học,Tổng kết môn học,Tổng kết môn học,99.15,100.0,181,181,2025-11-18 09:49:34,125,0.0,0,90,90,4058,4058,100.0,12516,100.0,91,91,0,70353,70353,100.0,100.0,90,100.0,100.0,0,0,0,0,0,0,0,0,0.0,0.0,0.0,0.0,90.0,0,1,0,2026-03-23 10:33:23,,1
385,630,course-v1:DHQG-HCM+FM101+2025_S2,audit,1,27.0,76.0,Pass,1.0,100.0,Bài kiểm tra 05: Các vấn đề cơ bản về tỷ giá (Chương 12),Bài kiểm tra 05: Các vấn đề cơ bản về tỷ giá (Chương 12),Bài kiểm tra 05: Các vấn đề cơ bản về tỷ giá (Chương 12),99.15,100.0,181,181,2025-11-09 07:35:50,134,0.0,0,90,90,4058,4058,100.0,0,100.0,91,91,0,70353,70353,100.0,100.0,90,100.0,100.0,0,0,0,0,0,0,0,0,0.0,0.0,0.0,0.0,90.0,0,1,0,2026-03-23 10:33:23,,1
386,631,course-v1:DHQG-HCM+FM101+2025_S2,audit,1,27.0,19.0,,0.0,41.44,Chương 6: Chi phí giao dịch và thông tin bất cân xứng,Khái niệm Thông tin bất cân xứng,Khái niệm Thông tin bất cân xứng,41.03,41.44,75,181,2025-10-15 07:02:25,159,0.0,0,37,37,1724,1724,100.0,47314,100.0,38,38,0,31574,31574,100.0,100.0,37,100.0,100.0,0,0,0,0,0,0,0,0,0.0,0.0,0.0,0.0,90.0,0,1,0,2026-03-23 10:33:23,,0
387,632,course-v1:DHQG-HCM+FM101+2025_S2,audit,1,27.0,85.0,Pass,1.0,100.0,Tổng kết môn học,Tổng kết môn học,Tổng kết môn học,99.15,100.0,181,181,2025-11-17 16:17:08,126,0.0,0,90,90,4058,4058,100.0,122784,100.0,91,91,0,70353,70353,100.0,100.0,90,100.0,100.0,0,0,0,2,12,14,2,4,0.0,0.0,0.0,14.0,90.0,0,1,0,2026-03-23 10:33:23,,1
388,634,course-v1:DHQG-HCM+FM101+2025_S2,audit,1,27.0,90.0,Pass,1.0,100.0,"Chương 11: Các yếu tố ảnh hưởng đến lãi suất, cấu trúc rủi ro và kỳ hạn của lãi suất",Slide bài giảng tóm tắt chương 11,Slide bài giảng tóm tắt chương 11,99.15,100.0,181,181,2025-11-22 19:11:38,121,0.0,0,90,90,4058,4058,100.0,35240,100.0,91,91,0,70353,70353,100.0,100.0,90,100.0,100.0,0,0,0,0,0,0,0,0,0.0,0.0,0.0,0.0,90.0,0,1,0,2026-03-23 10:33:23,,1
389,636,course-v1:DHQG-HCM+FM101+2025_S2,audit,1,27.0,88.0,Pass,1.0,100.0,Bài kiểm tra 05: Các vấn đề cơ bản về tỷ giá (Chương 12),Bài kiểm tra 05: Các vấn đề cơ bản về tỷ giá (Chương 12),Bài kiểm tra 05: Các vấn đề cơ bản về tỷ giá (Chương 12),99.15,100.0,181,181,2025-11-07 06:26:14,136,0.0,0,90,90,4058,4058,100.0,6492,100.0,91,91,0,70353,70353,100.0,100.0,90,100.0,100.0,0,0,0,0,0,0,0,0,0.0,0.0,0.0,0.0,90.0,0,1,0,2026-03-23 10:33:23,,1
390,637,course-v1:DHQG-HCM+FM101+2025_S2,audit,1,27.0,75.0,Pass,1.0,100.0,Tổng kết môn học,Tổng kết môn học,Tổng kết môn học,99.15,100.0,181,181,2025-11-09 16:43:08,134,0.0,0,90,90,4058,4058,100.0,0,100.0,91,91,0,70353,70353,100.0,100.0,90,100.0,100.0,0,0,0,0,0,0,0,0,0.0,0.0,0.0,0.0,90.0,0,1,0,2026-03-23 10:33:23,,1
391,638,course-v1:DHQG-HCM+FM101+2025_S2,audit,1,27.0,81.0,Pass,1.0,100.0,Tổng kết môn học,Tổng kết môn học,Tổng kết môn học,99.15,100.0,181,181,2025-11-07 07:19:44,136,0.0,0,90,90,4058,4058,100.0,0,100.0,91,91,0,70353,70353,100.0,100.0,90,100.0,100.0,0,0,0,0,0,0,0,0,0.0,0.0,0.0,0.0,90.0,0,1,0,2026-03-23 10:33:23,,1
392,640,course-v1:DHQG-HCM+FM101+2025_S2,audit,1,27.0,88.0,Pass,1.0,100.0,Bài kiểm tra 05: Các vấn đề cơ bản về tỷ giá (Chương 12),Bài kiểm tra 05: Các vấn đề cơ bản về tỷ giá (Chương 12),Bài kiểm tra 05: Các vấn đề cơ bản về tỷ giá (Chương 12),99.15,100.0,181,181,2025-11-09 16:39:39,134,0.0,0,90,90,4058,4058,100.0,0,100.0,91,91,0,70353,70353,100.0,100.0,90,100.0,100.0,0,0,0,0,0,0,0,0,0.0,0.0,0.0,0.0,90.0,0,1,0,2026-03-23 10:33:23,,1
393,641,course-v1:DHQG-HCM+FM101+2025_S2,audit,1,26.0,76.0,Pass,1.0,100.0,Bài kiểm tra 05: Các vấn đề cơ bản về tỷ giá (Chương 12),Bài kiểm tra 05: Các vấn đề cơ bản về tỷ giá (Chương 12),Bài kiểm tra 05: Các vấn đề cơ bản về tỷ giá (Chương 12),99.15,100.0,181,181,2025-11-19 10:39:17,124,0.0,0,90,90,4058,4058,100.0,108286,100.0,91,91,0,70353,70353,100.0,100.0,90,100.0,100.0,0,0,0,0,0,0,0,0,0.0,0.0,0.0,0.0,90.0,0,1,0,2026-03-23 10:33:23,,1
394,644,course-v1:DHQG-HCM+FM101+2025_S2,audit,1,26.0,58.0,Pass,1.0,100.0,Tổng kết môn học,Tổng kết môn học,Tổng kết môn học,98.29,100.0,181,181,2025-11-25 13:03:54,118,0.0,0,90,89,4020,4058,99.16,29140,98.89,91,91,0,70353,70340,100.0,99.98,89,99.16,98.89,0,0,0,0,0,0,0,0,0.0,0.0,0.0,0.0,90.0,0,1,0,2026-03-23 10:33:23,,1
395,657,course-v1:DHQG-HCM+FM101+2025_S2,audit,1,27.0,84.0,Pass,1.0,100.0,Bài kiểm tra 05: Các vấn đề cơ bản về tỷ giá (Chương 12),Bài kiểm tra 05: Các vấn đề cơ bản về tỷ giá (Chương 12),Bài kiểm tra 05: Các vấn đề cơ bản về tỷ giá (Chương 12),99.15,100.0,181,181,2025-11-09 12:42:55,134,0.0,0,90,90,4058,4058,100.0,40758,100.0,91,91,0,70353,70353,100.0,100.0,90,100.0,100.0,0,0,0,0,0,0,0,0,0.0,0.0,0.0,0.0,90.0,0,1,0,2026-03-23 10:33:23,,1
396,670,course-v1:DHQG-HCM+FM101+2025_S2,audit,1,26.0,50.0,Pass,1.0,71.27,Tổng kết môn học,Tổng kết môn học,Tổng kết môn học,88.03,71.27,129,181,2025-11-25 08:17:45,118,0.0,0,64,64,2826,2826,100.0,0,100.0,65,65,0,50952,50952,100.0,100.0,64,100.0,100.0,0,0,0,3,3,6,3,0,0.0,0.0,0.0,6.0,90.0,0,1,0,2026-03-23 10:33:23,,1
397,674,course-v1:DHQG-HCM+FM101+2025_S2,audit,1,25.0,76.0,Pass,1.0,100.0,Chương 9: Đo lường lãi suất,Slide bài giảng tóm tắt chương 9,Slide bài giảng tóm tắt chương 9,99.15,100.0,181,181,2025-11-10 15:44:49,133,0.0,0,90,90,4058,4058,100.0,0,100.0,91,91,0,70353,70353,100.0,100.0,90,100.0,100.0,0,0,0,0,0,0,0,0,0.0,0.0,0.0,0.0,90.0,0,1,0,2026-03-23 10:33:23,,1
398,683,course-v1:DHQG-HCM+FM101+2025_S2,audit,1,20.0,84.0,Pass,1.0,83.98,"Chương 8: Khái niệm, vai trò của lãi suất và giá trị thời gian của tiền",Bài tập cơ bản về giá trị thời gian của tiền,Bài tập cơ bản về giá trị thời gian của tiền 1,83.76,83.98,152,181,2025-11-26 16:23:49,117,0.0,0,75,68,3240,3452,93.5,349416,90.67,78,77,1,60254,59598,98.72,98.91,68,93.5,90.67,0,0,0,0,11,11,0,0,0.0,0.0,0.0,11.0,90.0,0,1,0,2026-03-23 10:33:23,,1
399,686,course-v1:DHQG-HCM+FM101+2025_S2,audit,1,17.0,0.0,,,0.0,Chưa bắt đầu,N/A,N/A,0.0,0.0,0,0,,999,0.0,0,0,0,0,0,0.0,0,0.0,0,0,0,0,0,0.0,0.0,0,0.0,0.0,0,0,0,0,0,0,0,0,0.0,0.0,0.0,0.0,50.0,0,0,0,2026-03-23 10:33:23,,0
400,687,course-v1:DHQG-HCM+FM101+2025_S2,audit,1,27.0,80.0,Pass,1.0,100.0,Tổng kết môn học,Tổng kết môn học,Tổng kết môn học,99.15,100.0,181,181,2025-11-05 14:36:11,138,0.0,0,90,90,4058,4058,100.0,0,100.0,91,91,0,70353,70353,100.0,100.0,90,100.0,100.0,0,0,0,0,0,0,0,0,0.0,0.0,0.0,0.0,90.0,0,1,0,2026-03-23 10:33:23,,1
401,688,course-v1:DHQG-HCM+FM101+2025_S2,audit,1,27.0,81.0,Pass,1.0,59.12,Bài kiểm tra 05: Các vấn đề cơ bản về tỷ giá (Chương 12),Bài kiểm tra 05: Các vấn đề cơ bản về tỷ giá (Chương 12),Bài kiểm tra 05: Các vấn đề cơ bản về tỷ giá (Chương 12),58.97,59.12,107,181,2025-11-23 13:29:23,120,0.0,0,53,53,2422,2422,100.0,0,100.0,54,54,0,43162,43162,100.0,100.0,53,100.0,100.0,0,0,0,0,0,0,0,0,0.0,0.0,0.0,0.0,90.0,0,1,0,2026-03-23 10:33:23,,1
402,689,course-v1:DHQG-HCM+FM101+2025_S2,audit,1,27.0,88.0,Pass,1.0,100.0,Chương 10: Lý thuyết lượng cầu tài sản,Bài tập tình huống,áp dụng lý thuyết lượng cầu tài sản,99.15,100.0,181,181,2025-11-23 16:01:10,120,0.0,0,90,90,4058,4058,100.0,46666,100.0,91,91,0,70353,70353,100.0,100.0,90,100.0,100.0,0,0,0,0,0,0,0,0,0.0,0.0,0.0,0.0,90.0,0,1,0,2026-03-23 10:33:23,,1
403,692,course-v1:DHQG-HCM+FM101+2025_S2,audit,1,27.0,87.0,Pass,1.0,100.0,"Bài kiểm tra 04_Các vấn đề cơ bản về lãi suất (Chương 8,9,10,11)","Bài kiểm tra 04_Các vấn đề cơ bản về lãi suất (Chương 8,9,10,11)","Bài kiểm tra 04_Các vấn đề cơ bản về lãi suất (Chương 8,9,10,11)",99.15,100.0,181,181,2025-11-08 14:32:49,135,0.0,0,90,90,4058,4058,100.0,0,100.0,91,91,0,70353,70353,100.0,100.0,90,100.0,100.0,0,0,0,0,0,0,0,0,0.0,0.0,0.0,0.0,90.0,0,1,0,2026-03-23 10:33:23,,1
404,693,course-v1:DHQG-HCM+FM101+2025_S2,audit,1,27.0,85.0,Pass,1.0,100.0,Chương 1: Đại cương về tiền tệ,Cung tiền và Đo lường (cung) tiền,Cung tiền và Đo lường (cung) tiền,99.15,100.0,181,181,2025-11-03 15:12:05,140,0.0,0,90,90,4058,4058,100.0,0,100.0,91,91,0,70353,70353,100.0,100.0,90,100.0,100.0,0,0,0,17,118,135,12,3,0.0,0.0,0.0,135.0,90.0,0,1,0,2026-03-23 10:33:23,,1
405,694,course-v1:DHQG-HCM+FM101+2025_S2,audit,1,27.0,83.0,Pass,1.0,100.0,Chương 12: Một số vấn đề cơ bản về tỷ giá,Slide bài giảng tóm tắt chương 12,Slide bài giảng tóm tắt chương 12,99.15,100.0,181,181,2025-11-11 01:04:52,132,0.0,0,90,90,4058,4058,100.0,95576,100.0,91,91,0,70353,70353,100.0,100.0,90,100.0,100.0,0,0,0,0,0,0,0,0,0.0,0.0,0.0,0.0,90.0,0,1,0,2026-03-23 10:33:23,,1
406,696,course-v1:DHQG-HCM+FM101+2025_S2,audit,1,27.0,89.0,Pass,1.0,100.0,Bài kiểm tra 05: Các vấn đề cơ bản về tỷ giá (Chương 12),Bài kiểm tra 05: Các vấn đề cơ bản về tỷ giá (Chương 12),Bài kiểm tra 05: Các vấn đề cơ bản về tỷ giá (Chương 12),99.15,100.0,181,181,2025-11-14 08:46:17,129,0.0,0,90,90,4058,4058,100.0,0,100.0,91,91,0,70353,70353,100.0,100.0,90,100.0,100.0,0,0,0,0,0,0,0,0,0.0,0.0,0.0,0.0,90.0,0,1,0,2026-03-23 10:33:23,,1
407,697,course-v1:DHQG-HCM+FM101+2025_S2,audit,1,27.0,87.0,Pass,1.0,100.0,Bài kiểm tra 05: Các vấn đề cơ bản về tỷ giá (Chương 12),Bài kiểm tra 05: Các vấn đề cơ bản về tỷ giá (Chương 12),Bài kiểm tra 05: Các vấn đề cơ bản về tỷ giá (Chương 12),99.15,100.0,181,181,2025-11-13 14:55:14,130,0.0,0,90,90,4058,4058,100.0,0,100.0,91,91,0,70353,70353,100.0,100.0,90,100.0,100.0,0,0,0,0,0,0,0,0,0.0,0.0,0.0,0.0,90.0,0,1,0,2026-03-23 10:33:23,,1
408,698,course-v1:DHQG-HCM+FM101+2025_S2,audit,1,27.0,83.0,Pass,1.0,100.0,Bài kiểm tra 05: Các vấn đề cơ bản về tỷ giá (Chương 12),Bài kiểm tra 05: Các vấn đề cơ bản về tỷ giá (Chương 12),Bài kiểm tra 05: Các vấn đề cơ bản về tỷ giá (Chương 12),99.15,100.0,181,181,2025-11-09 16:35:59,134,0.0,0,90,90,4058,4058,100.0,0,100.0,91,91,0,70353,70353,100.0,100.0,90,100.0,100.0,0,0,0,0,0,0,0,0,0.0,0.0,0.0,0.0,90.0,0,1,0,2026-03-23 10:33:23,,1
409,699,course-v1:DHQG-HCM+FM101+2025_S2,audit,1,27.0,8.0,,0.0,36.46,Chương 9: Đo lường lãi suất,Bài tập_Hướng dẫn tính Lợi suất đáo hạn,Hướng dẫn tính lợi suất đáo hạn_Phần 2,41.88,36.46,66,181,2025-11-25 23:25:39,118,0.0,0,30,30,1374,1374,100.0,0,100.0,45,36,9,35610,34225,80.0,96.11,30,100.0,100.0,0,0,0,0,0,0,0,0,0.0,0.0,0.0,0.0,90.0,0,1,0,2026-03-23 10:33:23,,0
410,700,course-v1:DHQG-HCM+FM101+2025_S2,audit,1,27.0,85.0,Pass,1.0,70.17,Chương 12: Một số vấn đề cơ bản về tỷ giá,Slide bài giảng tóm tắt chương 12,Slide bài giảng tóm tắt chương 12,72.65,70.17,127,181,2025-11-25 16:27:14,118,0.0,0,63,63,2942,2942,100.0,107228,100.0,64,64,0,50627,50627,100.0,100.0,63,100.0,100.0,0,0,0,0,0,0,0,0,0.0,0.0,0.0,0.0,90.0,0,1,0,2026-03-23 10:33:23,,1
411,702,course-v1:DHQG-HCM+FM101+2025_S2,audit,1,27.0,0.0,,0.0,7.73,Chương 1: Đại cương về tiền tệ,Hình thái của Tiền,Hình thái của Tiền (tiếp theo),8.55,7.73,14,181,2025-09-15 13:23:20,189,0.0,0,7,7,234,234,100.0,0,100.0,7,7,0,5992,5992,100.0,100.0,7,100.0,100.0,0,0,0,0,0,0,0,0,0.0,0.0,0.0,0.0,90.0,0,1,0,2026-03-23 10:33:23,,0
412,703,course-v1:DHQG-HCM+FM101+2025_S2,audit,1,27.0,92.0,Pass,1.0,100.0,Bài kiểm tra 05: Các vấn đề cơ bản về tỷ giá (Chương 12),Bài kiểm tra 05: Các vấn đề cơ bản về tỷ giá (Chương 12),Bài kiểm tra 05: Các vấn đề cơ bản về tỷ giá (Chương 12),99.15,100.0,181,181,2025-11-15 17:02:08,128,0.0,0,90,90,4058,4058,100.0,60982,100.0,91,91,0,70353,70353,100.0,100.0,90,100.0,100.0,0,0,0,0,0,0,0,0,0.0,0.0,0.0,0.0,90.0,0,1,0,2026-03-23 10:33:23,,1
413,704,course-v1:DHQG-HCM+FM101+2025_S2,audit,1,27.0,91.0,Pass,1.0,100.0,Chương 9: Đo lường lãi suất,Slide bài giảng tóm tắt chương 9,Bài đọc mở rộng Chương 9,99.15,100.0,181,181,2025-11-23 13:45:25,120,0.0,0,90,90,4058,4058,100.0,180026,100.0,91,91,0,70353,70353,100.0,100.0,90,100.0,100.0,0,0,0,0,0,0,0,0,0.0,0.0,0.0,0.0,90.0,0,1,0,2026-03-23 10:33:23,,1
414,705,course-v1:DHQG-HCM+FM101+2025_S2,audit,1,27.0,79.0,Pass,1.0,100.0,Tổng kết môn học,Tổng kết môn học,Tổng kết môn học,99.15,100.0,181,181,2025-11-17 13:24:43,126,0.0,0,90,90,4058,4058,100.0,0,100.0,91,91,0,70353,70353,100.0,100.0,90,100.0,100.0,0,0,0,0,0,0,0,0,0.0,0.0,0.0,0.0,90.0,0,1,0,2026-03-23 10:33:23,,1
415,707,course-v1:DHQG-HCM+FM101+2025_S2,audit,1,27.0,87.0,Pass,1.0,100.0,Tổng kết môn học,Tổng kết môn học,Tổng kết môn học,99.15,100.0,181,181,2025-11-09 11:09:44,134,0.0,0,90,90,4058,4058,100.0,3440,100.0,91,91,0,70353,70353,100.0,100.0,90,100.0,100.0,0,0,0,0,0,0,0,0,0.0,0.0,0.0,0.0,90.0,0,1,0,2026-03-23 10:33:23,,1
416,708,course-v1:DHQG-HCM+FM101+2025_S2,audit,1,27.0,90.0,Pass,1.0,96.69,Bài kiểm tra 05: Các vấn đề cơ bản về tỷ giá (Chương 12),Bài kiểm tra 05: Các vấn đề cơ bản về tỷ giá (Chương 12),Bài kiểm tra 05: Các vấn đề cơ bản về tỷ giá (Chương 12),94.87,96.69,175,181,2025-10-29 22:46:03,145,0.0,0,87,87,3940,3940,100.0,0,100.0,88,88,0,68252,68252,100.0,100.0,87,100.0,100.0,0,0,0,0,0,0,0,0,0.0,0.0,0.0,0.0,90.0,0,1,0,2026-03-23 10:33:23,,1
417,709,course-v1:DHQG-HCM+FM101+2025_S2,audit,1,27.0,81.0,Pass,1.0,100.0,"Bài kiểm tra 04_Các vấn đề cơ bản về lãi suất (Chương 8,9,10,11)","Bài kiểm tra 04_Các vấn đề cơ bản về lãi suất (Chương 8,9,10,11)","Bài kiểm tra 04_Các vấn đề cơ bản về lãi suất (Chương 8,9,10,11)",99.15,100.0,181,181,2025-11-16 13:09:30,127,0.0,0,90,90,4058,4058,100.0,5994,100.0,91,91,0,70353,70353,100.0,100.0,90,100.0,100.0,0,0,0,0,0,0,0,0,0.0,0.0,0.0,0.0,90.0,0,1,0,2026-03-23 10:33:23,,1
418,711,course-v1:DHQG-HCM+FM101+2025_S2,audit,1,27.0,83.0,Pass,1.0,100.0,Bài kiểm tra 05: Các vấn đề cơ bản về tỷ giá (Chương 12),Bài kiểm tra 05: Các vấn đề cơ bản về tỷ giá (Chương 12),Bài kiểm tra 05: Các vấn đề cơ bản về tỷ giá (Chương 12),99.15,100.0,181,181,2025-11-03 17:05:21,140,0.0,0,90,90,4058,4058,100.0,38728,100.0,91,91,0,70353,70353,100.0,100.0,90,100.0,100.0,0,0,0,0,0,0,0,0,0.0,0.0,0.0,0.0,90.0,0,1,0,2026-03-23 10:33:23,,1
419,712,course-v1:DHQG-HCM+FM101+2025_S2,audit,1,27.0,89.0,Pass,1.0,100.0,Bài kiểm tra 05: Các vấn đề cơ bản về tỷ giá (Chương 12),Bài kiểm tra 05: Các vấn đề cơ bản về tỷ giá (Chương 12),Bài kiểm tra 05: Các vấn đề cơ bản về tỷ giá (Chương 12),99.15,100.0,181,181,2025-11-09 03:45:19,134,0.0,0,90,90,4058,4058,100.0,0,100.0,91,91,0,70353,70353,100.0,100.0,90,100.0,100.0,0,0,0,0,0,0,0,0,0.0,0.0,0.0,0.0,90.0,0,1,0,2026-03-23 10:33:23,,1
420,714,course-v1:DHQG-HCM+FM101+2025_S2,audit,1,27.0,31.0,,0.0,33.7,Chương 5: Các công cụ thị trường tài chính,Hợp đồng mua lại (Repos) và Fed funds (Interbank loans),Hợp đồng mua lại (Repos) và Fed funds (Interbank loans),40.17,33.7,61,181,2025-10-18 16:05:10,156,0.0,0,30,30,1298,1298,100.0,0,100.0,31,31,0,26383,26383,100.0,100.0,30,100.0,100.0,0,0,0,8,0,8,0,6,0.0,0.0,0.0,8.0,90.0,0,1,0,2026-03-23 10:33:23,,0
421,716,course-v1:DHQG-HCM+FM101+2025_S2,audit,1,27.0,87.0,Pass,1.0,100.0,Bài kiểm tra 05: Các vấn đề cơ bản về tỷ giá (Chương 12),Bài kiểm tra 05: Các vấn đề cơ bản về tỷ giá (Chương 12),Bài kiểm tra 05: Các vấn đề cơ bản về tỷ giá (Chương 12),99.15,100.0,181,181,2025-11-08 12:13:48,135,0.0,0,90,90,4058,4058,100.0,11576,100.0,91,91,0,70353,70353,100.0,100.0,90,100.0,100.0,0,0,0,0,0,0,0,0,0.0,0.0,0.0,0.0,90.0,0,1,0,2026-03-23 10:33:23,,1
422,717,course-v1:DHQG-HCM+FM101+2025_S2,audit,1,27.0,78.0,Pass,1.0,100.0,Chương 9: Đo lường lãi suất,Slide bài giảng tóm tắt chương 9,Bài đọc mở rộng Chương 9,99.15,100.0,181,181,2025-11-24 00:12:39,119,0.0,0,90,90,4058,4058,100.0,0,100.0,91,91,0,70353,70353,100.0,100.0,90,100.0,100.0,0,0,0,0,0,0,0,0,0.0,0.0,0.0,0.0,90.0,0,1,0,2026-03-23 10:33:23,,1
423,718,course-v1:DHQG-HCM+FM101+2025_S2,audit,1,27.0,80.0,Pass,1.0,100.0,Bài kiểm tra 05: Các vấn đề cơ bản về tỷ giá (Chương 12),Bài kiểm tra 05: Các vấn đề cơ bản về tỷ giá (Chương 12),Bài kiểm tra 05: Các vấn đề cơ bản về tỷ giá (Chương 12),99.15,100.0,181,181,2025-11-10 12:16:19,133,0.0,0,90,90,4058,4058,100.0,35118,100.0,91,91,0,70353,70353,100.0,100.0,90,100.0,100.0,0,0,0,0,0,0,0,0,0.0,0.0,0.0,0.0,90.0,0,1,0,2026-03-23 10:33:23,,1
424,719,course-v1:DHQG-HCM+FM101+2025_S2,audit,1,27.0,90.0,Pass,1.0,100.0,Tổng kết môn học,Tổng kết môn học,Tổng kết môn học,99.15,100.0,181,181,2025-11-01 01:07:31,142,0.0,0,90,90,4058,4058,100.0,0,100.0,91,91,0,70353,70353,100.0,100.0,90,100.0,100.0,0,0,0,0,0,0,0,0,0.0,0.0,0.0,0.0,90.0,0,1,0,2026-03-23 10:33:23,,1
425,720,course-v1:DHQG-HCM+FM101+2025_S2,audit,1,27.0,87.0,Pass,1.0,100.0,Tổng kết môn học,Tổng kết môn học,Tổng kết môn học,99.15,100.0,181,181,2025-11-21 10:54:07,122,0.0,0,90,90,4058,4058,100.0,50424,100.0,91,91,0,70353,70353,100.0,100.0,90,100.0,100.0,0,0,0,0,0,0,0,0,0.0,0.0,0.0,0.0,90.0,0,1,0,2026-03-23 10:33:23,,1
426,721,course-v1:DHQG-HCM+FM101+2025_S2,audit,1,27.0,79.0,Pass,1.0,100.0,Bài kiểm tra 05: Các vấn đề cơ bản về tỷ giá (Chương 12),Bài kiểm tra 05: Các vấn đề cơ bản về tỷ giá (Chương 12),Bài kiểm tra 05: Các vấn đề cơ bản về tỷ giá (Chương 12),99.15,100.0,181,181,2025-11-17 06:53:45,126,0.0,0,90,90,4058,4058,100.0,0,100.0,91,91,0,70353,70353,100.0,100.0,90,100.0,100.0,0,0,0,0,0,0,0,0,0.0,0.0,0.0,0.0,90.0,0,1,0,2026-03-23 10:33:23,,1
427,722,course-v1:DHQG-HCM+FM101+2025_S2,audit,1,27.0,87.0,Pass,1.0,100.0,Tổng kết môn học,Tổng kết môn học,Tổng kết môn học,99.15,100.0,181,181,2025-11-07 04:59:28,136,0.0,0,90,90,4058,4058,100.0,8814,100.0,91,91,0,70353,70353,100.0,100.0,90,100.0,100.0,0,0,0,0,0,0,0,0,0.0,0.0,0.0,0.0,90.0,0,1,0,2026-03-23 10:33:23,,1
428,724,course-v1:DHQG-HCM+FM101+2025_S2,audit,1,27.0,58.0,Pass,1.0,100.0,"Bài kiểm tra 04_Các vấn đề cơ bản về lãi suất (Chương 8,9,10,11)","Bài kiểm tra 04_Các vấn đề cơ bản về lãi suất (Chương 8,9,10,11)","Bài kiểm tra 04_Các vấn đề cơ bản về lãi suất (Chương 8,9,10,11)",99.15,100.0,181,181,2025-11-23 17:08:17,120,0.0,0,90,90,4058,4058,100.0,0,100.0,91,91,0,70353,70353,100.0,100.0,90,100.0,100.0,0,0,0,0,0,0,0,0,0.0,0.0,0.0,0.0,90.0,0,1,0,2026-03-23 10:33:23,,1
429,725,course-v1:DHQG-HCM+FM101+2025_S2,audit,1,27.0,79.0,Pass,1.0,100.0,Tổng kết môn học,Tổng kết môn học,Tổng kết môn học,99.15,100.0,181,181,2025-11-06 19:00:01,137,0.0,0,90,90,4058,4058,100.0,30934,100.0,91,91,0,70353,70353,100.0,100.0,90,100.0,100.0,0,0,0,0,0,0,0,0,0.0,0.0,0.0,0.0,90.0,0,1,0,2026-03-23 10:33:23,,1
430,726,course-v1:DHQG-HCM+FM101+2025_S2,audit,1,27.0,87.0,Pass,1.0,94.48,Bài kiểm tra 05: Các vấn đề cơ bản về tỷ giá (Chương 12),Bài kiểm tra 05: Các vấn đề cơ bản về tỷ giá (Chương 12),Bài kiểm tra 05: Các vấn đề cơ bản về tỷ giá (Chương 12),94.02,94.48,171,181,2025-11-18 02:25:09,125,0.0,0,85,85,3828,3828,100.0,104298,100.0,86,86,0,66992,66992,100.0,100.0,85,100.0,100.0,0,0,0,0,0,0,0,0,0.0,0.0,0.0,0.0,90.0,0,1,0,2026-03-23 10:33:23,,1
431,727,course-v1:DHQG-HCM+FM101+2025_S2,audit,1,27.0,0.0,,0.0,4.42,Chương 12: Một số vấn đề cơ bản về tỷ giá,Slide bài giảng tóm tắt chương 12,Slide bài giảng tóm tắt chương 12,15.38,4.42,8,181,2025-09-13 02:54:28,191,0.0,0,4,4,108,108,100.0,0,100.0,4,4,0,3510,3510,100.0,100.0,4,100.0,100.0,0,0,0,0,0,0,0,0,0.0,0.0,0.0,0.0,90.0,0,1,0,2026-03-23 10:33:23,,0
432,728,course-v1:DHQG-HCM+FM101+2025_S2,audit,1,27.0,68.0,Pass,1.0,13.26,Bài kiểm tra 05: Các vấn đề cơ bản về tỷ giá (Chương 12),Bài kiểm tra 05: Các vấn đề cơ bản về tỷ giá (Chương 12),Bài kiểm tra 05: Các vấn đề cơ bản về tỷ giá (Chương 12),17.95,13.26,24,181,2025-11-16 00:26:34,127,0.0,0,12,12,434,434,100.0,0,100.0,12,12,0,10311,10311,100.0,100.0,12,100.0,100.0,0,0,0,0,0,0,0,0,0.0,0.0,0.0,0.0,90.0,0,1,0,2026-03-23 10:33:23,,1
433,729,course-v1:DHQG-HCM+FM101+2025_S2,audit,1,27.0,87.0,Pass,1.0,100.0,Giới thiệu,Đề cương MOOCS_Nguyên lý thị trường tài chính,Đề cương MOOCS_Nguyên lý thị trường tài chính,99.15,100.0,181,181,2025-11-22 02:30:51,121,0.0,0,90,90,4058,4058,100.0,15656,100.0,91,91,0,70353,70353,100.0,100.0,90,100.0,100.0,0,0,0,0,0,0,0,0,0.0,0.0,0.0,0.0,90.0,0,1,0,2026-03-23 10:33:23,,1
434,730,course-v1:DHQG-HCM+FM101+2025_S2,audit,1,27.0,88.0,Pass,1.0,46.96,Chương 12: Một số vấn đề cơ bản về tỷ giá,Slide bài giảng tóm tắt chương 12,Slide bài giảng tóm tắt chương 12,55.56,46.96,85,181,2025-11-25 17:59:03,118,0.0,0,42,42,1854,1854,100.0,55200,100.0,43,43,0,35030,35030,100.0,100.0,42,100.0,100.0,0,0,0,0,0,0,0,0,0.0,0.0,0.0,0.0,90.0,0,1,0,2026-03-23 10:33:23,,1
435,731,course-v1:DHQG-HCM+FM101+2025_S2,audit,1,27.0,81.0,Pass,1.0,100.0,Bài kiểm tra 05: Các vấn đề cơ bản về tỷ giá (Chương 12),Bài kiểm tra 05: Các vấn đề cơ bản về tỷ giá (Chương 12),Bài kiểm tra 05: Các vấn đề cơ bản về tỷ giá (Chương 12),99.15,100.0,181,181,2025-11-21 13:28:56,122,0.0,0,90,90,4058,4058,100.0,36116,100.0,91,91,0,70353,70353,100.0,100.0,90,100.0,100.0,0,0,0,0,0,0,0,0,0.0,0.0,0.0,0.0,90.0,0,1,0,2026-03-23 10:33:23,,1
436,732,course-v1:DHQG-HCM+FM101+2025_S2,audit,1,27.0,87.0,Pass,1.0,100.0,"Chương 11: Các yếu tố ảnh hưởng đến lãi suất, cấu trúc rủi ro và kỳ hạn của lãi suất",Cấu trúc rủi ro và cấu trúc kỳ hạn của lãi suất,Cấu trúc rủi ro và cấu trúc kỳ hạn của lãi suất (tiếp theo),99.15,100.0,181,181,2025-11-23 16:40:20,120,0.0,0,90,90,4058,4058,100.0,173410,100.0,91,91,0,70353,70353,100.0,100.0,90,100.0,100.0,0,0,0,0,0,0,0,0,0.0,0.0,0.0,0.0,90.0,0,1,0,2026-03-23 10:33:23,,1
437,733,course-v1:DHQG-HCM+FM101+2025_S2,audit,1,26.0,85.0,Pass,1.0,100.0,Tổng kết môn học,Tổng kết môn học,Tổng kết môn học,99.15,100.0,181,181,2025-11-07 16:42:34,136,0.0,0,90,90,4058,4058,100.0,7200,100.0,91,91,0,70353,70353,100.0,100.0,90,100.0,100.0,0,0,0,0,0,0,0,0,0.0,0.0,0.0,0.0,90.0,0,1,0,2026-03-23 10:33:23,,1
438,735,course-v1:DHQG-HCM+FM101+2025_S2,audit,1,27.0,81.0,Pass,1.0,100.0,"Bài kiểm tra 04_Các vấn đề cơ bản về lãi suất (Chương 8,9,10,11)","Bài kiểm tra 04_Các vấn đề cơ bản về lãi suất (Chương 8,9,10,11)","Bài kiểm tra 04_Các vấn đề cơ bản về lãi suất (Chương 8,9,10,11)",99.15,100.0,181,181,2025-11-23 11:49:08,120,0.0,0,90,90,4058,4058,100.0,30878,100.0,91,91,0,70353,70353,100.0,100.0,90,100.0,100.0,0,0,0,0,0,0,0,0,0.0,0.0,0.0,0.0,90.0,0,1,0,2026-03-23 10:33:23,,1
439,736,course-v1:DHQG-HCM+FM101+2025_S2,audit,1,22.0,85.0,Pass,1.0,100.0,Chương 9: Đo lường lãi suất,Slide bài giảng tóm tắt chương 9,Bài đọc mở rộng Chương 9,99.15,100.0,181,181,2025-11-22 02:59:40,121,0.0,0,90,90,4058,4058,100.0,0,100.0,91,91,0,70353,70353,100.0,100.0,90,100.0,100.0,0,0,0,0,0,0,0,0,0.0,0.0,0.0,0.0,90.0,0,1,0,2026-03-23 10:33:23,,1
440,737,course-v1:DHQG-HCM+FM101+2025_S2,audit,1,27.0,91.0,Pass,1.0,100.0,Bài kiểm tra 05: Các vấn đề cơ bản về tỷ giá (Chương 12),Bài kiểm tra 05: Các vấn đề cơ bản về tỷ giá (Chương 12),Bài kiểm tra 05: Các vấn đề cơ bản về tỷ giá (Chương 12),99.15,100.0,181,181,2025-11-11 15:03:00,132,0.0,0,90,90,4058,4058,100.0,0,100.0,91,91,0,70353,70353,100.0,100.0,90,100.0,100.0,0,0,0,0,0,0,0,0,0.0,0.0,0.0,0.0,90.0,0,1,0,2026-03-23 10:33:23,,1
441,738,course-v1:DHQG-HCM+FM101+2025_S2,audit,1,27.0,55.0,Pass,1.0,22.65,"Bài kiểm tra 03: Các định chế tài chính trung gian (Chương 6,7)","Bài kiểm tra 03: Các định chế tài chính trung gian (Chương 6,7)","Bài kiểm tra 03: Các định chế tài chính trung gian (Chương 6,7)",34.19,22.65,41,181,2025-11-05 14:06:05,138,0.0,0,20,20,844,844,100.0,0,100.0,21,21,0,17735,17735,100.0,100.0,20,100.0,100.0,0,0,0,0,0,0,0,0,0.0,0.0,0.0,0.0,90.0,0,1,0,2026-03-23 10:33:23,,1
442,740,course-v1:DHQG-HCM+FM101+2025_S2,audit,1,23.0,92.0,Pass,1.0,100.0,"Bài kiểm tra 04_Các vấn đề cơ bản về lãi suất (Chương 8,9,10,11)","Bài kiểm tra 04_Các vấn đề cơ bản về lãi suất (Chương 8,9,10,11)","Bài kiểm tra 04_Các vấn đề cơ bản về lãi suất (Chương 8,9,10,11)",99.15,100.0,181,181,2025-11-25 01:35:01,118,0.0,0,90,83,3822,4058,94.17,371982,92.22,91,91,0,70353,70296,100.0,99.92,83,94.17,92.22,0,0,0,0,0,0,0,0,0.0,0.0,0.0,0.0,90.0,0,1,0,2026-03-23 10:33:23,,1
443,741,course-v1:DHQG-HCM+FM101+2025_S2,audit,1,27.0,82.0,Pass,1.0,100.0,Chương 12: Một số vấn đề cơ bản về tỷ giá,Slide bài giảng tóm tắt chương 12,Slide bài giảng tóm tắt chương 12,99.15,100.0,181,181,2025-11-23 11:40:55,120,0.0,0,90,90,4058,4058,100.0,539044,100.0,91,91,0,70353,70353,100.0,100.0,90,100.0,100.0,0,0,0,0,0,0,0,0,0.0,0.0,0.0,0.0,90.0,0,1,0,2026-03-23 10:33:23,,1
444,742,course-v1:DHQG-HCM+FM101+2025_S2,audit,1,27.0,87.0,Pass,1.0,100.0,Bài kiểm tra 05: Các vấn đề cơ bản về tỷ giá (Chương 12),Bài kiểm tra 05: Các vấn đề cơ bản về tỷ giá (Chương 12),Bài kiểm tra 05: Các vấn đề cơ bản về tỷ giá (Chương 12),99.15,100.0,181,181,2025-11-09 01:11:40,134,0.0,0,90,90,4058,4058,100.0,0,100.0,91,91,0,70353,70353,100.0,100.0,90,100.0,100.0,0,0,0,0,0,0,0,0,0.0,0.0,0.0,0.0,90.0,0,1,0,2026-03-23 10:33:23,,1
445,743,course-v1:DHQG-HCM+FM101+2025_S2,audit,1,27.0,0.0,,0.0,5.52,Chương 1: Đại cương về tiền tệ,Hình thái của Tiền,Hình thái của Tiền (tiếp theo),6.84,5.52,10,181,2025-09-24 02:57:19,180,0.0,0,5,5,168,168,100.0,0,100.0,5,5,0,4720,4720,100.0,100.0,5,100.0,100.0,0,0,0,0,0,0,0,0,0.0,0.0,0.0,0.0,90.0,0,1,0,2026-03-23 10:33:23,,0
446,744,course-v1:DHQG-HCM+FM101+2025_S2,audit,1,26.0,0.0,,0.0,8.84,Chương 9: Đo lường lãi suất,Đo lường lãi suất_Lợi suất đáo hạn,Trái phiếu trả lãi định kỳ,7.69,8.84,16,181,2025-11-03 16:05:54,140,0.0,0,8,8,428,428,100.0,4202,100.0,8,8,0,5741,5741,100.0,100.0,8,100.0,100.0,0,0,0,0,0,0,0,0,0.0,0.0,0.0,0.0,90.0,0,1,0,2026-03-23 10:33:23,,0
447,745,course-v1:DHQG-HCM+FM101+2025_S2,audit,1,27.0,76.0,Pass,1.0,100.0,Giới thiệu,Đề cương MOOCS_Nguyên lý thị trường tài chính,Đề cương MOOCS_Nguyên lý thị trường tài chính,99.15,100.0,181,181,2025-11-06 01:38:02,137,0.0,0,90,90,4058,4058,100.0,171490,100.0,91,91,0,70353,70353,100.0,100.0,90,100.0,100.0,0,0,0,0,1,1,0,0,0.0,0.0,0.0,1.0,90.0,0,1,0,2026-03-23 10:33:23,,1
448,746,course-v1:DHQG-HCM+FM101+2025_S2,audit,1,27.0,84.0,Pass,1.0,100.0,Tổng kết môn học,Tổng kết môn học,Tổng kết môn học,99.15,100.0,181,181,2025-10-29 14:36:16,145,0.0,0,90,90,4058,4058,100.0,0,100.0,91,91,0,70353,70353,100.0,100.0,90,100.0,100.0,0,0,0,0,0,0,0,0,0.0,0.0,0.0,0.0,90.0,0,1,0,2026-03-23 10:33:23,,1
449,748,course-v1:DHQG-HCM+FM101+2025_S2,audit,1,27.0,90.0,Pass,1.0,61.33,"Chương 8: Khái niệm, vai trò của lãi suất và giá trị thời gian của tiền",Khái niệm và vai trò của lãi suất,Khái niệm và vai trò của lãi suất,70.94,61.33,111,181,2025-11-24 09:08:28,119,0.0,0,55,48,2178,2516,89.72,6602,87.27,56,56,0,45081,45041,100.0,99.91,48,89.72,87.27,0,0,0,0,0,0,0,0,0.0,0.0,0.0,0.0,90.0,0,1,0,2026-03-23 10:33:23,,1
450,749,course-v1:DHQG-HCM+FM101+2025_S2,audit,1,27.0,90.0,Pass,1.0,100.0,Tổng kết môn học,Tổng kết môn học,Tổng kết môn học,99.15,100.0,181,181,2025-11-09 12:51:38,134,0.0,0,90,90,4058,4058,100.0,226618,100.0,91,91,0,70353,70353,100.0,100.0,90,100.0,100.0,0,0,0,0,0,0,0,0,0.0,0.0,0.0,0.0,90.0,0,1,0,2026-03-23 10:33:23,,1
451,750,course-v1:DHQG-HCM+FM101+2025_S2,audit,1,27.0,84.0,Pass,1.0,100.0,Bài kiểm tra 05: Các vấn đề cơ bản về tỷ giá (Chương 12),Bài kiểm tra 05: Các vấn đề cơ bản về tỷ giá (Chương 12),Bài kiểm tra 05: Các vấn đề cơ bản về tỷ giá (Chương 12),99.15,100.0,181,181,2025-11-12 10:54:31,131,0.0,0,90,90,4058,4058,100.0,50440,100.0,91,91,0,70353,70353,100.0,100.0,90,100.0,100.0,0,0,0,0,0,0,0,0,0.0,0.0,0.0,0.0,90.0,0,1,0,2026-03-23 10:33:23,,1
452,751,course-v1:DHQG-HCM+FM101+2025_S2,audit,1,27.0,87.0,Pass,1.0,100.0,Bài kiểm tra 05: Các vấn đề cơ bản về tỷ giá (Chương 12),Bài kiểm tra 05: Các vấn đề cơ bản về tỷ giá (Chương 12),Bài kiểm tra 05: Các vấn đề cơ bản về tỷ giá (Chương 12),99.15,100.0,181,181,2025-11-09 22:42:21,134,0.0,0,90,90,4058,4058,100.0,0,100.0,91,91,0,70353,70353,100.0,100.0,90,100.0,100.0,0,0,0,0,0,0,0,0,0.0,0.0,0.0,0.0,90.0,0,1,0,2026-03-23 10:33:23,,1
453,752,course-v1:DHQG-HCM+FM101+2025_S2,audit,1,24.0,0.0,,0.0,0.0,Chương 2: Đại cương về tài chính,Slide bài giảng tóm tắt chương 2,Slide bài giảng tóm tắt chương 2,0.85,0.0,0,0,2025-10-02 05:54:54,172,0.0,0,0,0,0,0,0.0,0,0.0,0,0,0,0,0,0.0,0.0,0,0.0,0.0,0,0,0,0,0,0,0,0,0.0,0.0,0.0,0.0,50.0,0,0,0,2026-03-23 10:33:23,,0
454,753,course-v1:DHQG-HCM+FM101+2025_S2,audit,1,27.0,86.0,Pass,1.0,100.0,Chương 9: Đo lường lãi suất,Slide bài giảng tóm tắt chương 9,Bài đọc mở rộng Chương 9,99.15,100.0,181,181,2025-11-08 14:02:29,135,0.0,0,90,90,4058,4058,100.0,0,100.0,91,91,0,70353,70353,100.0,100.0,90,100.0,100.0,0,0,0,0,0,0,0,0,0.0,0.0,0.0,0.0,90.0,0,1,0,2026-03-23 10:33:23,,1
455,754,course-v1:DHQG-HCM+FM101+2025_S2,audit,1,27.0,84.0,Pass,1.0,100.0,Chương 9: Đo lường lãi suất,Đo lường lãi suất_Các thước đo khác của lãi suất,Lợi suất chiết khấu,99.15,100.0,181,181,2025-11-23 19:49:11,120,0.0,0,90,90,4058,4058,100.0,192104,100.0,91,91,0,70353,70353,100.0,100.0,90,100.0,100.0,0,0,0,0,0,0,0,0,0.0,0.0,0.0,0.0,90.0,0,1,0,2026-03-23 10:33:23,,1
456,755,course-v1:DHQG-HCM+FM101+2025_S2,audit,1,27.0,88.0,Pass,1.0,100.0,Tổng kết môn học,Tổng kết môn học,Tổng kết môn học,99.15,100.0,181,181,2025-11-08 16:39:06,135,0.0,0,90,90,4058,4058,100.0,56830,100.0,91,91,0,70353,70353,100.0,100.0,90,100.0,100.0,0,0,0,0,0,0,0,0,0.0,0.0,0.0,0.0,90.0,0,1,0,2026-03-23 10:33:23,,1
457,756,course-v1:DHQG-HCM+FM101+2025_S2,audit,1,27.0,89.0,Pass,1.0,100.0,Bài kiểm tra 05: Các vấn đề cơ bản về tỷ giá (Chương 12),Bài kiểm tra 05: Các vấn đề cơ bản về tỷ giá (Chương 12),Bài kiểm tra 05: Các vấn đề cơ bản về tỷ giá (Chương 12),99.15,100.0,181,181,2025-11-23 10:17:06,120,0.0,0,90,90,4058,4058,100.0,0,100.0,91,91,0,70353,70353,100.0,100.0,90,100.0,100.0,0,0,0,0,0,0,0,0,0.0,0.0,0.0,0.0,90.0,0,1,0,2026-03-23 10:33:23,,1
458,757,course-v1:DHQG-HCM+FM101+2025_S2,audit,1,27.0,86.0,Pass,1.0,100.0,"Bài kiểm tra 04_Các vấn đề cơ bản về lãi suất (Chương 8,9,10,11)","Bài kiểm tra 04_Các vấn đề cơ bản về lãi suất (Chương 8,9,10,11)","Bài kiểm tra 04_Các vấn đề cơ bản về lãi suất (Chương 8,9,10,11)",99.15,100.0,181,181,2025-11-12 13:01:21,131,0.0,0,90,90,4058,4058,100.0,0,100.0,91,91,0,70353,70353,100.0,100.0,90,100.0,100.0,0,0,0,0,0,0,0,0,0.0,0.0,0.0,0.0,90.0,0,1,0,2026-03-23 10:33:23,,1
459,759,course-v1:DHQG-HCM+FM101+2025_S2,audit,1,27.0,10.0,,0.0,54.7,Chương 7: Các định chế tài chính trung gian,Ngân hàng thương mại xử lý thông tin bất cân xứng như thế nào,Ngân hàng thương mại xử lý thông tin bất cân xứng như thế nào,47.01,54.7,99,181,2025-10-19 13:16:01,155,0.0,0,49,49,2220,2220,100.0,0,100.0,50,50,0,40720,40720,100.0,100.0,49,100.0,100.0,0,0,0,0,9,9,0,0,0.0,0.0,0.0,9.0,90.0,0,1,0,2026-03-23 10:33:23,,0
460,760,course-v1:DHQG-HCM+FM101+2025_S2,audit,1,27.0,88.0,Pass,1.0,100.0,Bài kiểm tra 05: Các vấn đề cơ bản về tỷ giá (Chương 12),Bài kiểm tra 05: Các vấn đề cơ bản về tỷ giá (Chương 12),Bài kiểm tra 05: Các vấn đề cơ bản về tỷ giá (Chương 12),99.15,100.0,181,181,2025-11-14 02:57:37,129,0.0,0,90,90,4058,4058,100.0,0,100.0,91,91,0,70353,70353,100.0,100.0,90,100.0,100.0,0,0,0,0,0,0,0,0,0.0,0.0,0.0,0.0,90.0,0,1,0,2026-03-23 10:33:23,,1
461,761,course-v1:DHQG-HCM+FM101+2025_S2,audit,1,27.0,69.0,Pass,1.0,27.07,"Bài kiểm tra 04_Các vấn đề cơ bản về lãi suất (Chương 8,9,10,11)","Bài kiểm tra 04_Các vấn đề cơ bản về lãi suất (Chương 8,9,10,11)","Bài kiểm tra 04_Các vấn đề cơ bản về lãi suất (Chương 8,9,10,11)",29.91,27.07,49,181,2025-11-24 13:42:30,119,0.0,0,24,24,1070,1070,100.0,0,100.0,25,25,0,21432,21432,100.0,100.0,24,100.0,100.0,0,0,0,0,4,4,0,0,0.0,0.0,0.0,4.0,90.0,0,1,0,2026-03-23 10:33:23,,1
462,762,course-v1:DHQG-HCM+FM101+2025_S2,audit,1,27.0,88.0,Pass,1.0,100.0,Bài kiểm tra 05: Các vấn đề cơ bản về tỷ giá (Chương 12),Bài kiểm tra 05: Các vấn đề cơ bản về tỷ giá (Chương 12),Bài kiểm tra 05: Các vấn đề cơ bản về tỷ giá (Chương 12),99.15,100.0,181,181,2025-10-27 13:34:49,147,0.0,0,90,90,4058,4058,100.0,0,100.0,91,91,0,70353,70353,100.0,100.0,90,100.0,100.0,0,0,0,0,0,0,0,0,0.0,0.0,0.0,0.0,90.0,0,1,0,2026-03-23 10:33:23,,1
463,763,course-v1:DHQG-HCM+FM101+2025_S2,audit,1,27.0,0.0,,0.0,0.0,Chưa bắt đầu,N/A,N/A,0.0,0.0,0,0,,999,0.0,0,0,0,0,0,0.0,0,0.0,0,0,0,0,0,0.0,0.0,0,0.0,0.0,0,0,0,0,0,0,0,0,0.0,0.0,0.0,0.0,50.0,0,0,0,2026-03-23 10:33:23,,0
464,764,course-v1:DHQG-HCM+FM101+2025_S2,audit,1,27.0,31.0,,0.0,12.15,"Bài kiểm tra 02: Tổng quan về hệ thống tài chính (Chương 3, 4, 5)","Bài kiểm tra 02: Tổng quan về hệ thống tài chính (Chương 3, 4, 5)","Bài kiểm tra 02: Tổng quan về hệ thống tài chính (Chương 3, 4, 5)",15.38,12.15,22,181,2025-10-28 18:06:08,146,0.0,0,11,11,424,424,100.0,0,100.0,11,11,0,9291,9291,100.0,100.0,11,100.0,100.0,0,0,0,0,0,0,0,0,0.0,0.0,0.0,0.0,90.0,0,1,0,2026-03-23 10:33:23,,0
465,765,course-v1:DHQG-HCM+FM101+2025_S2,audit,1,27.0,9.0,,0.0,12.15,Chương 3: Chức năng của thị trường tài chính,Khái niệm thị trường tài chính và các thành phần của thị trường tài chính,Khái niệm thị trường tài chính và các thành phần của thị trường tài chính,13.68,12.15,22,181,2025-09-22 06:46:08,182,0.0,0,11,11,424,424,100.0,0,100.0,11,11,0,9291,9291,100.0,100.0,11,100.0,100.0,0,0,0,0,0,0,0,0,0.0,0.0,0.0,0.0,90.0,0,1,0,2026-03-23 10:33:23,,0
466,766,course-v1:DHQG-HCM+FM101+2025_S2,audit,1,27.0,0.0,,0.0,6.63,Chương 2: Đại cương về tài chính,Khái niệm về tài chính,Khái niệm về tài chính,5.98,6.63,12,181,2025-09-14 12:20:57,190,0.0,0,6,6,248,248,100.0,0,100.0,6,6,0,5197,5197,100.0,100.0,6,100.0,100.0,0,0,0,0,0,0,0,0,0.0,0.0,0.0,0.0,90.0,0,1,0,2026-03-23 10:33:23,,0
467,767,course-v1:DHQG-HCM+FM101+2025_S2,audit,1,27.0,93.0,Pass,1.0,87.85,Chương 10: Lý thuyết lượng cầu tài sản,Slide bài giảng tóm tắt chương 10,Slide bài giảng tóm tắt chương 10,88.03,87.85,159,181,2025-11-14 06:45:20,129,0.0,0,79,79,3612,3612,100.0,133220,100.0,80,80,0,62484,62484,100.0,100.0,79,100.0,100.0,0,0,0,0,0,0,0,0,0.0,0.0,0.0,0.0,90.0,0,1,0,2026-03-23 10:33:23,,1
468,768,course-v1:DHQG-HCM+FM101+2025_S2,audit,1,27.0,85.0,Pass,1.0,100.0,Bài kiểm tra 05: Các vấn đề cơ bản về tỷ giá (Chương 12),Bài kiểm tra 05: Các vấn đề cơ bản về tỷ giá (Chương 12),Bài kiểm tra 05: Các vấn đề cơ bản về tỷ giá (Chương 12),99.15,100.0,181,181,2025-11-09 03:09:43,134,0.0,0,90,90,4058,4058,100.0,0,100.0,91,91,0,70353,70353,100.0,100.0,90,100.0,100.0,0,0,0,0,0,0,0,0,0.0,0.0,0.0,0.0,90.0,0,1,0,2026-03-23 10:33:23,,1
469,769,course-v1:DHQG-HCM+FM101+2025_S2,audit,1,27.0,82.0,Pass,1.0,100.0,Bài kiểm tra 05: Các vấn đề cơ bản về tỷ giá (Chương 12),Bài kiểm tra 05: Các vấn đề cơ bản về tỷ giá (Chương 12),Bài kiểm tra 05: Các vấn đề cơ bản về tỷ giá (Chương 12),99.15,100.0,181,181,2025-11-10 15:49:36,133,0.0,0,90,90,4058,4058,100.0,0,100.0,91,91,0,70353,70353,100.0,100.0,90,100.0,100.0,0,0,0,0,0,0,0,0,0.0,0.0,0.0,0.0,90.0,0,1,0,2026-03-23 10:33:23,,1
470,772,course-v1:DHQG-HCM+FM101+2025_S2,audit,1,27.0,0.0,,0.0,4.42,Chương 1: Đại cương về tiền tệ,Phương thức thanh toán,Phương thức thanh toán,5.13,4.42,8,181,2025-09-14 16:14:56,190,0.0,0,4,4,146,146,100.0,0,100.0,4,4,0,3878,3878,100.0,100.0,4,100.0,100.0,0,0,0,0,0,0,0,0,0.0,0.0,0.0,0.0,90.0,0,1,0,2026-03-23 10:33:23,,0
471,773,course-v1:DHQG-HCM+FM101+2025_S2,audit,1,27.0,0.0,,0.0,5.52,Chương 1: Đại cương về tiền tệ,Slide bài giảng tóm tắt chương 1,Slide Bài giảng tóm tắt chương 1,6.84,5.52,10,181,2025-09-14 16:24:51,190,0.0,0,5,5,168,168,100.0,0,100.0,5,5,0,4720,4720,100.0,100.0,5,100.0,100.0,0,0,0,0,0,0,0,0,0.0,0.0,0.0,0.0,90.0,0,1,0,2026-03-23 10:33:23,,0
472,774,course-v1:DHQG-HCM+FM101+2025_S2,audit,1,27.0,28.0,,0.0,49.17,Chương 12: Một số vấn đề cơ bản về tỷ giá,Các nhân tố tác động đến tỉ giá,ngắn hạn,55.56,49.17,89,181,2025-11-21 09:11:41,122,0.0,0,44,44,1972,1972,100.0,39114,100.0,45,45,0,36175,36175,100.0,100.0,44,100.0,100.0,0,0,0,0,0,0,0,0,0.0,0.0,0.0,0.0,90.0,0,1,0,2026-03-23 10:33:23,,0
473,776,course-v1:DHQG-HCM+FM101+2025_S2,audit,1,27.0,80.0,Pass,1.0,100.0,Giới thiệu,Giới thiệu môn học,Giới thiệu,99.15,100.0,181,181,2025-11-23 14:20:10,120,0.0,0,90,90,4058,4058,100.0,0,100.0,91,91,0,70353,70353,100.0,100.0,90,100.0,100.0,0,0,0,0,0,0,0,0,0.0,0.0,0.0,0.0,90.0,0,1,0,2026-03-23 10:33:23,,1
474,782,course-v1:DHQG-HCM+FM101+2025_S2,audit,1,27.0,0.0,,0.0,5.52,Chương 1: Đại cương về tiền tệ,Case study về Phương thức thanh toán,Case study về Phương thức thanh toán,5.98,5.52,10,181,2025-10-06 13:59:56,168,0.0,0,5,5,178,178,100.0,0,100.0,5,5,0,4556,4556,100.0,100.0,5,100.0,100.0,0,0,0,0,0,0,0,0,0.0,0.0,0.0,0.0,90.0,0,1,0,2026-03-23 10:33:23,,0
475,783,course-v1:DHQG-HCM+FM101+2025_S2,audit,1,27.0,0.0,,0.0,2.21,Giới thiệu,Giới thiệu môn học,Giới thiệu,1.71,2.21,4,181,2025-09-23 12:56:17,181,0.0,0,2,2,32,32,100.0,0,100.0,2,2,0,1757,1757,100.0,100.0,2,100.0,100.0,0,0,0,0,0,0,0,0,0.0,0.0,0.0,0.0,90.0,0,1,0,2026-03-23 10:33:23,,0
476,784,course-v1:DHQG-HCM+FM101+2025_S2,audit,1,27.0,8.0,,0.0,70.17,"Bài kiểm tra 01_Tổng quan về tiền tệ và tài chính (Chương 1,2) ","Bài kiểm tra 01_Tổng quan về tiền tệ và tài chính (Chương 1,2) ","Bài kiểm tra 01_Tổng quan về tiền tệ và tài chính (Chương 1,2) ",71.79,70.17,127,181,2025-11-13 00:38:57,130,0.0,0,63,63,2932,2932,100.0,0,100.0,64,64,0,50859,50859,100.0,100.0,63,100.0,100.0,0,0,0,8,78,86,0,6,0.0,0.0,0.0,86.0,90.0,0,1,0,2026-03-23 10:33:23,,0
477,786,course-v1:DHQG-HCM+FM101+2025_S2,audit,1,27.0,87.0,Pass,1.0,100.0,Bài kiểm tra 05: Các vấn đề cơ bản về tỷ giá (Chương 12),Bài kiểm tra 05: Các vấn đề cơ bản về tỷ giá (Chương 12),Bài kiểm tra 05: Các vấn đề cơ bản về tỷ giá (Chương 12),99.15,100.0,181,181,2025-11-09 10:03:16,134,0.0,0,90,90,4058,4058,100.0,0,100.0,91,91,0,70353,70353,100.0,100.0,90,100.0,100.0,0,0,0,0,0,0,0,0,0.0,0.0,0.0,0.0,90.0,0,1,0,2026-03-23 10:33:23,,1
478,787,course-v1:DHQG-HCM+FM101+2025_S2,audit,1,26.0,88.0,Pass,1.0,100.0,Bài kiểm tra 05: Các vấn đề cơ bản về tỷ giá (Chương 12),Bài kiểm tra 05: Các vấn đề cơ bản về tỷ giá (Chương 12),Bài kiểm tra 05: Các vấn đề cơ bản về tỷ giá (Chương 12),99.15,100.0,181,181,2025-11-21 06:41:51,122,0.0,0,90,90,4058,4058,100.0,338670,100.0,91,91,0,70353,70353,100.0,100.0,90,100.0,100.0,0,0,0,15,15,30,0,0,0.0,0.0,0.0,30.0,90.0,0,1,0,2026-03-23 10:33:23,,1
479,803,course-v1:DHQG-HCM+FM101+2025_S2,audit,1,27.0,81.0,Pass,1.0,100.0,Tổng kết môn học,Tổng kết môn học,Tổng kết môn học,99.15,100.0,181,181,2025-11-10 18:12:00,133,0.0,0,90,90,4058,4058,100.0,69978,100.0,91,91,0,70353,70353,100.0,100.0,90,100.0,100.0,0,0,0,0,0,0,0,0,0.0,0.0,0.0,0.0,90.0,0,1,0,2026-03-23 10:33:23,,1
480,806,course-v1:DHQG-HCM+FM101+2025_S2,audit,1,25.0,89.0,Pass,1.0,100.0,Tổng kết môn học,Tổng kết môn học,Tổng kết môn học,99.15,100.0,181,181,2025-11-20 13:39:01,123,0.0,0,90,90,4058,4058,100.0,286444,100.0,91,91,0,70353,70353,100.0,100.0,90,100.0,100.0,0,0,0,0,0,0,0,0,0.0,0.0,0.0,0.0,90.0,0,1,0,2026-03-23 10:33:23,,1
481,807,course-v1:DHQG-HCM+FM101+2025_S2,audit,1,26.0,94.0,Pass,1.0,100.0,Bài kiểm tra 05: Các vấn đề cơ bản về tỷ giá (Chương 12),Bài kiểm tra 05: Các vấn đề cơ bản về tỷ giá (Chương 12),Bài kiểm tra 05: Các vấn đề cơ bản về tỷ giá (Chương 12),99.15,100.0,181,181,2025-12-05 02:34:38,108,0.0,0,90,84,3830,4058,95.0,604228,93.33,91,91,0,70353,70332,100.0,99.97,84,95.0,93.33,0,0,0,0,0,0,0,0,0.0,0.0,0.0,0.0,90.0,0,1,0,2026-03-23 10:33:23,,1
482,808,course-v1:DHQG-HCM+FM101+2025_S2,audit,1,27.0,88.0,Pass,1.0,100.0,Tổng kết môn học,Tổng kết môn học,Tổng kết môn học,99.15,100.0,181,181,2025-11-23 05:13:55,120,0.0,0,90,90,4058,4058,100.0,0,100.0,91,91,0,70353,70353,100.0,100.0,90,100.0,100.0,0,0,0,0,0,0,0,0,0.0,0.0,0.0,0.0,90.0,0,1,0,2026-03-23 10:33:23,,1
483,810,course-v1:DHQG-HCM+FM101+2025_S2,audit,1,27.0,85.0,Pass,1.0,100.0,Bài kiểm tra 05: Các vấn đề cơ bản về tỷ giá (Chương 12),Bài kiểm tra 05: Các vấn đề cơ bản về tỷ giá (Chương 12),Bài kiểm tra 05: Các vấn đề cơ bản về tỷ giá (Chương 12),99.15,100.0,181,181,2025-11-16 09:06:39,127,0.0,0,90,90,4058,4058,100.0,390646,100.0,91,91,0,70353,70353,100.0,100.0,90,100.0,100.0,0,0,0,0,0,0,0,0,0.0,0.0,0.0,0.0,90.0,0,1,0,2026-03-23 10:33:23,,1
484,811,course-v1:DHQG-HCM+FM101+2025_S2,audit,1,27.0,34.0,,0.0,0.0,Bài kiểm tra 05: Các vấn đề cơ bản về tỷ giá (Chương 12),Bài kiểm tra 05: Các vấn đề cơ bản về tỷ giá (Chương 12),Bài kiểm tra 05: Các vấn đề cơ bản về tỷ giá (Chương 12),1.71,0.0,0,0,2025-10-03 04:05:44,171,0.0,0,0,0,0,0,0.0,0,0.0,0,0,0,0,0,0.0,0.0,0,0.0,0.0,0,0,0,0,0,0,0,0,0.0,0.0,0.0,0.0,50.0,0,0,0,2026-03-23 10:33:23,,0
485,812,course-v1:DHQG-HCM+FM101+2025_S2,audit,1,27.0,54.0,Pass,1.0,13.26,Tổng kết môn học,Tổng kết môn học,Tổng kết môn học,14.53,13.26,24,181,2025-11-06 06:06:13,137,0.0,0,12,12,578,578,100.0,0,100.0,12,12,0,10016,10016,100.0,100.0,12,100.0,100.0,0,0,0,0,0,0,0,0,0.0,0.0,0.0,0.0,90.0,0,1,0,2026-03-23 10:33:23,,1
486,813,course-v1:DHQG-HCM+FM101+2025_S2,audit,1,27.0,92.0,Pass,1.0,100.0,Tổng kết môn học,Tổng kết môn học,Tổng kết môn học,99.15,100.0,181,181,2025-11-13 04:49:44,130,0.0,0,90,90,4058,4058,100.0,0,100.0,91,91,0,70353,70353,100.0,100.0,90,100.0,100.0,0,0,0,0,0,0,0,0,0.0,0.0,0.0,0.0,90.0,0,1,0,2026-03-23 10:33:23,,1
487,814,course-v1:DHQG-HCM+FM101+2025_S2,audit,1,27.0,93.0,Pass,1.0,100.0,"Bài kiểm tra 04_Các vấn đề cơ bản về lãi suất (Chương 8,9,10,11)","Bài kiểm tra 04_Các vấn đề cơ bản về lãi suất (Chương 8,9,10,11)","Bài kiểm tra 04_Các vấn đề cơ bản về lãi suất (Chương 8,9,10,11)",99.15,100.0,181,181,2025-11-08 14:30:25,135,0.0,0,90,90,4058,4058,100.0,4914,100.0,91,91,0,70353,70353,100.0,100.0,90,100.0,100.0,0,0,0,0,40,40,0,0,0.0,0.0,0.0,40.0,90.0,0,1,0,2026-03-23 10:33:23,,1
488,816,course-v1:DHQG-HCM+FM101+2025_S2,audit,1,26.0,81.0,Pass,1.0,100.0,Tổng kết môn học,Tổng kết môn học,Tổng kết môn học,99.15,100.0,181,181,2025-11-19 13:48:38,124,0.0,0,90,90,4058,4058,100.0,174680,100.0,91,91,0,70353,70353,100.0,100.0,90,100.0,100.0,0,0,0,0,0,0,0,0,0.0,0.0,0.0,0.0,90.0,0,1,0,2026-03-23 10:33:23,,1
489,818,course-v1:DHQG-HCM+FM101+2025_S2,audit,1,26.0,74.0,Pass,1.0,60.22,"Bài kiểm tra 03: Các định chế tài chính trung gian (Chương 6,7)","Bài kiểm tra 03: Các định chế tài chính trung gian (Chương 6,7)","Bài kiểm tra 03: Các định chế tài chính trung gian (Chương 6,7)",66.67,60.22,109,181,2025-11-17 02:14:41,126,0.0,0,54,54,2466,2466,100.0,0,100.0,55,55,0,44334,44334,100.0,100.0,54,100.0,100.0,0,0,0,0,0,0,0,0,0.0,0.0,0.0,0.0,90.0,0,1,0,2026-03-23 10:33:23,,1
490,820,course-v1:DHQG-HCM+FM101+2025_S2,audit,1,27.0,88.0,Pass,1.0,100.0,Tổng kết môn học,Tổng kết môn học,Tổng kết môn học,99.15,100.0,181,181,2025-11-10 04:48:59,133,0.0,0,90,90,4058,4058,100.0,0,100.0,91,91,0,70353,70353,100.0,100.0,90,100.0,100.0,0,0,0,0,0,0,0,0,0.0,0.0,0.0,0.0,90.0,0,1,0,2026-03-23 10:33:23,,1
491,822,course-v1:DHQG-HCM+FM101+2025_S2,audit,1,26.0,90.0,Pass,1.0,100.0,Bài kiểm tra 05: Các vấn đề cơ bản về tỷ giá (Chương 12),Bài kiểm tra 05: Các vấn đề cơ bản về tỷ giá (Chương 12),Bài kiểm tra 05: Các vấn đề cơ bản về tỷ giá (Chương 12),99.15,100.0,181,181,2025-11-10 13:10:32,133,0.0,0,90,90,4058,4058,100.0,3280,100.0,91,91,0,70353,70353,100.0,100.0,90,100.0,100.0,0,0,0,0,0,0,0,0,0.0,0.0,0.0,0.0,90.0,0,1,0,2026-03-23 10:33:23,,1
492,824,course-v1:DHQG-HCM+FM101+2025_S2,audit,1,26.0,88.0,Pass,1.0,12.15,Bài kiểm tra 05: Các vấn đề cơ bản về tỷ giá (Chương 12),Bài kiểm tra 05: Các vấn đề cơ bản về tỷ giá (Chương 12),Bài kiểm tra 05: Các vấn đề cơ bản về tỷ giá (Chương 12),16.24,12.15,22,181,2025-11-06 05:57:46,137,0.0,0,11,11,488,488,100.0,0,100.0,11,11,0,9019,9019,100.0,100.0,11,100.0,100.0,0,0,0,0,0,0,0,0,0.0,0.0,0.0,0.0,90.0,0,1,0,2026-03-23 10:33:23,,1
493,825,course-v1:DHQG-HCM+FM101+2025_S2,audit,1,19.0,89.0,Pass,1.0,100.0,Tổng kết môn học,Tổng kết môn học,Tổng kết môn học,99.15,100.0,181,181,2025-11-19 08:51:59,124,0.0,0,90,90,4058,4058,100.0,191856,100.0,91,91,0,70353,70353,100.0,100.0,90,100.0,100.0,0,0,0,0,2,2,0,0,0.0,0.0,0.0,2.0,90.0,0,1,0,2026-03-23 10:33:23,,1
494,826,course-v1:DHQG-HCM+FM101+2025_S2,audit,1,26.0,80.0,Pass,1.0,0.0,Bài kiểm tra 05: Các vấn đề cơ bản về tỷ giá (Chương 12),Bài kiểm tra 05: Các vấn đề cơ bản về tỷ giá (Chương 12),Bài kiểm tra 05: Các vấn đề cơ bản về tỷ giá (Chương 12),4.27,0.0,0,0,2025-10-30 00:44:12,144,0.0,0,0,0,0,0,0.0,0,0.0,0,0,0,0,0,0.0,0.0,0,0.0,0.0,0,0,0,0,0,0,0,0,0.0,0.0,0.0,0.0,50.0,0,0,0,2026-03-23 10:33:23,,1
495,827,course-v1:DHQG-HCM+FM101+2025_S2,audit,1,26.0,31.0,,0.0,100.0,Tổng kết môn học,Tổng kết môn học,Tổng kết môn học,96.58,100.0,181,181,2025-11-12 15:56:00,131,0.0,0,90,90,4058,4058,100.0,0,100.0,91,91,0,70353,70353,100.0,100.0,90,100.0,100.0,0,0,0,0,0,0,0,0,0.0,0.0,0.0,0.0,90.0,0,1,0,2026-03-23 10:33:23,,0
496,828,course-v1:DHQG-HCM+FM101+2025_S2,audit,1,26.0,0.0,,0.0,10.5,Chương 6: Chi phí giao dịch và thông tin bất cân xứng,Khái niệm Thông tin bất cân xứng,Khái niệm Thông tin bất cân xứng,20.51,10.5,19,181,2025-11-18 02:43:21,125,0.0,0,9,9,326,326,100.0,0,100.0,10,10,0,8500,8500,100.0,100.0,9,100.0,100.0,0,0,0,0,0,0,0,0,0.0,0.0,0.0,0.0,90.0,0,1,0,2026-03-23 10:33:23,,0
497,830,course-v1:DHQG-HCM+FM101+2025_S2,audit,1,26.0,87.0,Pass,1.0,100.0,Bài kiểm tra 05: Các vấn đề cơ bản về tỷ giá (Chương 12),Bài kiểm tra 05: Các vấn đề cơ bản về tỷ giá (Chương 12),Bài kiểm tra 05: Các vấn đề cơ bản về tỷ giá (Chương 12),99.15,100.0,181,181,2025-10-29 22:46:15,145,0.0,0,90,90,4058,4058,100.0,0,100.0,91,91,0,70353,70353,100.0,100.0,90,100.0,100.0,0,0,0,0,0,0,0,0,0.0,0.0,0.0,0.0,90.0,0,1,0,2026-03-23 10:33:23,,1
498,831,course-v1:DHQG-HCM+FM101+2025_S2,audit,1,26.0,29.0,,0.0,11.05,"Bài kiểm tra 02: Tổng quan về hệ thống tài chính (Chương 3, 4, 5)","Bài kiểm tra 02: Tổng quan về hệ thống tài chính (Chương 3, 4, 5)","Bài kiểm tra 02: Tổng quan về hệ thống tài chính (Chương 3, 4, 5)",13.68,11.05,20,181,2025-10-29 19:29:53,145,0.0,0,10,10,370,370,100.0,0,100.0,10,10,0,8381,8381,100.0,100.0,10,100.0,100.0,0,0,0,0,0,0,0,0,0.0,0.0,0.0,0.0,90.0,0,1,0,2026-03-23 10:33:23,,0
499,832,course-v1:DHQG-HCM+FM101+2025_S2,audit,1,26.0,69.0,Pass,1.0,82.32,Tổng kết môn học,Tổng kết môn học,Tổng kết môn học,83.76,82.32,149,181,2025-11-24 10:52:44,119,0.0,0,74,74,3418,3418,100.0,0,100.0,75,75,0,58610,58610,100.0,100.0,74,100.0,100.0,0,0,0,0,0,0,0,0,0.0,0.0,0.0,0.0,90.0,0,1,0,2026-03-23 10:33:23,,1
500,833,course-v1:DHQG-HCM+FM101+2025_S2,audit,1,26.0,93.0,Pass,1.0,100.0,Bài kiểm tra 05: Các vấn đề cơ bản về tỷ giá (Chương 12),Bài kiểm tra 05: Các vấn đề cơ bản về tỷ giá (Chương 12),Bài kiểm tra 05: Các vấn đề cơ bản về tỷ giá (Chương 12),99.15,100.0,181,181,2025-11-23 11:33:35,120,0.0,0,90,90,4058,4058,100.0,165858,100.0,91,91,0,70353,70353,100.0,100.0,90,100.0,100.0,0,0,0,0,0,0,0,0,0.0,0.0,0.0,0.0,90.0,0,1,0,2026-03-23 10:33:23,,1
501,834,course-v1:DHQG-HCM+FM101+2025_S2,audit,1,26.0,93.0,Pass,1.0,100.0,"Bài kiểm tra 02: Tổng quan về hệ thống tài chính (Chương 3, 4, 5)","Bài kiểm tra 02: Tổng quan về hệ thống tài chính (Chương 3, 4, 5)","Bài kiểm tra 02: Tổng quan về hệ thống tài chính (Chương 3, 4, 5)",99.15,100.0,181,181,2025-11-13 17:41:51,130,0.0,0,90,90,4058,4058,100.0,235946,100.0,91,91,0,70353,70353,100.0,100.0,90,100.0,100.0,0,0,0,0,0,0,0,0,0.0,0.0,0.0,0.0,90.0,0,1,0,2026-03-23 10:33:23,,1
502,836,course-v1:DHQG-HCM+FM101+2025_S2,audit,1,26.0,85.0,Pass,1.0,100.0,Chương 12: Một số vấn đề cơ bản về tỷ giá,Slide bài giảng tóm tắt chương 12,Slide bài giảng tóm tắt chương 12,99.15,100.0,181,181,2025-11-15 13:25:35,128,0.0,0,90,90,4058,4058,100.0,32298,100.0,91,91,0,70353,70353,100.0,100.0,90,100.0,100.0,0,0,0,0,0,0,0,0,0.0,0.0,0.0,0.0,90.0,0,1,0,2026-03-23 10:33:23,,1
503,837,course-v1:DHQG-HCM+FM101+2025_S2,audit,1,26.0,86.0,Pass,1.0,100.0,Bài kiểm tra 05: Các vấn đề cơ bản về tỷ giá (Chương 12),Bài kiểm tra 05: Các vấn đề cơ bản về tỷ giá (Chương 12),Bài kiểm tra 05: Các vấn đề cơ bản về tỷ giá (Chương 12),99.15,100.0,181,181,2025-11-09 04:40:42,134,0.0,0,90,90,4058,4058,100.0,1594,100.0,91,91,0,70353,70353,100.0,100.0,90,100.0,100.0,0,0,0,0,0,0,0,0,0.0,0.0,0.0,0.0,90.0,0,1,0,2026-03-23 10:33:23,,1
504,838,course-v1:DHQG-HCM+FM101+2025_S2,audit,1,26.0,89.0,Pass,1.0,100.0,Chương 9: Đo lường lãi suất,Bài tập_Hướng dẫn tính Lợi suất đáo hạn,Hướng dẫn tính lợi suất đáo hạn_Phần 2,99.15,100.0,181,181,2025-11-08 19:38:33,135,0.0,0,90,90,4058,4058,100.0,0,100.0,91,91,0,70353,70353,100.0,100.0,90,100.0,100.0,0,0,0,0,0,0,0,0,0.0,0.0,0.0,0.0,90.0,0,1,0,2026-03-23 10:33:23,,1
505,839,course-v1:DHQG-HCM+FM101+2025_S2,audit,1,26.0,78.0,Pass,1.0,100.0,Chương 12: Một số vấn đề cơ bản về tỷ giá,Các nhân tố tác động đến tỉ giá,ngắn hạn,99.15,100.0,181,181,2025-11-23 17:07:36,120,0.0,0,90,90,4058,4058,100.0,0,100.0,91,91,0,70353,70353,100.0,100.0,90,100.0,100.0,0,0,0,0,0,0,0,0,0.0,0.0,0.0,0.0,90.0,0,1,0,2026-03-23 10:33:23,,1
506,840,course-v1:DHQG-HCM+FM101+2025_S2,audit,1,26.0,80.0,Pass,1.0,100.0,Chương 9: Đo lường lãi suất,Slide bài giảng tóm tắt chương 9,Bài đọc mở rộng Chương 9,99.15,100.0,181,181,2025-11-23 14:33:42,120,0.0,0,90,90,4058,4058,100.0,0,100.0,91,91,0,70353,70353,100.0,100.0,90,100.0,100.0,0,0,0,0,0,0,0,0,0.0,0.0,0.0,0.0,90.0,0,1,0,2026-03-23 10:33:23,,1
507,841,course-v1:DHQG-HCM+FM101+2025_S2,audit,1,26.0,82.0,Pass,1.0,100.0,Tổng kết môn học,Tổng kết môn học,Tổng kết môn học,99.15,100.0,181,181,2025-11-06 12:59:52,137,0.0,0,90,90,4058,4058,100.0,0,100.0,91,91,0,70353,70353,100.0,100.0,90,100.0,100.0,0,0,0,0,0,0,0,0,0.0,0.0,0.0,0.0,90.0,0,1,0,2026-03-23 10:33:23,,1
508,842,course-v1:DHQG-HCM+FM101+2025_S2,audit,1,26.0,82.0,Pass,1.0,100.0,Giới thiệu,Tổng quan khóa học,Tổng quan khóa học,99.15,100.0,181,181,2025-11-10 14:26:29,133,0.0,0,90,90,4058,4058,100.0,237734,100.0,91,91,0,70353,70353,100.0,100.0,90,100.0,100.0,0,0,0,0,0,0,0,0,0.0,0.0,0.0,0.0,90.0,0,1,0,2026-03-23 10:33:23,,1
509,844,course-v1:DHQG-HCM+FM101+2025_S2,audit,1,26.0,90.0,Pass,1.0,100.0,Giới thiệu,Tổng quan khóa học,Tổng quan khóa học,99.15,100.0,181,181,2025-11-23 12:20:22,120,0.0,0,90,90,4058,4058,100.0,530128,100.0,91,91,0,70353,70353,100.0,100.0,90,100.0,100.0,0,0,0,0,0,0,0,0,0.0,0.0,0.0,0.0,90.0,0,1,0,2026-03-23 10:33:23,,1
510,845,course-v1:DHQG-HCM+FM101+2025_S2,audit,1,26.0,91.0,Pass,1.0,100.0,Bài kiểm tra 05: Các vấn đề cơ bản về tỷ giá (Chương 12),Bài kiểm tra 05: Các vấn đề cơ bản về tỷ giá (Chương 12),Bài kiểm tra 05: Các vấn đề cơ bản về tỷ giá (Chương 12),99.15,100.0,181,181,2025-11-14 18:42:27,129,0.0,0,90,90,4058,4058,100.0,0,100.0,91,91,0,70353,70353,100.0,100.0,90,100.0,100.0,0,0,0,0,0,0,0,0,0.0,0.0,0.0,0.0,90.0,0,1,0,2026-03-23 10:33:23,,1
511,848,course-v1:DHQG-HCM+FM101+2025_S2,audit,1,26.0,29.0,,0.0,52.49,"Chương 8: Khái niệm, vai trò của lãi suất và giá trị thời gian của tiền",Slide bài giảng tóm tắt chương 8,Slide bài giảng tóm tắt chương 8,56.41,52.49,95,181,2025-11-26 02:57:07,117,0.0,0,47,47,2052,2052,100.0,0,100.0,48,48,0,39266,39266,100.0,100.0,47,100.0,100.0,0,0,0,0,3,3,0,0,0.0,0.0,0.0,3.0,90.0,0,1,0,2026-03-23 10:33:23,,0
512,850,course-v1:DHQG-HCM+FM101+2025_S2,audit,1,26.0,0.0,,0.0,9.94,Chương 6: Chi phí giao dịch và thông tin bất cân xứng,Slide bài giảng tóm tắt chương 6,Slide bài giảng tóm tắt chương 6,13.68,9.94,18,181,2025-10-02 07:31:16,172,0.0,0,9,9,316,316,100.0,0,100.0,9,9,0,7810,7810,100.0,100.0,9,100.0,100.0,0,0,0,0,5,5,0,0,0.0,0.0,0.0,5.0,90.0,0,1,0,2026-03-23 10:33:23,,0
513,851,course-v1:DHQG-HCM+FM101+2025_S2,audit,1,26.0,26.0,,0.0,19.34,"Bài kiểm tra 02: Tổng quan về hệ thống tài chính (Chương 3, 4, 5)","Bài kiểm tra 02: Tổng quan về hệ thống tài chính (Chương 3, 4, 5)","Bài kiểm tra 02: Tổng quan về hệ thống tài chính (Chương 3, 4, 5)",21.37,19.34,35,181,2025-11-21 12:17:40,122,0.0,0,17,17,722,722,100.0,0,100.0,18,18,0,15295,15295,100.0,100.0,17,100.0,100.0,0,0,0,0,118,118,0,0,0.0,0.0,0.0,118.0,90.0,0,1,0,2026-03-23 10:33:23,,0
514,852,course-v1:DHQG-HCM+FM101+2025_S2,audit,1,26.0,94.0,Pass,1.0,100.0,Bài kiểm tra 05: Các vấn đề cơ bản về tỷ giá (Chương 12),Bài kiểm tra 05: Các vấn đề cơ bản về tỷ giá (Chương 12),Bài kiểm tra 05: Các vấn đề cơ bản về tỷ giá (Chương 12),99.15,100.0,181,181,2025-11-24 15:33:52,119,0.0,0,90,90,4058,4058,100.0,275946,100.0,91,91,0,70353,70353,100.0,100.0,90,100.0,100.0,0,0,0,0,0,0,0,0,0.0,0.0,0.0,0.0,90.0,0,1,0,2026-03-23 10:33:23,,1
515,853,course-v1:DHQG-HCM+FM101+2025_S2,audit,1,26.0,90.0,Pass,1.0,100.0,Chương 12: Một số vấn đề cơ bản về tỷ giá,Chế độ tỷ giá và chính sách tỷ giá,Chế độ tỷ giá và chính sách tỷ giá,99.15,100.0,181,181,2025-11-23 08:24:41,120,0.0,0,90,90,4058,4058,100.0,100682,100.0,91,91,0,70353,70353,100.0,100.0,90,100.0,100.0,0,0,0,0,0,0,0,0,0.0,0.0,0.0,0.0,90.0,0,1,0,2026-03-23 10:33:23,,1
516,854,course-v1:DHQG-HCM+FM101+2025_S2,audit,1,26.0,74.0,Pass,1.0,100.0,Bài kiểm tra 05: Các vấn đề cơ bản về tỷ giá (Chương 12),Bài kiểm tra 05: Các vấn đề cơ bản về tỷ giá (Chương 12),Bài kiểm tra 05: Các vấn đề cơ bản về tỷ giá (Chương 12),99.15,100.0,181,181,2025-11-14 09:51:33,129,0.0,0,90,90,4058,4058,100.0,163174,100.0,91,91,0,70353,70353,100.0,100.0,90,100.0,100.0,0,0,0,0,0,0,0,0,0.0,0.0,0.0,0.0,90.0,0,1,0,2026-03-23 10:33:23,,1
517,856,course-v1:DHQG-HCM+FM101+2025_S2,audit,1,26.0,83.0,Pass,1.0,67.4,Chương 12: Một số vấn đề cơ bản về tỷ giá,Slide bài giảng tóm tắt chương 12,Slide bài giảng tóm tắt chương 12,84.62,67.4,122,181,2025-11-26 01:06:31,117,0.0,0,53,53,2444,2444,100.0,93762,100.0,78,69,9,61141,59520,88.46,97.35,53,100.0,100.0,0,0,0,0,6,6,0,0,0.0,0.0,0.0,6.0,90.0,0,1,0,2026-03-23 10:33:23,,1
518,858,course-v1:DHQG-HCM+FM101+2025_S2,audit,1,26.0,61.0,Pass,1.0,82.32,Chương 7: Các định chế tài chính trung gian,Tổ chức tiết kiệm hợp đồng,Tổ chức tiết kiệm hợp đồng,84.62,82.32,149,181,2025-11-23 18:36:20,120,0.0,0,74,74,3346,3346,100.0,13236,100.0,75,75,0,58555,58555,100.0,100.0,74,100.0,100.0,0,0,0,0,0,0,0,0,0.0,0.0,0.0,0.0,90.0,0,1,0,2026-03-23 10:33:23,,1
519,861,course-v1:DHQG-HCM+FM101+2025_S2,audit,1,26.0,0.0,,0.0,1.1,Chương 1: Đại cương về tiền tệ,Khái niệm tiền và chức năng của tiền,Khái niệm tiền và chức năng của tiền,0.85,1.1,2,181,2025-09-16 14:24:28,188,0.0,0,1,1,10,10,100.0,0,100.0,1,1,0,914,914,100.0,100.0,1,100.0,100.0,0,0,0,0,0,0,0,0,0.0,0.0,0.0,0.0,50.0,0,0,0,2026-03-23 10:33:23,,0
520,862,course-v1:DHQG-HCM+FM101+2025_S2,audit,1,26.0,77.0,Pass,1.0,100.0,Bài kiểm tra 05: Các vấn đề cơ bản về tỷ giá (Chương 12),Bài kiểm tra 05: Các vấn đề cơ bản về tỷ giá (Chương 12),Bài kiểm tra 05: Các vấn đề cơ bản về tỷ giá (Chương 12),99.15,100.0,181,181,2025-11-23 14:03:28,120,0.0,0,90,90,4058,4058,100.0,66230,100.0,91,91,0,70353,70353,100.0,100.0,90,100.0,100.0,0,0,0,0,0,0,0,0,0.0,0.0,0.0,0.0,90.0,0,1,0,2026-03-23 10:33:23,,1
521,863,course-v1:DHQG-HCM+FM101+2025_S2,audit,1,26.0,82.0,Pass,1.0,100.0,Chương 12: Một số vấn đề cơ bản về tỷ giá,Slide bài giảng tóm tắt chương 12,Slide bài giảng tóm tắt chương 12,99.15,100.0,181,181,2025-11-23 06:18:46,120,0.0,0,90,90,4058,4058,100.0,0,100.0,91,91,0,70353,70353,100.0,100.0,90,100.0,100.0,0,0,0,0,0,0,0,0,0.0,0.0,0.0,0.0,90.0,0,1,0,2026-03-23 10:33:23,,1
522,864,course-v1:DHQG-HCM+FM101+2025_S2,audit,1,26.0,82.0,Pass,1.0,100.0,Bài kiểm tra 05: Các vấn đề cơ bản về tỷ giá (Chương 12),Bài kiểm tra 05: Các vấn đề cơ bản về tỷ giá (Chương 12),Bài kiểm tra 05: Các vấn đề cơ bản về tỷ giá (Chương 12),99.15,100.0,181,181,2025-11-21 15:32:08,122,0.0,0,90,90,4058,4058,100.0,217498,100.0,91,91,0,70353,70353,100.0,100.0,90,100.0,100.0,0,0,0,0,0,0,0,0,0.0,0.0,0.0,0.0,90.0,0,1,0,2026-03-23 10:33:23,,1
523,865,course-v1:DHQG-HCM+FM101+2025_S2,audit,1,26.0,89.0,Pass,1.0,100.0,Chương 6: Chi phí giao dịch và thông tin bất cân xứng,Slide bài giảng tóm tắt chương 6,Bài đọc mở rộng Chương 6,99.15,100.0,181,181,2025-11-23 10:54:53,120,0.0,0,90,90,4058,4058,100.0,114490,100.0,91,91,0,70353,70353,100.0,100.0,90,100.0,100.0,0,0,0,0,0,0,0,0,0.0,0.0,0.0,0.0,90.0,0,1,0,2026-03-23 10:33:23,,1
524,867,course-v1:DHQG-HCM+FM101+2025_S2,audit,1,26.0,0.0,,0.0,0.0,Chưa bắt đầu,N/A,N/A,0.0,0.0,0,0,,999,0.0,0,0,0,0,0,0.0,0,0.0,0,0,0,0,0,0.0,0.0,0,0.0,0.0,0,0,0,0,0,0,0,0,0.0,0.0,0.0,0.0,50.0,0,0,0,2026-03-23 10:33:23,,0
525,873,course-v1:DHQG-HCM+FM101+2025_S2,audit,1,26.0,83.0,Pass,1.0,100.0,Tổng kết môn học,Tổng kết môn học,Tổng kết môn học,99.15,100.0,181,181,2025-11-24 01:58:23,119,0.0,0,90,90,4058,4058,100.0,204604,100.0,91,91,0,70353,70353,100.0,100.0,90,100.0,100.0,0,0,0,0,0,0,0,0,0.0,0.0,0.0,0.0,90.0,0,1,0,2026-03-23 10:33:23,,1
526,875,course-v1:DHQG-HCM+FM101+2025_S2,audit,1,26.0,9.0,,0.0,17.68,Chương 3: Chức năng của thị trường tài chính,Chủ thể tham gia thị trường tài chính,Chủ thể tham gia thị trường tài chính (tiếp theo),19.66,17.68,32,181,2025-09-30 16:46:22,174,0.0,0,16,16,684,684,100.0,0,100.0,16,16,0,13455,13455,100.0,100.0,16,100.0,100.0,0,0,0,0,18,18,0,0,0.0,0.0,0.0,18.0,90.0,0,1,0,2026-03-23 10:33:23,,0
527,876,course-v1:DHQG-HCM+FM101+2025_S2,audit,1,25.0,87.0,Pass,1.0,100.0,Bài kiểm tra 05: Các vấn đề cơ bản về tỷ giá (Chương 12),Bài kiểm tra 05: Các vấn đề cơ bản về tỷ giá (Chương 12),Bài kiểm tra 05: Các vấn đề cơ bản về tỷ giá (Chương 12),99.15,100.0,181,181,2025-11-22 16:21:07,121,0.0,0,90,90,4058,4058,100.0,165040,100.0,91,91,0,70353,70353,100.0,100.0,90,100.0,100.0,0,0,0,0,0,0,0,0,0.0,0.0,0.0,0.0,90.0,0,1,0,2026-03-23 10:33:23,,1
528,880,course-v1:DHQG-HCM+FM101+2025_S2,audit,1,25.0,93.0,Pass,1.0,100.0,Chương 12: Một số vấn đề cơ bản về tỷ giá,Các nhân tố tác động đến tỉ giá,ngắn hạn,99.15,100.0,181,181,2025-11-14 08:04:02,129,0.0,0,90,90,4058,4058,100.0,576964,100.0,91,91,0,70353,70353,100.0,100.0,90,100.0,100.0,0,0,0,0,0,0,0,0,0.0,0.0,0.0,0.0,90.0,0,1,0,2026-03-23 10:33:23,,1
529,885,course-v1:DHQG-HCM+FM101+2025_S2,audit,1,26.0,0.0,,0.0,4.42,Chương 1: Đại cương về tiền tệ,Hình thái của Tiền,Hình thái của Tiền (tiếp theo),5.13,4.42,8,181,2025-09-17 04:20:11,187,0.0,0,4,4,92,92,100.0,0,100.0,4,4,0,3675,3675,100.0,100.0,4,100.0,100.0,0,0,0,0,0,0,0,0,0.0,0.0,0.0,0.0,90.0,0,1,0,2026-03-23 10:33:23,,0
530,888,course-v1:DHQG-HCM+FM101+2025_S2,audit,1,26.0,0.0,,0.0,21.55,Chương 5: Các công cụ thị trường tài chính,Giới thiệu về công cụ thị trường vốn,Giới thiệu về công cụ thị trường vốn,23.08,21.55,39,181,2025-10-16 05:47:44,158,0.0,0,19,19,800,800,100.0,0,100.0,20,20,0,17302,17302,100.0,100.0,19,100.0,100.0,0,0,0,0,0,0,0,0,0.0,0.0,0.0,0.0,90.0,0,1,0,2026-03-23 10:33:23,,0
531,893,course-v1:DHQG-HCM+FM101+2025_S2,audit,1,25.0,80.0,Pass,1.0,100.0,Bài kiểm tra 05: Các vấn đề cơ bản về tỷ giá (Chương 12),Bài kiểm tra 05: Các vấn đề cơ bản về tỷ giá (Chương 12),Bài kiểm tra 05: Các vấn đề cơ bản về tỷ giá (Chương 12),99.15,100.0,181,181,2025-11-19 15:27:19,124,0.0,0,90,90,4058,4058,100.0,124496,100.0,91,91,0,70353,70353,100.0,100.0,90,100.0,100.0,0,0,0,0,0,0,0,0,0.0,0.0,0.0,0.0,90.0,0,1,0,2026-03-23 10:33:23,,1
532,895,course-v1:DHQG-HCM+FM101+2025_S2,audit,1,26.0,0.0,,0.0,1.1,Chương 1: Đại cương về tiền tệ,Hình thái của Tiền,Hình thái của Tiền,0.85,1.1,2,181,2025-09-21 02:35:05,183,0.0,0,1,1,22,22,100.0,0,100.0,1,1,0,843,843,100.0,100.0,1,100.0,100.0,0,0,0,0,0,0,0,0,0.0,0.0,0.0,0.0,90.0,0,1,0,2026-03-23 10:33:23,,0
533,899,course-v1:DHQG-HCM+FM101+2025_S2,audit,1,26.0,0.0,,0.0,50.28,Chương 6: Chi phí giao dịch và thông tin bất cân xứng,Slide bài giảng tóm tắt chương 6,Slide bài giảng tóm tắt chương 6,48.72,50.28,91,181,2025-10-06 12:34:56,168,0.0,0,45,45,1968,1968,100.0,0,100.0,46,46,0,37793,37793,100.0,100.0,45,100.0,100.0,0,0,0,0,9,9,0,0,0.0,0.0,0.0,9.0,90.0,0,1,0,2026-03-23 10:33:23,,0
534,902,course-v1:DHQG-HCM+FM101+2025_S2,audit,1,26.0,4.0,,0.0,20.99,Chương 4: Cấu trúc thị trường tài chính,Hệ thống tài chính Việt Nam và kiểm soát hệ thống tài chính,Hệ thống tài chính Việt Nam và kiểm soát hệ thống tài chính,22.22,20.99,38,181,2025-09-19 05:39:46,185,0.0,0,19,19,804,804,100.0,0,100.0,19,19,0,16040,16040,100.0,100.0,19,100.0,100.0,0,0,0,2,0,2,0,2,0.0,0.0,0.0,2.0,90.0,0,1,0,2026-03-23 10:33:23,,0
535,904,course-v1:DHQG-HCM+FM101+2025_S2,audit,1,26.0,27.0,,0.0,46.96,Chương 9: Đo lường lãi suất,"Vay đơn, vay hoàn trả cố định","Vay đơn, vay hoàn trả cố định",51.28,46.96,85,181,2025-11-19 12:37:44,124,0.0,0,42,42,1994,1994,100.0,0,100.0,43,43,0,35030,35030,100.0,100.0,42,100.0,100.0,0,0,0,0,0,0,0,0,0.0,0.0,0.0,0.0,90.0,0,1,0,2026-03-23 10:33:23,,0
536,912,course-v1:DHQG-HCM+FM101+2025_S2,audit,1,24.0,94.0,Pass,1.0,100.0,"Bài kiểm tra 04_Các vấn đề cơ bản về lãi suất (Chương 8,9,10,11)","Bài kiểm tra 04_Các vấn đề cơ bản về lãi suất (Chương 8,9,10,11)","Bài kiểm tra 04_Các vấn đề cơ bản về lãi suất (Chương 8,9,10,11)",99.15,100.0,181,181,2025-11-22 05:09:58,121,0.0,0,90,90,4058,4058,100.0,166860,100.0,91,91,0,70353,70353,100.0,100.0,90,100.0,100.0,0,0,0,0,0,0,0,0,0.0,0.0,0.0,0.0,90.0,0,1,0,2026-03-23 10:33:23,,1
537,916,course-v1:DHQG-HCM+FM101+2025_S2,audit,1,22.0,87.0,Pass,1.0,100.0,Bài kiểm tra 05: Các vấn đề cơ bản về tỷ giá (Chương 12),Bài kiểm tra 05: Các vấn đề cơ bản về tỷ giá (Chương 12),Bài kiểm tra 05: Các vấn đề cơ bản về tỷ giá (Chương 12),99.15,100.0,181,181,2025-11-22 08:03:03,121,0.0,0,90,90,4058,4058,100.0,299716,100.0,91,91,0,70353,70353,100.0,100.0,90,100.0,100.0,0,0,0,0,0,0,0,0,0.0,0.0,0.0,0.0,90.0,0,1,0,2026-03-23 10:33:23,,1
538,917,course-v1:DHQG-HCM+FM101+2025_S2,audit,1,26.0,94.0,Pass,1.0,100.0,"Bài kiểm tra 02: Tổng quan về hệ thống tài chính (Chương 3, 4, 5)","Bài kiểm tra 02: Tổng quan về hệ thống tài chính (Chương 3, 4, 5)","Bài kiểm tra 02: Tổng quan về hệ thống tài chính (Chương 3, 4, 5)",99.15,100.0,181,181,2025-11-21 12:23:03,122,0.0,0,90,90,4058,4058,100.0,7904,100.0,91,91,0,70353,70353,100.0,100.0,90,100.0,100.0,0,0,0,1,9,10,0,0,0.0,0.0,0.0,10.0,90.0,0,1,0,2026-03-23 10:33:23,,1
539,918,course-v1:DHQG-HCM+FM101+2025_S2,audit,1,26.0,83.0,Pass,1.0,0.0,"Bài kiểm tra 03: Các định chế tài chính trung gian (Chương 6,7)","Bài kiểm tra 03: Các định chế tài chính trung gian (Chương 6,7)","Bài kiểm tra 03: Các định chế tài chính trung gian (Chương 6,7)",4.27,0.0,0,0,2025-11-15 01:19:41,128,0.0,0,0,0,0,0,0.0,0,0.0,0,0,0,0,0,0.0,0.0,0,0.0,0.0,0,0,0,0,0,0,0,0,0.0,0.0,0.0,0.0,50.0,0,0,0,2026-03-23 10:33:23,,1
540,920,course-v1:DHQG-HCM+FM101+2025_S2,audit,1,26.0,91.0,Pass,1.0,100.0,Chương 12: Một số vấn đề cơ bản về tỷ giá,Chế độ tỷ giá và chính sách tỷ giá,Chế độ tỷ giá và chính sách tỷ giá,99.15,100.0,181,181,2025-11-22 11:17:40,121,0.0,0,90,90,4058,4058,100.0,127008,100.0,91,91,0,70353,70353,100.0,100.0,90,100.0,100.0,0,0,0,0,0,0,0,0,0.0,0.0,0.0,0.0,90.0,0,1,0,2026-03-23 10:33:23,,1
541,921,course-v1:DHQG-HCM+FM101+2025_S2,audit,1,26.0,0.0,,0.0,1.1,Chương 1: Đại cương về tiền tệ,Khái niệm tiền và chức năng của tiền,Khái niệm tiền và chức năng của tiền,0.85,1.1,2,181,2025-09-17 09:13:39,187,0.0,0,1,1,10,10,100.0,0,100.0,1,1,0,914,914,100.0,100.0,1,100.0,100.0,0,0,0,0,0,0,0,0,0.0,0.0,0.0,0.0,90.0,0,1,0,2026-03-23 10:33:23,,0
542,922,course-v1:DHQG-HCM+FM101+2025_S2,audit,1,26.0,82.0,Pass,1.0,100.0,Giới thiệu,Giới thiệu môn học,Giới thiệu,99.15,100.0,181,181,2025-11-23 20:09:47,120,0.0,0,90,90,4058,4058,100.0,0,100.0,91,91,0,70353,70353,100.0,100.0,90,100.0,100.0,0,0,0,0,0,0,0,0,0.0,0.0,0.0,0.0,90.0,0,1,0,2026-03-23 10:33:23,,1
543,923,course-v1:DHQG-HCM+FM101+2025_S2,audit,1,26.0,62.0,Pass,1.0,100.0,Chương 7: Các định chế tài chính trung gian,Slide bài giảng tóm tắt chương 7,Bài đọc mở rộng Chương 7,98.29,100.0,181,181,2025-11-17 15:43:58,126,0.0,0,90,90,4058,4058,100.0,182188,100.0,91,91,0,70353,70353,100.0,100.0,90,100.0,100.0,0,0,0,0,0,0,0,0,0.0,0.0,0.0,0.0,90.0,0,1,0,2026-03-23 10:33:23,,1
544,924,course-v1:DHQG-HCM+FM101+2025_S2,audit,1,26.0,83.0,Pass,1.0,100.0,"Bài kiểm tra 03: Các định chế tài chính trung gian (Chương 6,7)","Bài kiểm tra 03: Các định chế tài chính trung gian (Chương 6,7)","Bài kiểm tra 03: Các định chế tài chính trung gian (Chương 6,7)",99.15,100.0,181,181,2025-11-07 13:44:21,136,0.0,0,90,90,4058,4058,100.0,113220,100.0,91,91,0,70353,70353,100.0,100.0,90,100.0,100.0,0,0,0,0,0,0,0,0,0.0,0.0,0.0,0.0,90.0,0,1,0,2026-03-23 10:33:23,,1
545,925,course-v1:DHQG-HCM+FM101+2025_S2,audit,1,26.0,82.0,Pass,1.0,100.0,Bài kiểm tra 05: Các vấn đề cơ bản về tỷ giá (Chương 12),Bài kiểm tra 05: Các vấn đề cơ bản về tỷ giá (Chương 12),Bài kiểm tra 05: Các vấn đề cơ bản về tỷ giá (Chương 12),99.15,100.0,181,181,2025-11-19 03:10:17,124,0.0,0,90,90,4058,4058,100.0,0,100.0,91,91,0,70353,70353,100.0,100.0,90,100.0,100.0,0,0,0,11,0,11,3,3,0.0,0.0,0.0,11.0,90.0,0,1,0,2026-03-23 10:33:23,,1
546,927,course-v1:DHQG-HCM+FM101+2025_S2,audit,1,26.0,0.0,,0.0,0.0,Chưa bắt đầu,N/A,N/A,0.0,0.0,0,0,,999,0.0,0,0,0,0,0,0.0,0,0.0,0,0,0,0,0,0.0,0.0,0,0.0,0.0,0,0,0,0,0,0,0,0,0.0,0.0,0.0,0.0,50.0,0,0,0,2026-03-23 10:33:23,,0
547,928,course-v1:DHQG-HCM+FM101+2025_S2,audit,1,26.0,80.0,Pass,1.0,61.33,"Chương 11: Các yếu tố ảnh hưởng đến lãi suất, cấu trúc rủi ro và kỳ hạn của lãi suất",Cấu trúc rủi ro và cấu trúc kỳ hạn của lãi suất,Cấu trúc rủi ro và cấu trúc kỳ hạn của lãi suất (tiếp theo),99.15,61.33,111,181,2025-11-27 01:49:03,116,0.0,0,55,55,2516,2516,100.0,0,100.0,56,56,0,45081,45081,100.0,100.0,55,100.0,100.0,0,0,0,0,0,0,0,0,0.0,0.0,0.0,0.0,90.0,0,1,0,2026-03-23 10:33:23,,1
548,929,course-v1:DHQG-HCM+FM101+2025_S2,audit,1,26.0,72.0,Pass,1.0,100.0,Giới thiệu,Đề cương MOOCS_Nguyên lý thị trường tài chính,Đề cương MOOCS_Nguyên lý thị trường tài chính,99.15,100.0,181,181,2025-11-12 14:58:23,131,0.0,0,90,90,4058,4058,100.0,15122,100.0,91,91,0,70353,70353,100.0,100.0,90,100.0,100.0,0,0,0,0,0,0,0,0,0.0,0.0,0.0,0.0,90.0,0,1,0,2026-03-23 10:33:23,,1
549,931,course-v1:DHQG-HCM+FM101+2025_S2,audit,1,26.0,82.0,Pass,1.0,100.0,Tổng kết môn học,Tổng kết môn học,Tổng kết môn học,99.15,100.0,181,181,2025-11-19 02:09:21,124,0.0,0,90,90,4058,4058,100.0,191278,100.0,91,91,0,70353,70353,100.0,100.0,90,100.0,100.0,0,0,0,0,0,0,0,0,0.0,0.0,0.0,0.0,90.0,0,1,0,2026-03-23 10:33:23,,1
550,934,course-v1:DHQG-HCM+FM101+2025_S2,audit,1,26.0,93.0,Pass,1.0,100.0,Bài kiểm tra 05: Các vấn đề cơ bản về tỷ giá (Chương 12),Bài kiểm tra 05: Các vấn đề cơ bản về tỷ giá (Chương 12),Bài kiểm tra 05: Các vấn đề cơ bản về tỷ giá (Chương 12),99.15,100.0,181,181,2025-11-12 07:46:53,131,0.0,0,90,90,4058,4058,100.0,165218,100.0,91,91,0,70353,70353,100.0,100.0,90,100.0,100.0,0,0,0,0,26,26,0,0,0.0,0.0,0.0,26.0,90.0,0,1,0,2026-03-23 10:33:23,,1
551,935,course-v1:DHQG-HCM+FM101+2025_S2,audit,1,26.0,90.0,Pass,1.0,100.0,Bài kiểm tra 05: Các vấn đề cơ bản về tỷ giá (Chương 12),Bài kiểm tra 05: Các vấn đề cơ bản về tỷ giá (Chương 12),Bài kiểm tra 05: Các vấn đề cơ bản về tỷ giá (Chương 12),99.15,100.0,181,181,2025-11-07 18:18:07,136,0.0,0,90,90,4058,4058,100.0,220,100.0,91,91,0,70353,70353,100.0,100.0,90,100.0,100.0,0,0,0,0,0,0,0,0,0.0,0.0,0.0,0.0,90.0,0,1,0,2026-03-23 10:33:23,,1
552,936,course-v1:DHQG-HCM+FM101+2025_S2,audit,1,26.0,86.0,Pass,1.0,98.9,Tổng kết môn học,Tổng kết môn học,Tổng kết môn học,99.15,98.9,179,181,2025-11-26 01:00:02,117,0.0,0,89,81,3762,4008,93.83,362256,91.01,90,90,0,69606,69565,100.0,99.94,81,93.83,91.01,0,0,0,0,0,0,0,0,0.0,0.0,0.0,0.0,90.0,0,1,0,2026-03-23 10:33:23,,1
553,937,course-v1:DHQG-HCM+FM101+2025_S2,audit,1,26.0,83.0,Pass,1.0,32.6,Bài kiểm tra 05: Các vấn đề cơ bản về tỷ giá (Chương 12),Bài kiểm tra 05: Các vấn đề cơ bản về tỷ giá (Chương 12),Bài kiểm tra 05: Các vấn đề cơ bản về tỷ giá (Chương 12),38.46,32.6,59,181,2025-10-22 03:03:16,152,0.0,0,29,29,1238,1238,100.0,0,100.0,30,30,0,25206,25206,100.0,100.0,29,100.0,100.0,0,0,0,0,5,5,0,0,0.0,0.0,0.0,5.0,90.0,0,1,0,2026-03-23 10:33:23,,1
554,939,course-v1:DHQG-HCM+FM101+2025_S2,audit,1,26.0,68.0,Pass,1.0,100.0,Giới thiệu,Đề cương MOOCS_Nguyên lý thị trường tài chính,Đề cương MOOCS_Nguyên lý thị trường tài chính,99.15,100.0,181,181,2025-11-18 06:51:31,125,0.0,0,90,90,4058,4058,100.0,12552,100.0,91,91,0,70353,70353,100.0,100.0,90,100.0,100.0,0,0,0,0,3,3,0,0,0.0,0.0,0.0,3.0,90.0,0,1,0,2026-03-23 10:33:23,,1
555,940,course-v1:DHQG-HCM+FM101+2025_S2,audit,1,26.0,91.0,Pass,1.0,100.0,Bài kiểm tra 05: Các vấn đề cơ bản về tỷ giá (Chương 12),Bài kiểm tra 05: Các vấn đề cơ bản về tỷ giá (Chương 12),Bài kiểm tra 05: Các vấn đề cơ bản về tỷ giá (Chương 12),99.15,100.0,181,181,2025-11-19 17:07:05,124,0.0,0,90,90,4058,4058,100.0,2110,100.0,91,91,0,70353,70353,100.0,100.0,90,100.0,100.0,0,0,0,4,0,4,0,4,0.0,0.0,0.0,4.0,90.0,0,1,0,2026-03-23 10:33:23,,1
556,942,course-v1:DHQG-HCM+FM101+2025_S2,audit,1,26.0,38.0,,0.0,18.78,"Bài kiểm tra 03: Các định chế tài chính trung gian (Chương 6,7)","Bài kiểm tra 03: Các định chế tài chính trung gian (Chương 6,7)","Bài kiểm tra 03: Các định chế tài chính trung gian (Chương 6,7)",26.5,18.78,34,181,2025-11-12 04:50:01,131,0.0,0,17,17,802,802,100.0,0,100.0,17,17,0,14093,14093,100.0,100.0,17,100.0,100.0,0,0,0,0,5,5,0,0,0.0,0.0,0.0,5.0,90.0,0,1,0,2026-03-23 10:33:23,,0
557,943,course-v1:DHQG-HCM+FM101+2025_S2,audit,1,26.0,78.0,Pass,1.0,100.0,"Chương 8: Khái niệm, vai trò của lãi suất và giá trị thời gian của tiền",Slide bài giảng tóm tắt chương 8,Slide bài giảng tóm tắt chương 8,99.15,100.0,181,181,2025-11-09 12:03:44,134,0.0,0,90,90,4058,4058,100.0,127276,100.0,91,91,0,70353,70353,100.0,100.0,90,100.0,100.0,0,0,0,0,0,0,0,0,0.0,0.0,0.0,0.0,90.0,0,1,0,2026-03-23 10:33:23,,1
558,945,course-v1:DHQG-HCM+FM101+2025_S2,audit,1,26.0,81.0,Pass,1.0,100.0,Bài kiểm tra 05: Các vấn đề cơ bản về tỷ giá (Chương 12),Bài kiểm tra 05: Các vấn đề cơ bản về tỷ giá (Chương 12),Bài kiểm tra 05: Các vấn đề cơ bản về tỷ giá (Chương 12),99.15,100.0,181,181,2025-11-23 05:41:58,120,0.0,0,90,90,4058,4058,100.0,128070,100.0,91,91,0,70353,70353,100.0,100.0,90,100.0,100.0,0,0,0,0,0,0,0,0,0.0,0.0,0.0,0.0,90.0,0,1,0,2026-03-23 10:33:23,,1
559,946,course-v1:DHQG-HCM+FM101+2025_S2,audit,1,26.0,52.0,Pass,1.0,49.17,"Bài kiểm tra 03: Các định chế tài chính trung gian (Chương 6,7)","Bài kiểm tra 03: Các định chế tài chính trung gian (Chương 6,7)","Bài kiểm tra 03: Các định chế tài chính trung gian (Chương 6,7)",49.57,49.17,89,181,2025-10-28 18:40:27,146,0.0,0,44,44,2000,2000,100.0,0,100.0,45,45,0,36657,36657,100.0,100.0,44,100.0,100.0,0,0,0,0,0,0,0,0,0.0,0.0,0.0,0.0,90.0,0,1,0,2026-03-23 10:33:23,,1
560,947,course-v1:DHQG-HCM+FM101+2025_S2,audit,1,26.0,51.0,Pass,1.0,100.0,Chương 9: Đo lường lãi suất,Bài tập_Hướng dẫn tính Lợi suất đáo hạn,Hướng dẫn tính lợi suất đáo hạn_Phần 2,98.29,100.0,181,181,2025-11-22 18:09:58,121,0.0,0,90,90,4058,4058,100.0,0,100.0,91,91,0,70353,70353,100.0,100.0,90,100.0,100.0,0,0,0,0,0,0,0,0,0.0,0.0,0.0,0.0,90.0,0,1,0,2026-03-23 10:33:23,,1
561,948,course-v1:DHQG-HCM+FM101+2025_S2,audit,1,26.0,10.0,,0.0,18.78,"Bài kiểm tra 01_Tổng quan về tiền tệ và tài chính (Chương 1,2) ","Bài kiểm tra 01_Tổng quan về tiền tệ và tài chính (Chương 1,2) ","Bài kiểm tra 01_Tổng quan về tiền tệ và tài chính (Chương 1,2) ",20.51,18.78,34,181,2025-10-28 18:22:59,146,0.0,0,17,17,722,722,100.0,0,100.0,17,17,0,14373,14373,100.0,100.0,17,100.0,100.0,0,0,0,0,0,0,0,0,0.0,0.0,0.0,0.0,90.0,0,1,0,2026-03-23 10:33:23,,0
562,949,course-v1:DHQG-HCM+FM101+2025_S2,audit,1,26.0,89.0,Pass,1.0,100.0,Bài kiểm tra 05: Các vấn đề cơ bản về tỷ giá (Chương 12),Bài kiểm tra 05: Các vấn đề cơ bản về tỷ giá (Chương 12),Bài kiểm tra 05: Các vấn đề cơ bản về tỷ giá (Chương 12),99.15,100.0,181,181,2025-11-15 03:36:19,128,0.0,0,90,90,4058,4058,100.0,43160,100.0,91,91,0,70353,70353,100.0,100.0,90,100.0,100.0,0,0,0,0,0,0,0,0,0.0,0.0,0.0,0.0,90.0,0,1,0,2026-03-23 10:33:23,,1
563,950,course-v1:DHQG-HCM+FM101+2025_S2,audit,1,26.0,7.0,,0.0,11.05,Chương 3: Chức năng của thị trường tài chính,Khái niệm thị trường tài chính và các thành phần của thị trường tài chính,Khái niệm thị trường tài chính và các thành phần của thị trường tài chính,11.11,11.05,20,181,2025-09-17 17:57:37,187,0.0,0,10,10,402,402,100.0,0,100.0,10,10,0,8448,8448,100.0,100.0,10,100.0,100.0,0,0,0,0,9,9,0,0,0.0,0.0,0.0,9.0,90.0,0,1,0,2026-03-23 10:33:23,,0
564,951,course-v1:DHQG-HCM+FM101+2025_S2,audit,1,26.0,83.0,Pass,1.0,37.02,"Bài kiểm tra 04_Các vấn đề cơ bản về lãi suất (Chương 8,9,10,11)","Bài kiểm tra 04_Các vấn đề cơ bản về lãi suất (Chương 8,9,10,11)","Bài kiểm tra 04_Các vấn đề cơ bản về lãi suất (Chương 8,9,10,11)",38.46,37.02,67,181,2025-11-08 13:00:37,135,0.0,0,33,33,1476,1476,100.0,0,100.0,34,34,0,28244,28244,100.0,100.0,33,100.0,100.0,0,0,0,0,0,0,0,0,0.0,0.0,0.0,0.0,90.0,0,1,0,2026-03-23 10:33:23,,1
565,952,course-v1:DHQG-HCM+FM101+2025_S2,audit,1,26.0,10.0,,0.0,13.26,Chương 3: Chức năng của thị trường tài chính,Chức năng phân bổ vốn hiệu quả thúc đẩy phá triển kinh tế,Chức năng phân bổ vốn hiệu quả thúc đẩy phá triển kinh tế,14.53,13.26,24,181,2025-10-12 11:11:36,162,0.0,0,12,12,464,464,100.0,1162,100.0,12,12,0,10009,10009,100.0,100.0,12,100.0,100.0,0,0,0,0,7,7,0,0,0.0,0.0,0.0,7.0,90.0,0,1,0,2026-03-23 10:33:23,,0
566,953,course-v1:DHQG-HCM+FM101+2025_S2,audit,1,25.0,79.0,Pass,1.0,100.0,Bài kiểm tra 05: Các vấn đề cơ bản về tỷ giá (Chương 12),Bài kiểm tra 05: Các vấn đề cơ bản về tỷ giá (Chương 12),Bài kiểm tra 05: Các vấn đề cơ bản về tỷ giá (Chương 12),99.15,100.0,181,181,2025-11-23 11:17:57,120,0.0,0,90,90,4058,4058,100.0,117692,100.0,91,91,0,70353,70353,100.0,100.0,90,100.0,100.0,0,0,0,0,0,0,0,0,0.0,0.0,0.0,0.0,90.0,0,1,0,2026-03-23 10:33:23,,1
567,954,course-v1:DHQG-HCM+FM101+2025_S2,audit,1,26.0,82.0,Pass,1.0,100.0,"Bài kiểm tra 02: Tổng quan về hệ thống tài chính (Chương 3, 4, 5)","Bài kiểm tra 02: Tổng quan về hệ thống tài chính (Chương 3, 4, 5)","Bài kiểm tra 02: Tổng quan về hệ thống tài chính (Chương 3, 4, 5)",99.15,100.0,181,181,2025-11-23 11:20:31,120,0.0,0,90,90,4058,4058,100.0,187636,100.0,91,91,0,70353,70353,100.0,100.0,90,100.0,100.0,0,0,0,0,0,0,0,0,0.0,0.0,0.0,0.0,90.0,0,1,0,2026-03-23 10:33:23,,1
568,955,course-v1:DHQG-HCM+FM101+2025_S2,audit,1,26.0,82.0,Pass,1.0,100.0,Tổng kết môn học,Tổng kết môn học,Tổng kết môn học,99.15,100.0,181,181,2025-11-13 02:00:12,130,0.0,0,90,90,4058,4058,100.0,0,100.0,91,91,0,70353,70353,100.0,100.0,90,100.0,100.0,0,0,0,2,1,3,0,4,0.0,0.0,0.0,3.0,90.0,0,1,0,2026-03-23 10:33:23,,1
569,956,course-v1:DHQG-HCM+FM101+2025_S2,audit,1,25.0,82.0,Pass,1.0,100.0,Tổng kết môn học,Tổng kết môn học,Tổng kết môn học,99.15,100.0,181,181,2025-11-22 06:36:22,121,0.0,0,90,90,4058,4058,100.0,72584,100.0,91,91,0,70353,70353,100.0,100.0,90,100.0,100.0,0,0,0,0,0,0,0,0,0.0,0.0,0.0,0.0,90.0,0,1,0,2026-03-23 10:33:23,,1
570,957,course-v1:DHQG-HCM+FM101+2025_S2,audit,1,26.0,9.0,,0.0,38.12,Chương 6: Chi phí giao dịch và thông tin bất cân xứng,Khái niệm và phân loại chi phí giao dịch,Khái niệm và phân loại chi phí giao dịch,37.61,38.12,69,181,2025-11-04 07:56:59,139,0.0,0,34,34,1592,1592,100.0,0,100.0,35,35,0,29069,29069,100.0,100.0,34,100.0,100.0,0,0,0,0,0,0,0,0,0.0,0.0,0.0,0.0,90.0,0,1,0,2026-03-23 10:33:23,,0
571,958,course-v1:DHQG-HCM+FM101+2025_S2,audit,1,26.0,94.0,Pass,1.0,100.0,Bài kiểm tra 05: Các vấn đề cơ bản về tỷ giá (Chương 12),Bài kiểm tra 05: Các vấn đề cơ bản về tỷ giá (Chương 12),Bài kiểm tra 05: Các vấn đề cơ bản về tỷ giá (Chương 12),99.15,100.0,181,181,2025-11-19 16:11:51,124,0.0,0,90,90,4058,4058,100.0,32350,100.0,91,91,0,70353,70353,100.0,100.0,90,100.0,100.0,0,0,0,1,0,1,0,0,0.0,0.0,0.0,1.0,90.0,0,1,0,2026-03-23 10:33:23,,1
572,959,course-v1:DHQG-HCM+FM101+2025_S2,audit,1,26.0,82.0,Pass,1.0,100.0,"Bài kiểm tra 04_Các vấn đề cơ bản về lãi suất (Chương 8,9,10,11)","Bài kiểm tra 04_Các vấn đề cơ bản về lãi suất (Chương 8,9,10,11)","Bài kiểm tra 04_Các vấn đề cơ bản về lãi suất (Chương 8,9,10,11)",99.15,100.0,181,181,2025-11-21 09:13:56,122,0.0,0,90,90,4058,4058,100.0,0,100.0,91,91,0,70353,70353,100.0,100.0,90,100.0,100.0,0,0,0,0,0,0,0,0,0.0,0.0,0.0,0.0,90.0,0,1,0,2026-03-23 10:33:23,,1
573,960,course-v1:DHQG-HCM+FM101+2025_S2,audit,1,26.0,72.0,Pass,1.0,98.9,Tổng kết môn học,Tổng kết môn học,Tổng kết môn học,98.29,98.9,179,181,2025-11-24 12:43:33,119,0.0,0,89,89,4008,4008,100.0,35608,100.0,90,90,0,69606,69606,100.0,100.0,89,100.0,100.0,0,0,0,1,0,1,0,1,0.0,0.0,0.0,1.0,90.0,0,1,0,2026-03-23 10:33:23,,1
574,962,course-v1:DHQG-HCM+FM101+2025_S2,audit,1,26.0,28.0,,0.0,41.44,Chương 6: Chi phí giao dịch và thông tin bất cân xứng,Slide bài giảng tóm tắt chương 6,Slide bài giảng tóm tắt chương 6,43.59,41.44,75,181,2025-10-16 06:19:05,158,0.0,0,37,37,1744,1744,100.0,0,100.0,38,38,0,31568,31568,100.0,100.0,37,100.0,100.0,0,0,0,0,0,0,0,0,0.0,0.0,0.0,0.0,90.0,0,1,0,2026-03-23 10:33:23,,0
575,963,course-v1:DHQG-HCM+FM101+2025_S2,audit,1,26.0,28.0,,0.0,25.97,"Bài kiểm tra 02: Tổng quan về hệ thống tài chính (Chương 3, 4, 5)","Bài kiểm tra 02: Tổng quan về hệ thống tài chính (Chương 3, 4, 5)","Bài kiểm tra 02: Tổng quan về hệ thống tài chính (Chương 3, 4, 5)",27.35,25.97,47,181,2025-11-06 15:49:06,137,0.0,0,23,23,998,998,100.0,0,100.0,24,24,0,19811,19811,100.0,100.0,23,100.0,100.0,0,0,0,0,9,9,0,0,0.0,0.0,0.0,9.0,90.0,0,1,0,2026-03-23 10:33:23,,0
576,964,course-v1:DHQG-HCM+FM101+2025_S2,audit,1,26.0,0.0,,0.0,6.63,Chương 3: Chức năng của thị trường tài chính,Slide bài giảng tóm tắt chương 3,Slide bài giảng tóm tắt chương 3,7.69,6.63,12,181,2025-10-02 06:03:02,172,0.0,0,6,6,212,212,100.0,0,100.0,6,6,0,5150,5150,100.0,100.0,6,100.0,100.0,0,0,0,0,0,0,0,0,0.0,0.0,0.0,0.0,90.0,0,1,0,2026-03-23 10:33:23,,0
577,965,course-v1:DHQG-HCM+FM101+2025_S2,audit,1,26.0,92.0,Pass,1.0,39.23,Bài kiểm tra 05: Các vấn đề cơ bản về tỷ giá (Chương 12),Bài kiểm tra 05: Các vấn đề cơ bản về tỷ giá (Chương 12),Bài kiểm tra 05: Các vấn đề cơ bản về tỷ giá (Chương 12),43.59,39.23,71,181,2025-11-08 13:43:49,135,0.0,0,35,35,1614,1614,100.0,0,100.0,36,36,0,29912,29912,100.0,100.0,35,100.0,100.0,0,0,0,0,9,9,0,0,0.0,0.0,0.0,9.0,90.0,0,1,0,2026-03-23 10:33:23,,1
578,966,course-v1:DHQG-HCM+FM101+2025_S2,audit,1,26.0,0.0,,0.0,1.1,Chương 5: Các công cụ thị trường tài chính,Slide bài giảng tóm tắt chương 5,Slide bài giảng tóm tắt chương 5,2.56,1.1,2,181,2025-10-02 07:35:52,172,0.0,0,1,1,10,10,100.0,0,100.0,1,1,0,914,914,100.0,100.0,1,100.0,100.0,0,0,0,37,38,75,0,0,0.0,0.0,0.0,75.0,90.0,0,1,0,2026-03-23 10:33:23,,0
579,967,course-v1:DHQG-HCM+FM101+2025_S2,audit,1,26.0,54.0,Pass,1.0,46.96,Chương 6: Chi phí giao dịch và thông tin bất cân xứng,Biện pháp giải quyết vấn đề lựa chọn nghịch,Biện pháp giải quyết vấn đề lựa chọn nghịch,47.86,46.96,85,181,2025-10-30 04:41:18,144,0.0,0,42,42,1864,1864,100.0,0,100.0,43,43,0,35213,35213,100.0,100.0,42,100.0,100.0,0,0,0,0,18,18,0,0,0.0,0.0,0.0,18.0,90.0,0,1,0,2026-03-23 10:33:23,,1
580,968,course-v1:DHQG-HCM+FM101+2025_S2,audit,1,23.0,0.0,,0.0,8.84,Chương 2: Đại cương về tài chính,Khái niệm về tài chính,Khái niệm về tài chính,9.4,8.84,16,181,2025-10-07 05:12:37,167,0.0,0,8,8,280,280,100.0,0,100.0,8,8,0,6953,6953,100.0,100.0,8,100.0,100.0,0,0,0,0,0,0,0,0,0.0,0.0,0.0,0.0,90.0,0,1,0,2026-03-23 10:33:23,,0
581,970,course-v1:DHQG-HCM+FM101+2025_S2,audit,1,26.0,31.0,,0.0,50.28,"Bài kiểm tra 02: Tổng quan về hệ thống tài chính (Chương 3, 4, 5)","Bài kiểm tra 02: Tổng quan về hệ thống tài chính (Chương 3, 4, 5)","Bài kiểm tra 02: Tổng quan về hệ thống tài chính (Chương 3, 4, 5)",49.57,50.28,91,181,2025-11-05 12:46:45,138,0.0,0,45,45,2000,2000,100.0,0,100.0,46,46,0,37521,37521,100.0,100.0,45,100.0,100.0,0,0,0,0,0,0,0,0,0.0,0.0,0.0,0.0,90.0,0,1,0,2026-03-23 10:33:23,,0
582,971,course-v1:DHQG-HCM+FM101+2025_S2,audit,1,26.0,91.0,Pass,1.0,1.1,Bài kiểm tra 05: Các vấn đề cơ bản về tỷ giá (Chương 12),Bài kiểm tra 05: Các vấn đề cơ bản về tỷ giá (Chương 12),Bài kiểm tra 05: Các vấn đề cơ bản về tỷ giá (Chương 12),5.98,1.1,2,181,2025-11-16 18:48:14,127,0.0,0,1,1,10,10,100.0,0,100.0,1,1,0,914,914,100.0,100.0,1,100.0,100.0,0,0,0,0,0,0,0,0,0.0,0.0,0.0,0.0,90.0,0,1,0,2026-03-23 10:33:23,,1
583,972,course-v1:DHQG-HCM+FM101+2025_S2,audit,1,26.0,9.0,,0.0,16.57,Chương 3: Chức năng của thị trường tài chính,Chức năng chuyển giao rủi ro gia tăng phúc lợi người tiêu dùng,Chức năng chuyển giao rủi ro gia tăng phúc lợi người tiêu dùng,18.8,16.57,30,181,2025-10-28 13:06:23,146,0.0,0,15,15,572,572,100.0,8986,100.0,15,15,0,12653,12653,100.0,100.0,15,100.0,100.0,0,0,0,0,0,0,0,0,0.0,0.0,0.0,0.0,90.0,0,1,0,2026-03-23 10:33:23,,0
584,974,course-v1:DHQG-HCM+FM101+2025_S2,audit,1,26.0,87.0,Pass,1.0,100.0,Giới thiệu,Giới thiệu môn học,Giới thiệu,99.15,100.0,181,181,2025-11-23 15:23:10,120,0.0,0,90,90,4058,4058,100.0,17014,100.0,91,91,0,70353,70353,100.0,100.0,90,100.0,100.0,0,0,0,0,0,0,0,0,0.0,0.0,0.0,0.0,90.0,0,1,0,2026-03-23 10:33:23,,1
585,975,course-v1:DHQG-HCM+FM101+2025_S2,audit,1,26.0,0.0,,0.0,1.1,Chương 1: Đại cương về tiền tệ,Khái niệm tiền và chức năng của tiền,Khái niệm tiền và chức năng của tiền,0.85,1.1,2,181,2025-09-18 09:25:50,186,0.0,0,1,1,10,10,100.0,0,100.0,1,1,0,914,914,100.0,100.0,1,100.0,100.0,0,0,0,0,0,0,0,0,0.0,0.0,0.0,0.0,90.0,0,1,0,2026-03-23 10:33:23,,0
586,976,course-v1:DHQG-HCM+FM101+2025_S2,audit,1,18.0,84.0,Pass,1.0,100.0,Bài kiểm tra 05: Các vấn đề cơ bản về tỷ giá (Chương 12),Bài kiểm tra 05: Các vấn đề cơ bản về tỷ giá (Chương 12),Bài kiểm tra 05: Các vấn đề cơ bản về tỷ giá (Chương 12),99.15,100.0,181,181,2025-11-24 12:11:20,119,0.0,0,90,90,4058,4058,100.0,164434,100.0,91,91,0,70353,70353,100.0,100.0,90,100.0,100.0,0,0,0,0,0,0,0,0,0.0,0.0,0.0,0.0,90.0,0,1,0,2026-03-23 10:33:23,,1
587,979,course-v1:DHQG-HCM+FM101+2025_S2,audit,1,23.0,83.0,Pass,1.0,100.0,Tổng kết môn học,Tổng kết môn học,Tổng kết môn học,96.58,100.0,181,181,2025-11-16 09:26:28,127,0.0,0,90,90,4058,4058,100.0,113414,100.0,91,91,0,70353,70353,100.0,100.0,90,100.0,100.0,0,0,0,0,0,0,0,0,0.0,0.0,0.0,0.0,90.0,0,1,0,2026-03-23 10:33:23,,1
588,981,course-v1:DHQG-HCM+FM101+2025_S2,audit,1,26.0,85.0,Pass,1.0,100.0,Bài kiểm tra 05: Các vấn đề cơ bản về tỷ giá (Chương 12),Bài kiểm tra 05: Các vấn đề cơ bản về tỷ giá (Chương 12),Bài kiểm tra 05: Các vấn đề cơ bản về tỷ giá (Chương 12),99.15,100.0,181,181,2025-11-16 01:39:31,127,0.0,0,90,90,4058,4058,100.0,0,100.0,91,91,0,70353,70353,100.0,100.0,90,100.0,100.0,0,0,0,0,0,0,0,0,0.0,0.0,0.0,0.0,90.0,0,1,0,2026-03-23 10:33:23,,1
589,982,course-v1:DHQG-HCM+FM101+2025_S2,audit,1,26.0,87.0,Pass,1.0,100.0,Bài kiểm tra 05: Các vấn đề cơ bản về tỷ giá (Chương 12),Bài kiểm tra 05: Các vấn đề cơ bản về tỷ giá (Chương 12),Bài kiểm tra 05: Các vấn đề cơ bản về tỷ giá (Chương 12),99.15,100.0,181,181,2025-11-17 05:10:47,126,0.0,0,90,90,4058,4058,100.0,106120,100.0,91,91,0,70353,70353,100.0,100.0,90,100.0,100.0,0,0,0,0,0,0,0,0,0.0,0.0,0.0,0.0,90.0,0,1,0,2026-03-23 10:33:23,,1
590,983,course-v1:DHQG-HCM+FM101+2025_S2,audit,1,26.0,87.0,Pass,1.0,97.79,Chương 7: Các định chế tài chính trung gian,Slide bài giảng tóm tắt chương 7,Bài đọc mở rộng Chương 7,97.44,97.79,177,181,2025-11-24 13:58:53,119,0.0,0,88,88,3954,3954,100.0,204050,100.0,90,89,1,69470,68862,98.89,99.12,88,100.0,100.0,0,0,0,2,3,5,2,0,0.0,0.0,0.0,5.0,90.0,0,1,0,2026-03-23 10:33:23,,1
591,986,course-v1:DHQG-HCM+FM101+2025_S2,audit,1,24.0,75.0,Pass,1.0,100.0,Chương 12: Một số vấn đề cơ bản về tỷ giá,Các nhân tố tác động đến tỉ giá,ngắn hạn,92.31,100.0,181,181,2025-11-17 04:45:22,126,0.0,0,90,90,4058,4058,100.0,45942,100.0,91,91,0,70353,70353,100.0,100.0,90,100.0,100.0,0,0,0,0,0,0,0,0,0.0,0.0,0.0,0.0,90.0,0,1,0,2026-03-23 10:33:23,,1
592,988,course-v1:DHQG-HCM+FM101+2025_S2,audit,1,26.0,84.0,Pass,1.0,100.0,Chương 5: Các công cụ thị trường tài chính,Slide bài giảng tóm tắt chương 5,Slide bài giảng tóm tắt chương 5,99.15,100.0,181,181,2025-11-02 07:57:56,141,0.0,0,90,90,4058,4058,100.0,1014510,100.0,91,91,0,70353,70353,100.0,100.0,90,100.0,100.0,0,0,0,2,4,6,0,0,0.0,0.0,0.0,6.0,90.0,0,1,0,2026-03-23 10:33:23,,1
593,993,course-v1:DHQG-HCM+FM101+2025_S2,audit,1,26.0,91.0,Pass,1.0,100.0,Giới thiệu,Tổng quan khóa học,Tổng quan khóa học,99.15,100.0,181,181,2025-11-23 14:58:42,120,0.0,0,90,90,4058,4058,100.0,18636,100.0,91,91,0,70353,70353,100.0,100.0,90,100.0,100.0,0,0,0,0,0,0,0,0,0.0,0.0,0.0,0.0,90.0,0,1,0,2026-03-23 10:33:23,,1
594,997,course-v1:DHQG-HCM+FM101+2025_S2,audit,1,26.0,86.0,Pass,1.0,100.0,Bài kiểm tra 05: Các vấn đề cơ bản về tỷ giá (Chương 12),Bài kiểm tra 05: Các vấn đề cơ bản về tỷ giá (Chương 12),Bài kiểm tra 05: Các vấn đề cơ bản về tỷ giá (Chương 12),99.15,100.0,181,181,2025-11-06 22:27:44,137,0.0,0,90,90,4058,4058,100.0,76630,100.0,91,91,0,70353,70353,100.0,100.0,90,100.0,100.0,0,0,0,0,0,0,0,0,0.0,0.0,0.0,0.0,90.0,0,1,0,2026-03-23 10:33:23,,1
595,998,course-v1:DHQG-HCM+FM101+2025_S2,audit,1,26.0,81.0,Pass,1.0,100.0,Tổng kết môn học,Tổng kết môn học,Tổng kết môn học,99.15,100.0,181,181,2025-11-25 20:23:18,118,0.0,0,90,88,3980,4058,98.3,438106,97.78,91,91,0,70353,70347,100.0,99.99,88,98.3,97.78,0,0,0,0,0,0,0,0,0.0,0.0,0.0,0.0,90.0,0,1,0,2026-03-23 10:33:23,,1
596,999,course-v1:DHQG-HCM+FM101+2025_S2,audit,1,19.0,78.0,Pass,1.0,100.0,Tổng kết môn học,Tổng kết môn học,Tổng kết môn học,99.15,100.0,181,181,2025-11-22 19:28:00,121,0.0,0,90,90,4058,4058,100.0,140270,100.0,91,91,0,70353,70353,100.0,100.0,90,100.0,100.0,0,0,0,0,0,0,0,0,0.0,0.0,0.0,0.0,90.0,0,1,0,2026-03-23 10:33:23,,1
597,1000,course-v1:DHQG-HCM+FM101+2025_S2,audit,1,17.0,0.0,,,0.0,Chưa bắt đầu,N/A,N/A,0.0,0.0,0,0,,999,0.0,0,0,0,0,0,0.0,0,0.0,0,0,0,0,0,0.0,0.0,0,0.0,0.0,0,0,0,0,0,0,0,0,0.0,0.0,0.0,0.0,50.0,0,0,0,2026-03-23 10:33:23,,0
598,1003,course-v1:DHQG-HCM+FM101+2025_S2,audit,1,25.0,59.0,Pass,1.0,100.0,Bài kiểm tra 05: Các vấn đề cơ bản về tỷ giá (Chương 12),Bài kiểm tra 05: Các vấn đề cơ bản về tỷ giá (Chương 12),Bài kiểm tra 05: Các vấn đề cơ bản về tỷ giá (Chương 12),98.29,100.0,181,181,2025-11-16 13:35:31,127,0.0,0,90,90,4058,4058,100.0,21660,100.0,91,91,0,70353,70353,100.0,100.0,90,100.0,100.0,0,0,0,0,0,0,0,0,0.0,0.0,0.0,0.0,90.0,0,1,0,2026-03-23 10:33:23,,1
599,1005,course-v1:DHQG-HCM+FM101+2025_S2,audit,1,26.0,89.0,Pass,1.0,100.0,"Bài kiểm tra 04_Các vấn đề cơ bản về lãi suất (Chương 8,9,10,11)","Bài kiểm tra 04_Các vấn đề cơ bản về lãi suất (Chương 8,9,10,11)","Bài kiểm tra 04_Các vấn đề cơ bản về lãi suất (Chương 8,9,10,11)",99.15,100.0,181,181,2025-11-23 08:11:49,120,0.0,0,90,90,4058,4058,100.0,168914,100.0,91,91,0,70353,70353,100.0,100.0,90,100.0,100.0,0,0,0,0,0,0,0,0,0.0,0.0,0.0,0.0,90.0,0,1,0,2026-03-23 10:33:23,,1
600,1008,course-v1:DHQG-HCM+FM101+2025_S2,audit,1,26.0,92.0,Pass,1.0,100.0,Tổng kết môn học,Tổng kết môn học,Tổng kết môn học,99.15,100.0,181,181,2025-11-09 11:37:15,134,0.0,0,90,90,4058,4058,100.0,101438,100.0,91,91,0,70353,70353,100.0,100.0,90,100.0,100.0,0,0,0,0,0,0,0,0,0.0,0.0,0.0,0.0,90.0,0,1,0,2026-03-23 10:33:23,,1
601,1009,course-v1:DHQG-HCM+FM101+2025_S2,audit,1,26.0,88.0,Pass,1.0,100.0,Tổng kết môn học,Tổng kết môn học,Tổng kết môn học,99.15,100.0,181,181,2025-11-09 16:42:32,134,0.0,0,90,90,4058,4058,100.0,0,100.0,91,91,0,70353,70353,100.0,100.0,90,100.0,100.0,0,0,0,0,0,0,0,0,0.0,0.0,0.0,0.0,90.0,0,1,0,2026-03-23 10:33:23,,1
602,1010,course-v1:DHQG-HCM+FM101+2025_S2,audit,1,26.0,77.0,Pass,1.0,98.9,"Chương 11: Các yếu tố ảnh hưởng đến lãi suất, cấu trúc rủi ro và kỳ hạn của lãi suất",Slide bài giảng tóm tắt chương 11,Slide bài giảng tóm tắt chương 11,99.15,98.9,179,181,2025-11-24 12:22:26,119,0.0,0,90,17,1222,4058,33.38,6354,18.89,91,89,2,70350,69893,97.8,99.35,17,33.38,18.89,0,0,0,0,0,0,0,0,0.0,0.0,0.0,0.0,90.0,0,1,0,2026-03-23 10:33:23,,1
603,1013,course-v1:DHQG-HCM+FM101+2025_S2,audit,1,26.0,84.0,Pass,1.0,100.0,Bài kiểm tra 05: Các vấn đề cơ bản về tỷ giá (Chương 12),Bài kiểm tra 05: Các vấn đề cơ bản về tỷ giá (Chương 12),Bài kiểm tra 05: Các vấn đề cơ bản về tỷ giá (Chương 12),99.15,100.0,181,181,2025-11-22 13:32:37,121,0.0,0,90,90,4058,4058,100.0,22364,100.0,91,91,0,70353,70353,100.0,100.0,90,100.0,100.0,0,0,0,0,0,0,0,0,0.0,0.0,0.0,0.0,90.0,0,1,0,2026-03-23 10:33:23,,1
604,1015,course-v1:DHQG-HCM+FM101+2025_S2,audit,1,26.0,88.0,Pass,1.0,100.0,Bài kiểm tra 05: Các vấn đề cơ bản về tỷ giá (Chương 12),Bài kiểm tra 05: Các vấn đề cơ bản về tỷ giá (Chương 12),Bài kiểm tra 05: Các vấn đề cơ bản về tỷ giá (Chương 12),99.15,100.0,181,181,2025-11-09 10:13:21,134,0.0,0,90,90,4058,4058,100.0,10124,100.0,91,91,0,70353,70353,100.0,100.0,90,100.0,100.0,0,0,0,0,0,0,0,0,0.0,0.0,0.0,0.0,90.0,0,1,0,2026-03-23 10:33:23,,1
605,1016,course-v1:DHQG-HCM+FM101+2025_S2,audit,1,24.0,89.0,Pass,1.0,100.0,Bài kiểm tra 05: Các vấn đề cơ bản về tỷ giá (Chương 12),Bài kiểm tra 05: Các vấn đề cơ bản về tỷ giá (Chương 12),Bài kiểm tra 05: Các vấn đề cơ bản về tỷ giá (Chương 12),99.15,100.0,181,181,2025-11-22 10:58:38,121,0.0,0,90,90,4058,4058,100.0,260040,100.0,91,91,0,70353,70353,100.0,100.0,90,100.0,100.0,0,0,0,0,0,0,0,0,0.0,0.0,0.0,0.0,90.0,0,1,0,2026-03-23 10:33:23,,1
606,1017,course-v1:DHQG-HCM+FM101+2025_S2,audit,1,26.0,91.0,Pass,1.0,100.0,Giới thiệu,Đề cương MOOCS_Nguyên lý thị trường tài chính,Đề cương MOOCS_Nguyên lý thị trường tài chính,99.15,100.0,181,181,2025-11-08 14:21:45,135,0.0,0,90,90,4058,4058,100.0,0,100.0,91,91,0,70353,70353,100.0,100.0,90,100.0,100.0,0,0,0,0,0,0,0,0,0.0,0.0,0.0,0.0,90.0,0,1,0,2026-03-23 10:33:23,,1
607,1020,course-v1:DHQG-HCM+FM101+2025_S2,audit,1,26.0,60.0,Pass,1.0,100.0,Bài kiểm tra 05: Các vấn đề cơ bản về tỷ giá (Chương 12),Bài kiểm tra 05: Các vấn đề cơ bản về tỷ giá (Chương 12),Bài kiểm tra 05: Các vấn đề cơ bản về tỷ giá (Chương 12),98.29,100.0,181,181,2025-11-23 11:23:43,120,0.0,0,90,90,4058,4058,100.0,1232,100.0,91,91,0,70353,70353,100.0,100.0,90,100.0,100.0,0,0,0,0,0,0,0,0,0.0,0.0,0.0,0.0,90.0,0,1,0,2026-03-23 10:33:23,,1
608,1021,course-v1:DHQG-HCM+FM101+2025_S2,audit,1,25.0,85.0,Pass,1.0,100.0,Bài kiểm tra 05: Các vấn đề cơ bản về tỷ giá (Chương 12),Bài kiểm tra 05: Các vấn đề cơ bản về tỷ giá (Chương 12),Bài kiểm tra 05: Các vấn đề cơ bản về tỷ giá (Chương 12),99.15,100.0,181,181,2025-11-22 14:45:28,121,0.0,0,90,90,4058,4058,100.0,155088,100.0,91,91,0,70353,70353,100.0,100.0,90,100.0,100.0,0,0,0,0,0,0,0,0,0.0,0.0,0.0,0.0,90.0,0,1,0,2026-03-23 10:33:23,,1
609,1023,course-v1:DHQG-HCM+FM101+2025_S2,audit,1,26.0,78.0,Pass,1.0,100.0,Chương 10: Lý thuyết lượng cầu tài sản,Bài tập tình huống,áp dụng lý thuyết lượng cầu tài sản,99.15,100.0,181,181,2025-11-18 05:13:00,125,0.0,0,90,90,4058,4058,100.0,755436,100.0,91,91,0,70353,70353,100.0,100.0,90,100.0,100.0,0,0,0,0,5,5,0,0,0.0,0.0,0.0,5.0,90.0,0,1,0,2026-03-23 10:33:23,,1
610,1026,course-v1:DHQG-HCM+FM101+2025_S2,audit,1,26.0,85.0,Pass,1.0,100.0,Bài kiểm tra 05: Các vấn đề cơ bản về tỷ giá (Chương 12),Bài kiểm tra 05: Các vấn đề cơ bản về tỷ giá (Chương 12),Bài kiểm tra 05: Các vấn đề cơ bản về tỷ giá (Chương 12),99.15,100.0,181,181,2025-11-13 16:32:30,130,0.0,0,90,90,4058,4058,100.0,0,100.0,91,91,0,70353,70353,100.0,100.0,90,100.0,100.0,0,0,0,9,68,77,0,8,0.0,0.0,0.0,77.0,90.0,0,1,0,2026-03-23 10:33:23,,1
611,1027,course-v1:DHQG-HCM+FM101+2025_S2,audit,1,26.0,82.0,Pass,1.0,100.0,Bài kiểm tra 05: Các vấn đề cơ bản về tỷ giá (Chương 12),Bài kiểm tra 05: Các vấn đề cơ bản về tỷ giá (Chương 12),Bài kiểm tra 05: Các vấn đề cơ bản về tỷ giá (Chương 12),99.15,100.0,181,181,2025-11-22 14:40:12,121,0.0,0,90,90,4058,4058,100.0,377392,100.0,91,91,0,70353,70353,100.0,100.0,90,100.0,100.0,0,0,0,0,16,16,0,0,0.0,0.0,0.0,16.0,90.0,0,1,0,2026-03-23 10:33:23,,1
612,1030,course-v1:DHQG-HCM+FM101+2025_S2,audit,1,23.0,88.0,Pass,1.0,100.0,Tổng kết môn học,Tổng kết môn học,Tổng kết môn học,99.15,100.0,181,181,2025-11-23 12:22:45,120,0.0,0,90,90,4058,4058,100.0,78424,100.0,91,91,0,70353,70353,100.0,100.0,90,100.0,100.0,0,0,0,0,0,0,0,0,0.0,0.0,0.0,0.0,90.0,0,1,0,2026-03-23 10:33:23,,1
613,1031,course-v1:DHQG-HCM+FM101+2025_S2,audit,1,26.0,81.0,Pass,1.0,100.0,Bài kiểm tra 05: Các vấn đề cơ bản về tỷ giá (Chương 12),Bài kiểm tra 05: Các vấn đề cơ bản về tỷ giá (Chương 12),Bài kiểm tra 05: Các vấn đề cơ bản về tỷ giá (Chương 12),99.15,100.0,181,181,2025-11-24 06:08:49,119,0.0,0,90,90,4058,4058,100.0,192770,100.0,91,91,0,70353,70353,100.0,100.0,90,100.0,100.0,0,0,0,0,0,0,0,0,0.0,0.0,0.0,0.0,90.0,0,1,0,2026-03-23 10:33:23,,1
614,1032,course-v1:DHQG-HCM+FM101+2025_S2,audit,1,26.0,80.0,Pass,1.0,100.0,Giới thiệu,Tổng quan khóa học,Tổng quan khóa học,99.15,100.0,181,181,2025-11-22 06:24:13,121,0.0,0,90,90,4058,4058,100.0,0,100.0,91,91,0,70353,70353,100.0,100.0,90,100.0,100.0,0,0,0,0,0,0,0,0,0.0,0.0,0.0,0.0,90.0,0,1,0,2026-03-23 10:33:23,,1
615,1033,course-v1:DHQG-HCM+FM101+2025_S2,audit,1,24.0,86.0,Pass,1.0,100.0,Bài kiểm tra 05: Các vấn đề cơ bản về tỷ giá (Chương 12),Bài kiểm tra 05: Các vấn đề cơ bản về tỷ giá (Chương 12),Bài kiểm tra 05: Các vấn đề cơ bản về tỷ giá (Chương 12),99.15,100.0,181,181,2025-11-23 12:50:41,120,0.0,0,90,90,4058,4058,100.0,222824,100.0,91,91,0,70353,70353,100.0,100.0,90,100.0,100.0,0,0,0,0,0,0,0,0,0.0,0.0,0.0,0.0,90.0,0,1,0,2026-03-23 10:33:23,,1
616,1038,course-v1:DHQG-HCM+FM101+2025_S2,audit,1,26.0,0.0,,0.0,0.0,Chưa bắt đầu,N/A,N/A,0.0,0.0,0,0,,999,0.0,0,0,0,0,0,0.0,0,0.0,0,0,0,0,0,0.0,0.0,0,0.0,0.0,0,0,0,0,0,0,0,0,0.0,0.0,0.0,0.0,50.0,0,0,0,2026-03-23 10:33:23,,0
617,1039,course-v1:DHQG-HCM+FM101+2025_S2,audit,1,24.0,87.0,Pass,1.0,79.01,Bài kiểm tra 05: Các vấn đề cơ bản về tỷ giá (Chương 12),Bài kiểm tra 05: Các vấn đề cơ bản về tỷ giá (Chương 12),Bài kiểm tra 05: Các vấn đề cơ bản về tỷ giá (Chương 12),75.21,79.01,143,181,2025-11-24 02:42:34,119,0.0,0,71,71,3284,3284,100.0,18964,100.0,72,72,0,56085,56085,100.0,100.0,71,100.0,100.0,0,0,0,1,2,3,1,0,0.0,0.0,0.0,3.0,90.0,0,1,0,2026-03-23 10:33:23,,1
618,1041,course-v1:DHQG-HCM+FM101+2025_S2,audit,1,25.0,83.0,Pass,1.0,100.0,Tổng kết môn học,Tổng kết môn học,Tổng kết môn học,99.15,100.0,181,181,2025-11-17 10:27:16,126,0.0,0,90,90,4058,4058,100.0,134354,100.0,91,91,0,70353,70353,100.0,100.0,90,100.0,100.0,0,0,0,0,0,0,0,0,0.0,0.0,0.0,0.0,90.0,0,1,0,2026-03-23 10:33:23,,1
619,1043,course-v1:DHQG-HCM+FM101+2025_S2,audit,1,26.0,88.0,Pass,1.0,100.0,Tổng kết môn học,Tổng kết môn học,Tổng kết môn học,99.15,100.0,181,181,2025-11-09 00:26:16,134,0.0,0,90,90,4058,4058,100.0,0,100.0,91,91,0,70353,70353,100.0,100.0,90,100.0,100.0,0,0,0,0,3,3,0,0,0.0,0.0,0.0,3.0,90.0,0,1,0,2026-03-23 10:33:23,,1
620,1044,course-v1:DHQG-HCM+FM101+2025_S2,audit,1,26.0,89.0,Pass,1.0,98.9,Bài kiểm tra 05: Các vấn đề cơ bản về tỷ giá (Chương 12),Bài kiểm tra 05: Các vấn đề cơ bản về tỷ giá (Chương 12),Bài kiểm tra 05: Các vấn đề cơ bản về tỷ giá (Chương 12),98.29,98.9,179,181,2025-11-23 11:16:37,120,0.0,0,89,89,4008,4008,100.0,0,100.0,90,90,0,69606,69606,100.0,100.0,89,100.0,100.0,0,0,0,0,0,0,0,0,0.0,0.0,0.0,0.0,90.0,0,1,0,2026-03-23 10:33:23,,1
621,1045,course-v1:DHQG-HCM+FM101+2025_S2,audit,1,19.0,79.0,Pass,1.0,100.0,Tổng kết môn học,Tổng kết môn học,Tổng kết môn học,99.15,100.0,181,181,2025-11-10 09:27:02,133,0.0,0,90,90,4058,4058,100.0,213234,100.0,91,91,0,70353,70353,100.0,100.0,90,100.0,100.0,0,0,0,0,0,0,0,0,0.0,0.0,0.0,0.0,90.0,0,1,0,2026-03-23 10:33:23,,1
622,1052,course-v1:DHQG-HCM+FM101+2025_S2,audit,1,26.0,83.0,Pass,1.0,69.06,Chương 10: Lý thuyết lượng cầu tài sản,Slide bài giảng tóm tắt chương 10,Slide bài giảng tóm tắt chương 10,69.23,69.06,125,181,2025-11-25 18:10:24,118,0.0,0,60,60,2750,2750,100.0,0,100.0,67,65,2,51584,51279,97.01,99.41,60,100.0,100.0,0,0,0,0,0,0,0,0,0.0,0.0,0.0,0.0,90.0,0,1,0,2026-03-23 10:33:23,,1
623,1054,course-v1:DHQG-HCM+FM101+2025_S2,audit,1,26.0,80.0,Pass,1.0,100.0,Chương 12: Một số vấn đề cơ bản về tỷ giá,Chế độ tỷ giá và chính sách tỷ giá,Chế độ tỷ giá và chính sách tỷ giá,99.15,100.0,181,181,2025-11-17 17:54:05,126,0.0,0,90,90,4058,4058,100.0,0,100.0,91,91,0,70353,70353,100.0,100.0,90,100.0,100.0,0,0,0,0,0,0,0,0,0.0,0.0,0.0,0.0,90.0,0,1,0,2026-03-23 10:33:23,,1
624,1055,course-v1:DHQG-HCM+FM101+2025_S2,audit,1,26.0,84.0,Pass,1.0,100.0,Bài kiểm tra 05: Các vấn đề cơ bản về tỷ giá (Chương 12),Bài kiểm tra 05: Các vấn đề cơ bản về tỷ giá (Chương 12),Bài kiểm tra 05: Các vấn đề cơ bản về tỷ giá (Chương 12),99.15,100.0,181,181,2025-11-06 03:34:11,137,0.0,0,90,90,4058,4058,100.0,38786,100.0,91,91,0,70353,70353,100.0,100.0,90,100.0,100.0,0,0,0,0,0,0,0,0,0.0,0.0,0.0,0.0,90.0,0,1,0,2026-03-23 10:33:23,,1
625,1058,course-v1:DHQG-HCM+FM101+2025_S2,audit,1,26.0,82.0,Pass,1.0,100.0,Bài kiểm tra 05: Các vấn đề cơ bản về tỷ giá (Chương 12),Bài kiểm tra 05: Các vấn đề cơ bản về tỷ giá (Chương 12),Bài kiểm tra 05: Các vấn đề cơ bản về tỷ giá (Chương 12),99.15,100.0,181,181,2025-11-21 13:09:31,122,0.0,0,90,90,4058,4058,100.0,176832,100.0,91,91,0,70353,70353,100.0,100.0,90,100.0,100.0,0,0,0,0,0,0,0,0,0.0,0.0,0.0,0.0,90.0,0,1,0,2026-03-23 10:33:23,,1
626,1062,course-v1:DHQG-HCM+FM101+2025_S2,audit,1,18.0,90.0,Pass,1.0,100.0,Bài kiểm tra 05: Các vấn đề cơ bản về tỷ giá (Chương 12),Bài kiểm tra 05: Các vấn đề cơ bản về tỷ giá (Chương 12),Bài kiểm tra 05: Các vấn đề cơ bản về tỷ giá (Chương 12),99.15,100.0,181,181,2025-11-21 20:14:49,122,0.0,0,90,90,4058,4058,100.0,113164,100.0,91,91,0,70353,70353,100.0,100.0,90,100.0,100.0,0,0,0,0,0,0,0,0,0.0,0.0,0.0,0.0,90.0,0,1,0,2026-03-23 10:33:23,,1
627,1064,course-v1:DHQG-HCM+FM101+2025_S2,audit,1,25.0,92.0,Pass,1.0,100.0,Chương 9: Đo lường lãi suất,Slide bài giảng tóm tắt chương 9,Bài đọc mở rộng Chương 9,99.15,100.0,181,181,2025-11-17 20:36:50,126,0.0,0,90,90,4058,4058,100.0,15886,100.0,91,91,0,70353,70353,100.0,100.0,90,100.0,100.0,0,0,0,0,0,0,0,0,0.0,0.0,0.0,0.0,90.0,0,1,0,2026-03-23 10:33:23,,1
628,1065,course-v1:DHQG-HCM+FM101+2025_S2,audit,1,25.0,86.0,Pass,1.0,100.0,Tổng kết môn học,Tổng kết môn học,Tổng kết môn học,99.15,100.0,181,181,2025-11-17 14:04:32,126,0.0,0,90,90,4058,4058,100.0,77244,100.0,91,91,0,70353,70353,100.0,100.0,90,100.0,100.0,0,0,0,0,0,0,0,0,0.0,0.0,0.0,0.0,90.0,0,1,0,2026-03-23 10:33:23,,1
629,1309,course-v1:DHQG-HCM+FM101+2025_S2,audit,1,18.0,81.0,Pass,1.0,98.9,"Chương 11: Các yếu tố ảnh hưởng đến lãi suất, cấu trúc rủi ro và kỳ hạn của lãi suất",Cấu trúc rủi ro và cấu trúc kỳ hạn của lãi suất,Cấu trúc rủi ro và cấu trúc kỳ hạn của lãi suất (tiếp theo),99.15,98.9,179,181,2025-12-02 08:01:39,111,0.0,0,88,48,2504,3948,65.89,122752,54.55,91,91,0,70352,70173,100.0,99.75,48,65.89,54.55,0,0,0,0,0,0,0,0,0.0,0.0,0.0,0.0,90.0,0,1,0,2026-03-23 10:33:23,,1
630,1314,course-v1:DHQG-HCM+FM101+2025_S2,audit,1,23.0,71.0,Pass,1.0,98.9,Bài kiểm tra 05: Các vấn đề cơ bản về tỷ giá (Chương 12),Bài kiểm tra 05: Các vấn đề cơ bản về tỷ giá (Chương 12),Bài kiểm tra 05: Các vấn đề cơ bản về tỷ giá (Chương 12),96.58,98.9,179,181,2025-11-14 16:57:32,129,0.0,0,89,89,4036,4036,100.0,205382,100.0,90,90,0,69510,69510,100.0,100.0,89,100.0,100.0,0,0,0,0,0,0,0,0,0.0,0.0,0.0,0.0,90.0,0,1,0,2026-03-23 10:33:23,,1
631,1315,course-v1:DHQG-HCM+FM101+2025_S2,audit,1,25.0,82.0,Pass,1.0,100.0,Chương 12: Một số vấn đề cơ bản về tỷ giá,Các nhân tố tác động đến tỉ giá,dài hạn,99.15,100.0,181,181,2025-11-16 18:18:03,127,0.0,0,90,90,4058,4058,100.0,0,100.0,91,91,0,70353,70353,100.0,100.0,90,100.0,100.0,0,0,0,0,0,0,0,0,0.0,0.0,0.0,0.0,90.0,0,1,0,2026-03-23 10:33:23,,1
632,1316,course-v1:DHQG-HCM+FM101+2025_S2,audit,1,18.0,29.0,,0.0,66.85,Giới thiệu,Giới thiệu môn học,Giới thiệu,57.26,66.85,121,181,2025-11-18 12:24:04,125,0.0,0,60,60,2730,2730,100.0,96160,100.0,61,61,0,48504,48504,100.0,100.0,60,100.0,100.0,0,0,0,0,0,0,0,0,0.0,0.0,0.0,0.0,90.0,0,1,0,2026-03-23 10:33:23,,0
633,1318,course-v1:DHQG-HCM+FM101+2025_S2,audit,1,25.0,81.0,Pass,1.0,82.32,Chương 10: Lý thuyết lượng cầu tài sản,Lý thuyết lượng cầu tài sản,Tỷ suất lợi nhuận,83.76,82.32,149,181,2025-11-28 09:03:51,115,0.0,0,74,73,3362,3412,99.03,425256,98.65,76,75,1,59357,59275,98.68,99.86,73,99.03,98.65,0,0,0,0,0,0,0,0,0.0,0.0,0.0,0.0,90.0,0,1,0,2026-03-23 10:33:23,,1
634,1325,course-v1:DHQG-HCM+FM101+2025_S2,audit,1,25.0,84.0,Pass,1.0,25.97,Bài kiểm tra 05: Các vấn đề cơ bản về tỷ giá (Chương 12),Bài kiểm tra 05: Các vấn đề cơ bản về tỷ giá (Chương 12),Bài kiểm tra 05: Các vấn đề cơ bản về tỷ giá (Chương 12),99.15,25.97,47,181,2025-11-25 20:38:10,118,0.0,0,23,23,1046,1046,100.0,0,100.0,24,24,0,20375,20375,100.0,100.0,23,100.0,100.0,0,0,0,0,0,0,0,0,0.0,0.0,0.0,0.0,90.0,0,1,0,2026-03-23 10:33:23,,1
635,1329,course-v1:DHQG-HCM+FM101+2025_S2,audit,1,25.0,92.0,Pass,1.0,100.0,"Bài kiểm tra 03: Các định chế tài chính trung gian (Chương 6,7)","Bài kiểm tra 03: Các định chế tài chính trung gian (Chương 6,7)","Bài kiểm tra 03: Các định chế tài chính trung gian (Chương 6,7)",99.15,100.0,181,181,2025-11-25 07:26:59,118,0.0,0,90,89,4028,4058,99.33,177284,98.89,91,91,0,70353,70351,100.0,100.0,89,99.33,98.89,0,0,0,0,0,0,0,0,0.0,0.0,0.0,0.0,90.0,0,1,0,2026-03-23 10:33:23,,1
636,1332,course-v1:DHQG-HCM+FM101+2025_S2,audit,1,25.0,5.0,,0.0,22.65,Chương 4: Cấu trúc thị trường tài chính,Thị trường chứng khoán phái sinh,Thị trường chứng khoán phái sinh,24.79,22.65,41,181,2025-10-08 15:31:35,166,0.0,0,20,20,942,942,100.0,0,100.0,21,21,0,17866,17866,100.0,100.0,20,100.0,100.0,0,0,0,0,0,0,0,0,0.0,0.0,0.0,0.0,90.0,0,1,0,2026-03-23 10:33:23,,0
637,1333,course-v1:DHQG-HCM+FM101+2025_S2,audit,1,25.0,74.0,Pass,1.0,38.12,"Bài kiểm tra 03: Các định chế tài chính trung gian (Chương 6,7)","Bài kiểm tra 03: Các định chế tài chính trung gian (Chương 6,7)","Bài kiểm tra 03: Các định chế tài chính trung gian (Chương 6,7)",42.74,38.12,69,181,2025-11-25 08:55:28,118,0.0,0,34,34,1496,1496,100.0,0,100.0,35,35,0,29274,29274,100.0,100.0,34,100.0,100.0,0,0,0,0,0,0,0,0,0.0,0.0,0.0,0.0,90.0,0,1,0,2026-03-23 10:33:23,,1
638,1335,course-v1:DHQG-HCM+FM101+2025_S2,audit,1,25.0,8.0,,0.0,20.44,Chương 5: Các công cụ thị trường tài chính,Giới thiệu về công cụ thị trường tiền tệ,Giới thiệu về công cụ thị trường tiền tệ,29.91,20.44,37,181,2025-11-30 17:49:07,113,0.0,0,9,9,348,348,100.0,0,100.0,29,28,1,23977,23354,96.55,97.4,9,100.0,100.0,0,0,0,0,0,0,0,0,0.0,0.0,0.0,0.0,90.0,0,1,0,2026-03-23 10:33:23,,0
639,1337,course-v1:DHQG-HCM+FM101+2025_S2,audit,1,25.0,87.0,Pass,1.0,100.0,Giới thiệu,Giới thiệu môn học,Giới thiệu,99.15,100.0,181,181,2025-11-20 14:33:57,123,0.0,0,90,90,4058,4058,100.0,2662,100.0,91,91,0,70353,70353,100.0,100.0,90,100.0,100.0,0,0,0,0,0,0,0,0,0.0,0.0,0.0,0.0,90.0,0,1,0,2026-03-23 10:33:23,,1
640,1338,course-v1:DHQG-HCM+FM101+2025_S2,audit,1,25.0,88.0,Pass,1.0,100.0,Giới thiệu,Giới thiệu môn học,Giới thiệu,99.15,100.0,181,181,2025-11-19 21:12:09,124,0.0,0,90,90,4058,4058,100.0,56194,100.0,91,91,0,70353,70353,100.0,100.0,90,100.0,100.0,0,0,0,0,0,0,0,0,0.0,0.0,0.0,0.0,90.0,0,1,0,2026-03-23 10:33:23,,1
641,1346,course-v1:DHQG-HCM+FM101+2025_S2,audit,1,24.0,85.0,Pass,1.0,100.0,Bài kiểm tra 05: Các vấn đề cơ bản về tỷ giá (Chương 12),Bài kiểm tra 05: Các vấn đề cơ bản về tỷ giá (Chương 12),Bài kiểm tra 05: Các vấn đề cơ bản về tỷ giá (Chương 12),99.15,100.0,181,181,2025-11-23 10:27:42,120,0.0,0,90,90,4058,4058,100.0,218834,100.0,91,91,0,70353,70353,100.0,100.0,90,100.0,100.0,0,0,0,0,0,0,0,0,0.0,0.0,0.0,0.0,90.0,0,1,0,2026-03-23 10:33:23,,1
642,1347,course-v1:DHQG-HCM+FM101+2025_S2,audit,1,25.0,81.0,Pass,1.0,100.0,Tổng kết môn học,Tổng kết môn học,Tổng kết môn học,99.15,100.0,181,181,2025-11-03 08:18:07,140,0.0,0,90,90,4058,4058,100.0,0,100.0,91,91,0,70353,70353,100.0,100.0,90,100.0,100.0,0,0,0,0,0,0,0,0,0.0,0.0,0.0,0.0,90.0,0,1,0,2026-03-23 10:33:23,,1
643,1349,course-v1:DHQG-HCM+FM101+2025_S2,audit,1,25.0,85.0,Pass,1.0,100.0,Bài kiểm tra 05: Các vấn đề cơ bản về tỷ giá (Chương 12),Bài kiểm tra 05: Các vấn đề cơ bản về tỷ giá (Chương 12),Bài kiểm tra 05: Các vấn đề cơ bản về tỷ giá (Chương 12),99.15,100.0,181,181,2025-11-14 10:00:35,129,0.0,0,90,90,4058,4058,100.0,45652,100.0,91,91,0,70353,70353,100.0,100.0,90,100.0,100.0,0,0,0,0,0,0,0,0,0.0,0.0,0.0,0.0,90.0,0,1,0,2026-03-23 10:33:23,,1
644,1353,course-v1:DHQG-HCM+FM101+2025_S2,audit,1,25.0,57.0,Pass,1.0,8.84,"Bài kiểm tra 03: Các định chế tài chính trung gian (Chương 6,7)","Bài kiểm tra 03: Các định chế tài chính trung gian (Chương 6,7)","Bài kiểm tra 03: Các định chế tài chính trung gian (Chương 6,7)",11.97,8.84,16,181,2025-11-13 06:11:45,130,0.0,0,8,8,294,294,100.0,7790,100.0,8,8,0,6967,6967,100.0,100.0,8,100.0,100.0,0,0,0,0,0,0,0,0,0.0,0.0,0.0,0.0,90.0,0,1,0,2026-03-23 10:33:23,,1
645,1357,course-v1:DHQG-HCM+FM101+2025_S2,audit,1,25.0,81.0,Pass,1.0,100.0,Chương 12: Một số vấn đề cơ bản về tỷ giá,Chế độ tỷ giá và chính sách tỷ giá,Chế độ tỷ giá và chính sách tỷ giá,99.15,100.0,181,181,2025-11-18 02:08:50,125,0.0,0,90,90,4058,4058,100.0,136138,100.0,91,91,0,70353,70353,100.0,100.0,90,100.0,100.0,0,0,0,0,0,0,0,0,0.0,0.0,0.0,0.0,90.0,0,1,0,2026-03-23 10:33:23,,1
646,1358,course-v1:DHQG-HCM+FM101+2025_S2,audit,1,25.0,7.0,,0.0,53.04,Giới thiệu,Tổng quan khóa học,Tổng quan khóa học,94.02,53.04,96,181,2025-11-25 16:50:07,118,0.0,0,46,45,2012,2046,98.39,208,97.83,62,50,12,49122,41070,80.65,83.61,45,98.39,97.83,0,0,0,0,1,1,0,0,0.0,0.0,0.0,1.0,90.0,0,1,0,2026-03-23 10:33:23,,0
647,1359,course-v1:DHQG-HCM+FM101+2025_S2,audit,1,18.0,76.0,Pass,1.0,0.0,Bài kiểm tra 05: Các vấn đề cơ bản về tỷ giá (Chương 12),Bài kiểm tra 05: Các vấn đề cơ bản về tỷ giá (Chương 12),Bài kiểm tra 05: Các vấn đề cơ bản về tỷ giá (Chương 12),3.42,0.0,0,0,2025-11-15 01:48:31,128,0.0,0,0,0,0,0,0.0,0,0.0,0,0,0,0,0,0.0,0.0,0,0.0,0.0,0,0,0,0,0,0,0,0,0.0,0.0,0.0,0.0,50.0,0,0,0,2026-03-23 10:33:23,,1
648,1381,course-v1:DHQG-HCM+FM101+2025_S2,audit,1,25.0,22.0,,0.0,9.94,Bài kiểm tra 05: Các vấn đề cơ bản về tỷ giá (Chương 12),Bài kiểm tra 05: Các vấn đề cơ bản về tỷ giá (Chương 12),Bài kiểm tra 05: Các vấn đề cơ bản về tỷ giá (Chương 12),11.11,9.94,18,181,2025-10-31 06:43:45,143,0.0,0,9,9,388,388,100.0,0,100.0,9,9,0,7955,7955,100.0,100.0,9,100.0,100.0,0,0,0,0,0,0,0,0,0.0,0.0,0.0,0.0,90.0,0,1,0,2026-03-23 10:33:23,,0
649,1382,course-v1:DHQG-HCM+FM101+2025_S2,audit,1,25.0,7.0,,0.0,37.02,Chương 5: Các công cụ thị trường tài chính,Thương phiếu,Thương phiếu,36.75,37.02,67,181,2025-11-16 18:26:30,127,0.0,0,33,33,1462,1462,100.0,13278,100.0,34,34,0,28324,28324,100.0,100.0,33,100.0,100.0,0,0,0,0,0,0,0,0,0.0,0.0,0.0,0.0,90.0,0,1,0,2026-03-23 10:33:23,,0
650,1383,course-v1:DHQG-HCM+FM101+2025_S2,audit,1,25.0,84.0,Pass,1.0,93.37,Giới thiệu,Đề cương MOOCS_Nguyên lý thị trường tài chính,Đề cương MOOCS_Nguyên lý thị trường tài chính,92.31,93.37,169,181,2025-11-25 16:52:20,118,0.0,0,85,72,3386,3808,89.02,19662,84.71,86,84,2,67123,66974,97.67,99.78,72,89.02,84.71,0,0,0,0,0,0,0,0,0.0,0.0,0.0,0.0,90.0,0,1,0,2026-03-23 10:33:23,,1
651,1384,course-v1:DHQG-HCM+FM101+2025_S2,audit,1,25.0,89.0,Pass,1.0,28.18,Chương 9: Đo lường lãi suất,"Vay đơn, vay hoàn trả cố định","Vay đơn, vay hoàn trả cố định",71.79,28.18,51,181,2025-11-25 16:37:20,118,0.0,0,25,25,1106,1106,100.0,0,100.0,26,26,0,22015,22015,100.0,100.0,25,100.0,100.0,0,0,0,0,0,0,0,0,0.0,0.0,0.0,0.0,90.0,0,1,0,2026-03-23 10:33:23,,1
652,1385,course-v1:DHQG-HCM+FM101+2025_S2,audit,1,25.0,82.0,Pass,1.0,85.64,Chương 12: Một số vấn đề cơ bản về tỷ giá,Chế độ tỷ giá và chính sách tỷ giá,Chế độ tỷ giá và chính sách tỷ giá,76.92,85.64,155,181,2025-11-20 15:15:21,123,0.0,0,77,77,3484,3484,100.0,357702,100.0,78,78,0,60020,60020,100.0,100.0,77,100.0,100.0,0,0,0,0,0,0,0,0,0.0,0.0,0.0,0.0,90.0,0,1,0,2026-03-23 10:33:23,,1
653,1386,course-v1:DHQG-HCM+FM101+2025_S2,audit,1,25.0,71.0,Pass,1.0,100.0,Chương 9: Đo lường lãi suất,Slide bài giảng tóm tắt chương 9,Slide bài giảng tóm tắt chương 9,97.44,100.0,181,181,2025-11-25 09:32:46,118,0.0,0,90,90,4058,4058,100.0,215214,100.0,91,91,0,70353,70353,100.0,100.0,90,100.0,100.0,0,0,0,0,0,0,0,0,0.0,0.0,0.0,0.0,90.0,0,1,0,2026-03-23 10:33:23,,1
654,1387,course-v1:DHQG-HCM+FM101+2025_S2,audit,1,25.0,88.0,Pass,1.0,44.75,"Chương 11: Các yếu tố ảnh hưởng đến lãi suất, cấu trúc rủi ro và kỳ hạn của lãi suất",Lý thuyết khuôn mẫu ưa thích tính thanh khoản,Lý thuyết khuôn mẫu ưa thích tính thanh khoản (tiếp theo),63.25,44.75,81,181,2025-11-25 07:30:49,118,0.0,0,35,29,1242,1470,86.56,37204,82.86,50,46,4,39892,37852,92.0,94.89,29,86.56,82.86,0,0,0,0,0,0,0,0,0.0,0.0,0.0,0.0,90.0,0,1,0,2026-03-23 10:33:23,,1
655,1388,course-v1:DHQG-HCM+FM101+2025_S2,audit,1,25.0,91.0,Pass,1.0,100.0,Tổng kết môn học,Tổng kết môn học,Tổng kết môn học,99.15,100.0,181,181,2025-11-16 09:12:17,127,0.0,0,90,90,4058,4058,100.0,33568,100.0,91,91,0,70353,70353,100.0,100.0,90,100.0,100.0,0,0,0,0,0,0,0,0,0.0,0.0,0.0,0.0,90.0,0,1,0,2026-03-23 10:33:23,,1
656,1389,course-v1:DHQG-HCM+FM101+2025_S2,audit,1,25.0,53.0,Pass,1.0,100.0,Chương 12: Một số vấn đề cơ bản về tỷ giá,Slide bài giảng tóm tắt chương 12,Slide bài giảng tóm tắt chương 12,97.44,100.0,181,181,2025-11-22 04:33:00,121,0.0,0,90,90,4058,4058,100.0,24558,100.0,91,91,0,70353,70353,100.0,100.0,90,100.0,100.0,0,0,0,0,0,0,0,0,0.0,0.0,0.0,0.0,90.0,0,1,0,2026-03-23 10:33:23,,1
657,1390,course-v1:DHQG-HCM+FM101+2025_S2,audit,1,25.0,83.0,Pass,1.0,32.6,Bài kiểm tra 05: Các vấn đề cơ bản về tỷ giá (Chương 12),Bài kiểm tra 05: Các vấn đề cơ bản về tỷ giá (Chương 12),Bài kiểm tra 05: Các vấn đề cơ bản về tỷ giá (Chương 12),44.44,32.6,59,181,2025-11-17 07:01:15,126,0.0,0,29,29,1262,1262,100.0,47628,100.0,30,30,0,25429,25429,100.0,100.0,29,100.0,100.0,0,0,0,0,0,0,0,0,0.0,0.0,0.0,0.0,90.0,0,1,0,2026-03-23 10:33:23,,1
658,1391,course-v1:DHQG-HCM+FM101+2025_S2,audit,1,25.0,84.0,Pass,1.0,100.0,Giới thiệu,Tổng quan khóa học,Tổng quan khóa học,99.15,100.0,181,181,2025-11-22 13:50:41,121,0.0,0,90,90,4058,4058,100.0,93546,100.0,91,91,0,70353,70353,100.0,100.0,90,100.0,100.0,0,0,0,0,0,0,0,0,0.0,0.0,0.0,0.0,90.0,0,1,0,2026-03-23 10:33:23,,1
659,1392,course-v1:DHQG-HCM+FM101+2025_S2,audit,1,25.0,89.0,Pass,1.0,13.26,Chương 2: Đại cương về tài chính,Slide bài giảng tóm tắt chương 2,Slide bài giảng tóm tắt chương 2,18.8,13.26,24,181,2025-11-20 10:06:55,123,0.0,0,12,12,468,468,100.0,2720,100.0,12,12,0,9920,9920,100.0,100.0,12,100.0,100.0,0,0,0,0,0,0,0,0,0.0,0.0,0.0,0.0,90.0,0,1,0,2026-03-23 10:33:23,,1
660,1393,course-v1:DHQG-HCM+FM101+2025_S2,audit,1,25.0,84.0,Pass,1.0,100.0,Tổng kết môn học,Tổng kết môn học,Tổng kết môn học,99.15,100.0,181,181,2025-11-25 21:39:21,118,0.0,0,90,37,2210,4058,56.1,233214,41.11,91,91,0,70352,70080,100.0,99.61,37,56.1,41.11,0,0,0,0,0,0,0,0,0.0,0.0,0.0,0.0,90.0,0,1,0,2026-03-23 10:33:23,,1
661,1394,course-v1:DHQG-HCM+FM101+2025_S2,audit,1,25.0,72.0,Pass,1.0,100.0,Chương 12: Một số vấn đề cơ bản về tỷ giá,Slide bài giảng tóm tắt chương 12,Slide bài giảng tóm tắt chương 12,99.15,100.0,181,181,2025-11-11 15:05:18,132,0.0,0,90,90,4058,4058,100.0,0,100.0,91,91,0,70353,70353,100.0,100.0,90,100.0,100.0,0,0,0,0,0,0,0,0,0.0,0.0,0.0,0.0,90.0,0,1,0,2026-03-23 10:33:23,,1
662,1395,course-v1:DHQG-HCM+FM101+2025_S2,audit,1,25.0,87.0,Pass,1.0,100.0,"Bài kiểm tra 04_Các vấn đề cơ bản về lãi suất (Chương 8,9,10,11)","Bài kiểm tra 04_Các vấn đề cơ bản về lãi suất (Chương 8,9,10,11)","Bài kiểm tra 04_Các vấn đề cơ bản về lãi suất (Chương 8,9,10,11)",99.15,100.0,181,181,2025-11-14 15:18:20,129,0.0,0,90,90,4058,4058,100.0,0,100.0,91,91,0,70353,70353,100.0,100.0,90,100.0,100.0,0,0,0,1,0,1,1,2,0.0,0.0,0.0,1.0,90.0,0,1,0,2026-03-23 10:33:23,,1
663,1396,course-v1:DHQG-HCM+FM101+2025_S2,audit,1,25.0,43.0,,0.0,64.09,Chương 6: Chi phí giao dịch và thông tin bất cân xứng,Bài tập tình huống,Thông tin bất cân xứng và Khủng hoảng tài chính,64.1,64.09,116,181,2025-11-19 18:27:36,124,0.0,0,58,58,2628,2628,100.0,0,100.0,58,58,0,42803,42803,100.0,100.0,58,100.0,100.0,0,0,0,0,0,0,0,0,0.0,0.0,0.0,0.0,90.0,0,1,0,2026-03-23 10:33:23,,0
664,1397,course-v1:DHQG-HCM+FM101+2025_S2,audit,1,25.0,84.0,Pass,1.0,66.85,Chương 12: Một số vấn đề cơ bản về tỷ giá,Chế độ tỷ giá và chính sách tỷ giá,Chế độ tỷ giá và chính sách tỷ giá,99.15,66.85,121,181,2025-11-25 13:54:55,118,0.0,0,60,60,2788,2788,100.0,0,100.0,61,61,0,48551,48551,100.0,100.0,60,100.0,100.0,0,0,0,0,0,0,0,0,0.0,0.0,0.0,0.0,90.0,0,1,0,2026-03-23 10:33:23,,1
665,1398,course-v1:DHQG-HCM+FM101+2025_S2,audit,1,25.0,0.0,,0.0,37.57,Chương 12: Một số vấn đề cơ bản về tỷ giá,Slide bài giảng tóm tắt chương 12,Slide bài giảng tóm tắt chương 12,41.03,37.57,68,181,2025-11-21 08:34:04,122,0.0,0,34,34,1442,1442,100.0,0,100.0,34,34,0,27363,27363,100.0,100.0,34,100.0,100.0,0,0,0,0,0,0,0,0,0.0,0.0,0.0,0.0,90.0,0,1,0,2026-03-23 10:33:23,,0
666,1399,course-v1:DHQG-HCM+FM101+2025_S2,audit,1,25.0,86.0,Pass,1.0,37.02,Chương 12: Một số vấn đề cơ bản về tỷ giá,Slide bài giảng tóm tắt chương 12,Slide bài giảng tóm tắt chương 12,46.15,37.02,67,181,2025-11-20 12:49:16,123,0.0,0,33,33,1524,1524,100.0,6292,100.0,34,34,0,27979,27979,100.0,100.0,33,100.0,100.0,0,0,0,0,0,0,0,0,0.0,0.0,0.0,0.0,90.0,0,1,0,2026-03-23 10:33:23,,1
667,1400,course-v1:DHQG-HCM+FM101+2025_S2,audit,1,23.0,79.0,Pass,1.0,100.0,Chương 6: Chi phí giao dịch và thông tin bất cân xứng,Slide bài giảng tóm tắt chương 6,Bài đọc mở rộng Chương 6,99.15,100.0,181,181,2025-11-13 13:09:07,130,0.0,0,90,90,4058,4058,100.0,0,100.0,91,91,0,70353,70353,100.0,100.0,90,100.0,100.0,0,0,0,0,0,0,0,0,0.0,0.0,0.0,0.0,90.0,0,1,0,2026-03-23 10:33:23,,1
668,1401,course-v1:DHQG-HCM+FM101+2025_S2,audit,1,25.0,93.0,Pass,1.0,1.1,Bài kiểm tra 05: Các vấn đề cơ bản về tỷ giá (Chương 12),Bài kiểm tra 05: Các vấn đề cơ bản về tỷ giá (Chương 12),Bài kiểm tra 05: Các vấn đề cơ bản về tỷ giá (Chương 12),5.98,1.1,2,181,2025-11-15 02:14:02,128,0.0,0,1,1,54,54,100.0,0,100.0,1,1,0,910,910,100.0,100.0,1,100.0,100.0,0,0,0,0,0,0,0,0,0.0,0.0,0.0,0.0,90.0,0,1,0,2026-03-23 10:33:23,,1
669,1402,course-v1:DHQG-HCM+FM101+2025_S2,audit,1,25.0,82.0,Pass,1.0,100.0,Tổng kết môn học,Tổng kết môn học,Tổng kết môn học,99.15,100.0,181,181,2025-11-15 15:46:31,128,0.0,0,90,90,4058,4058,100.0,0,100.0,91,91,0,70353,70353,100.0,100.0,90,100.0,100.0,0,0,0,0,0,0,0,0,0.0,0.0,0.0,0.0,90.0,0,1,0,2026-03-23 10:33:23,,1
670,1403,course-v1:DHQG-HCM+FM101+2025_S2,audit,1,25.0,89.0,Pass,1.0,28.73,Chương 1: Đại cương về tiền tệ,Cung tiền và Đo lường (cung) tiền,Cung tiền và Đo lường (cung) tiền,41.03,28.73,52,181,2025-12-28 07:44:12,85,0.0,0,26,10,630,1234,55.54,7688,38.46,27,26,1,22687,22060,96.3,97.24,10,55.54,38.46,0,0,0,0,0,0,0,0,0.0,0.0,0.0,0.0,90.0,0,1,0,2026-03-23 10:33:23,,1
671,1404,course-v1:DHQG-HCM+FM101+2025_S2,audit,1,25.0,87.0,Pass,1.0,31.49,Tổng kết môn học,Tổng kết môn học,Tổng kết môn học,35.04,31.49,57,181,2025-11-16 17:56:33,127,0.0,0,28,28,1372,1372,100.0,6796,100.0,29,29,0,24445,24445,100.0,100.0,28,100.0,100.0,0,0,0,0,0,0,0,0,0.0,0.0,0.0,0.0,90.0,0,1,0,2026-03-23 10:33:23,,1
672,1405,course-v1:DHQG-HCM+FM101+2025_S2,audit,1,25.0,37.0,,0.0,35.36,"Bài kiểm tra 04_Các vấn đề cơ bản về lãi suất (Chương 8,9,10,11)","Bài kiểm tra 04_Các vấn đề cơ bản về lãi suất (Chương 8,9,10,11)","Bài kiểm tra 04_Các vấn đề cơ bản về lãi suất (Chương 8,9,10,11)",41.88,35.36,64,181,2025-11-26 03:16:20,117,0.0,0,31,24,1156,1490,82.85,12676,77.42,35,33,2,29139,28097,94.29,96.42,24,82.85,77.42,0,0,0,0,0,0,0,0,0.0,0.0,0.0,0.0,90.0,0,1,0,2026-03-23 10:33:23,,0
673,1406,course-v1:DHQG-HCM+FM101+2025_S2,audit,1,24.0,0.0,,0.0,2.21,Chương 1: Đại cương về tiền tệ,Khái niệm tiền và chức năng của tiền,Khái niệm tiền và chức năng của tiền,3.42,2.21,4,181,2025-10-04 16:43:27,170,0.0,0,2,2,32,32,100.0,0,100.0,2,2,0,1757,1757,100.0,100.0,2,100.0,100.0,0,0,0,0,0,0,0,0,0.0,0.0,0.0,0.0,90.0,0,1,0,2026-03-23 10:33:23,,0
674,1407,course-v1:DHQG-HCM+FM101+2025_S2,audit,1,25.0,78.0,Pass,1.0,100.0,Tổng kết môn học,Tổng kết môn học,Tổng kết môn học,99.15,100.0,181,181,2025-11-16 16:36:04,127,0.0,0,90,90,4058,4058,100.0,0,100.0,91,91,0,70353,70353,100.0,100.0,90,100.0,100.0,0,0,0,0,0,0,0,0,0.0,0.0,0.0,0.0,90.0,0,1,0,2026-03-23 10:33:23,,1
675,1408,course-v1:DHQG-HCM+FM101+2025_S2,audit,1,20.0,87.0,Pass,1.0,35.36,Chương 12: Một số vấn đề cơ bản về tỷ giá,Chế độ tỷ giá và chính sách tỷ giá,Chế độ tỷ giá và chính sách tỷ giá,35.9,35.36,64,181,2025-11-20 03:55:44,123,0.0,0,32,32,1534,1534,100.0,8920,100.0,32,32,0,24689,24689,100.0,100.0,32,100.0,100.0,0,0,0,0,0,0,0,0,0.0,0.0,0.0,0.0,90.0,0,1,0,2026-03-23 10:33:23,,1
676,1409,course-v1:DHQG-HCM+FM101+2025_S2,audit,1,25.0,6.0,,0.0,51.38,Chương 12: Một số vấn đề cơ bản về tỷ giá,Slide bài giảng tóm tắt chương 12,Slide bài giảng tóm tắt chương 12,52.99,51.38,93,181,2025-11-19 21:32:16,124,0.0,0,46,46,2022,2022,100.0,0,100.0,47,47,0,38364,38364,100.0,100.0,46,100.0,100.0,0,0,0,0,0,0,0,0,0.0,0.0,0.0,0.0,90.0,0,1,0,2026-03-23 10:33:23,,0
677,1410,course-v1:DHQG-HCM+FM101+2025_S2,audit,1,25.0,9.0,,0.0,32.6,Chương 5: Các công cụ thị trường tài chính,"Mortgage, mortgage-backed securities, vay thương mại và tiêu dùng","Mortgage, mortgage-backed securities, vay thương mại và tiêu dùng",32.48,32.6,59,181,2025-11-21 10:30:09,122,0.0,0,29,29,1238,1238,100.0,0,100.0,30,30,0,25206,25206,100.0,100.0,29,100.0,100.0,0,0,0,0,0,0,0,0,0.0,0.0,0.0,0.0,90.0,0,1,0,2026-03-23 10:33:23,,0
678,1411,course-v1:DHQG-HCM+FM101+2025_S2,audit,1,25.0,0.0,,0.0,7.73,Chương 10: Lý thuyết lượng cầu tài sản,Slide bài giảng tóm tắt chương 10,Slide bài giảng tóm tắt chương 10,18.8,7.73,14,181,2025-11-17 06:02:50,126,0.0,0,7,7,242,242,100.0,5346,100.0,7,7,0,5879,5879,100.0,100.0,7,100.0,100.0,0,0,0,0,0,0,0,0,0.0,0.0,0.0,0.0,90.0,0,1,0,2026-03-23 10:33:23,,0
679,1412,course-v1:DHQG-HCM+FM101+2025_S2,audit,1,25.0,79.0,Pass,1.0,100.0,Tổng kết môn học,Tổng kết môn học,Tổng kết môn học,99.15,100.0,181,181,2025-11-15 04:24:32,128,0.0,0,90,90,4058,4058,100.0,72850,100.0,91,91,0,70353,70353,100.0,100.0,90,100.0,100.0,0,0,0,0,0,0,0,0,0.0,0.0,0.0,0.0,90.0,0,1,0,2026-03-23 10:33:23,,1
680,1413,course-v1:DHQG-HCM+FM101+2025_S2,audit,1,25.0,86.0,Pass,1.0,100.0,Tổng kết môn học,Tổng kết môn học,Tổng kết môn học,99.15,100.0,181,181,2025-11-20 13:33:24,123,0.0,0,90,90,4058,4058,100.0,0,100.0,91,91,0,70353,70353,100.0,100.0,90,100.0,100.0,0,0,0,0,0,0,0,0,0.0,0.0,0.0,0.0,90.0,0,1,0,2026-03-23 10:33:23,,1
681,1414,course-v1:DHQG-HCM+FM101+2025_S2,audit,1,24.0,54.0,Pass,1.0,75.69,Chương 12: Một số vấn đề cơ bản về tỷ giá,Slide bài giảng tóm tắt chương 12,Slide bài giảng tóm tắt chương 12,77.78,75.69,137,181,2025-11-24 14:53:11,119,0.0,0,68,68,3126,3126,100.0,63978,100.0,69,69,0,53925,53925,100.0,100.0,68,100.0,100.0,0,0,0,0,0,0,0,0,0.0,0.0,0.0,0.0,90.0,0,1,0,2026-03-23 10:33:23,,1
682,1415,course-v1:DHQG-HCM+FM101+2025_S2,audit,1,25.0,83.0,Pass,1.0,100.0,Tổng kết môn học,Tổng kết môn học,Tổng kết môn học,99.15,100.0,181,181,2025-11-17 07:42:50,126,0.0,0,90,90,4058,4058,100.0,291546,100.0,91,91,0,70353,70353,100.0,100.0,90,100.0,100.0,0,0,0,0,0,0,0,0,0.0,0.0,0.0,0.0,90.0,0,1,0,2026-03-23 10:33:23,,1
683,1416,course-v1:DHQG-HCM+FM101+2025_S2,audit,1,25.0,89.0,Pass,1.0,51.93,Chương 12: Một số vấn đề cơ bản về tỷ giá,Cơ sở hình thành tỉ giá,"Quy luật một giá và thuyết ngang giá sức mua, ngang bằng lãi suất",56.41,51.93,94,181,2025-11-16 16:42:48,127,0.0,0,47,47,2162,2162,100.0,8862,100.0,47,47,0,34530,34530,100.0,100.0,47,100.0,100.0,0,0,0,0,0,0,0,0,0.0,0.0,0.0,0.0,90.0,0,1,0,2026-03-23 10:33:23,,1
684,1417,course-v1:DHQG-HCM+FM101+2025_S2,audit,1,25.0,27.0,,0.0,56.91,Chương 7: Các định chế tài chính trung gian,Tổ chức tiết kiệm hợp đồng xử lý thông tin bất cân xứng như thế nào,Tổ chức tiết kiệm hợp đồng xử lý thông tin bất cân xứng như thế nào,56.41,56.91,103,181,2025-11-17 15:00:56,126,0.0,0,51,51,2338,2338,100.0,107132,100.0,52,52,0,42061,42061,100.0,100.0,51,100.0,100.0,0,0,0,0,0,0,0,0,0.0,0.0,0.0,0.0,90.0,0,1,0,2026-03-23 10:33:23,,0
685,1418,course-v1:DHQG-HCM+FM101+2025_S2,audit,1,25.0,0.0,,0.0,0.0,Chương 12: Một số vấn đề cơ bản về tỷ giá,Slide bài giảng tóm tắt chương 12,Slide bài giảng tóm tắt chương 12,10.26,0.0,0,0,2025-11-25 18:37:13,118,0.0,0,0,0,0,0,0.0,0,0.0,0,0,0,0,0,0.0,0.0,0,0.0,0.0,0,0,0,0,0,0,0,0,0.0,0.0,0.0,0.0,50.0,0,0,0,2026-03-23 10:33:23,,0
686,1419,course-v1:DHQG-HCM+FM101+2025_S2,audit,1,25.0,86.0,Pass,1.0,100.0,Tổng kết môn học,Tổng kết môn học,Tổng kết môn học,99.15,100.0,181,181,2025-11-15 11:03:48,128,0.0,0,90,90,4058,4058,100.0,53460,100.0,91,91,0,70353,70353,100.0,100.0,90,100.0,100.0,0,0,0,0,0,0,0,0,0.0,0.0,0.0,0.0,90.0,0,1,0,2026-03-23 10:33:23,,1
687,1422,course-v1:DHQG-HCM+FM101+2025_S2,audit,1,25.0,88.0,Pass,1.0,76.24,Tổng kết môn học,Tổng kết môn học,Tổng kết môn học,95.73,76.24,138,181,2025-11-25 18:17:58,118,0.0,0,59,59,2738,2738,100.0,0,100.0,91,79,12,70352,69251,86.81,98.44,59,100.0,100.0,0,0,0,7,20,27,0,12,0.0,0.0,0.0,27.0,90.0,0,1,0,2026-03-23 10:33:23,,1
688,1423,course-v1:DHQG-HCM+FM101+2025_S2,audit,1,25.0,31.0,,0.0,29.28,"Bài kiểm tra 04_Các vấn đề cơ bản về lãi suất (Chương 8,9,10,11)","Bài kiểm tra 04_Các vấn đề cơ bản về lãi suất (Chương 8,9,10,11)","Bài kiểm tra 04_Các vấn đề cơ bản về lãi suất (Chương 8,9,10,11)",64.1,29.28,53,181,2025-12-01 06:53:14,112,0.0,0,26,26,1164,1164,100.0,33518,100.0,30,27,3,24993,23167,90.0,92.69,26,100.0,100.0,0,0,0,0,0,0,0,0,0.0,0.0,0.0,0.0,90.0,0,1,0,2026-03-23 10:33:23,,0
689,1425,course-v1:DHQG-HCM+FM101+2025_S2,audit,1,24.0,0.0,,0.0,2.21,Giới thiệu,Giới thiệu môn học,Giới thiệu,2.56,2.21,4,181,2025-10-02 07:35:26,172,0.0,0,2,2,32,32,100.0,0,100.0,2,2,0,1757,1757,100.0,100.0,2,100.0,100.0,0,0,0,0,0,0,0,0,0.0,0.0,0.0,0.0,90.0,0,1,0,2026-03-23 10:33:23,,0
690,1426,course-v1:DHQG-HCM+FM101+2025_S2,audit,1,25.0,0.0,,0.0,1.1,Chương 1: Đại cương về tiền tệ,Khái niệm tiền và chức năng của tiền,Khái niệm tiền và chức năng của tiền,2.56,1.1,2,181,2025-09-25 13:53:39,179,0.0,0,1,1,10,10,100.0,0,100.0,1,1,0,914,914,100.0,100.0,1,100.0,100.0,0,0,0,0,0,0,0,0,0.0,0.0,0.0,0.0,90.0,0,1,0,2026-03-23 10:33:23,,0
691,1427,course-v1:DHQG-HCM+FM101+2025_S2,audit,1,25.0,86.0,Pass,1.0,69.06,"Chương 11: Các yếu tố ảnh hưởng đến lãi suất, cấu trúc rủi ro và kỳ hạn của lãi suất",Lý thuyết khuôn mẫu tiền vay,Lý thuyết khuôn mẫu tiền vay (tiếp theo),80.34,69.06,125,181,2025-11-26 03:24:13,117,0.0,0,62,62,2906,2906,100.0,38934,100.0,78,63,15,60529,54716,80.77,90.4,62,100.0,100.0,0,0,0,0,0,0,0,0,0.0,0.0,0.0,0.0,90.0,0,1,0,2026-03-23 10:33:23,,1
692,1428,course-v1:DHQG-HCM+FM101+2025_S2,audit,1,25.0,83.0,Pass,1.0,100.0,Tổng kết môn học,Tổng kết môn học,Tổng kết môn học,99.15,100.0,181,181,2025-11-20 07:43:35,123,0.0,0,90,90,4058,4058,100.0,36108,100.0,91,91,0,70353,70353,100.0,100.0,90,100.0,100.0,0,0,0,0,11,11,0,0,0.0,0.0,0.0,11.0,90.0,0,1,0,2026-03-23 10:33:23,,1
693,1429,course-v1:DHQG-HCM+FM101+2025_S2,audit,1,25.0,0.0,,0.0,5.52,Tổng kết môn học,Tổng kết môn học,Tổng kết môn học,6.84,5.52,10,181,2025-09-26 15:29:27,178,0.0,0,5,5,158,158,100.0,0,100.0,5,5,0,4136,4136,100.0,100.0,5,100.0,100.0,0,0,0,0,0,0,0,0,0.0,0.0,0.0,0.0,90.0,0,1,0,2026-03-23 10:33:23,,0
694,1430,course-v1:DHQG-HCM+FM101+2025_S2,audit,1,25.0,79.0,Pass,1.0,100.0,Bài kiểm tra 05: Các vấn đề cơ bản về tỷ giá (Chương 12),Bài kiểm tra 05: Các vấn đề cơ bản về tỷ giá (Chương 12),Bài kiểm tra 05: Các vấn đề cơ bản về tỷ giá (Chương 12),99.15,100.0,181,181,2025-11-12 06:51:03,131,0.0,0,90,90,4058,4058,100.0,97816,100.0,91,91,0,70353,70353,100.0,100.0,90,100.0,100.0,0,0,0,0,0,0,0,0,0.0,0.0,0.0,0.0,90.0,0,1,0,2026-03-23 10:33:23,,1
695,1431,course-v1:DHQG-HCM+FM101+2025_S2,audit,1,25.0,0.0,,0.0,7.73,Chương 5: Các công cụ thị trường tài chính,Slide bài giảng tóm tắt chương 5,Slide bài giảng tóm tắt chương 5,13.68,7.73,14,181,2025-10-29 12:54:10,145,0.0,0,7,7,234,234,100.0,0,100.0,7,7,0,5992,5992,100.0,100.0,7,100.0,100.0,0,0,0,0,0,0,0,0,0.0,0.0,0.0,0.0,90.0,0,1,0,2026-03-23 10:33:23,,0
696,1432,course-v1:DHQG-HCM+FM101+2025_S2,audit,1,25.0,84.0,Pass,1.0,100.0,Giới thiệu,Giới thiệu môn học,Giới thiệu,99.15,100.0,181,181,2025-11-17 05:32:42,126,0.0,0,90,90,4058,4058,100.0,22338,100.0,91,91,0,70353,70353,100.0,100.0,90,100.0,100.0,0,0,0,3,0,3,0,0,0.0,0.0,0.0,3.0,90.0,0,1,0,2026-03-23 10:33:23,,1
697,1436,course-v1:DHQG-HCM+FM101+2025_S2,audit,1,25.0,71.0,Pass,1.0,100.0,Tổng kết môn học,Tổng kết môn học,Tổng kết môn học,99.15,100.0,181,181,2025-11-19 12:58:37,124,0.0,0,90,90,4058,4058,100.0,0,100.0,91,91,0,70353,70353,100.0,100.0,90,100.0,100.0,0,0,0,0,0,0,0,0,0.0,0.0,0.0,0.0,90.0,0,1,0,2026-03-23 10:33:23,,1
698,1437,course-v1:DHQG-HCM+FM101+2025_S2,audit,1,25.0,79.0,Pass,1.0,2.21,Tổng kết môn học,Tổng kết môn học,Tổng kết môn học,11.97,2.21,4,181,2025-11-03 04:41:27,140,0.0,0,2,2,168,168,100.0,0,100.0,2,2,0,1385,1385,100.0,100.0,2,100.0,100.0,0,0,0,0,0,0,0,0,0.0,0.0,0.0,0.0,90.0,0,1,0,2026-03-23 10:33:23,,1
699,1439,course-v1:DHQG-HCM+FM101+2025_S2,audit,1,25.0,89.0,Pass,1.0,100.0,Bài kiểm tra 05: Các vấn đề cơ bản về tỷ giá (Chương 12),Bài kiểm tra 05: Các vấn đề cơ bản về tỷ giá (Chương 12),Bài kiểm tra 05: Các vấn đề cơ bản về tỷ giá (Chương 12),99.15,100.0,181,181,2025-11-21 12:18:20,122,0.0,0,90,90,4058,4058,100.0,14546,100.0,91,91,0,70353,70353,100.0,100.0,90,100.0,100.0,0,0,0,0,0,0,0,0,0.0,0.0,0.0,0.0,90.0,0,1,0,2026-03-23 10:33:23,,1
700,1440,course-v1:DHQG-HCM+FM101+2025_S2,audit,1,25.0,41.0,,0.0,81.22,Chương 12: Một số vấn đề cơ bản về tỷ giá,"Khái niệm, vai trò của tỉ giá và thị trường ngoại hối","Khái niệm, vai trò của tỉ giá và thị trường ngoại hối",81.2,81.22,147,181,2025-11-27 15:16:40,116,0.0,0,73,73,3362,3362,100.0,0,100.0,75,74,1,58357,58281,98.67,99.87,73,100.0,100.0,0,0,0,0,0,0,0,0,0.0,0.0,0.0,0.0,90.0,0,1,0,2026-03-23 10:33:23,,0
701,1441,course-v1:DHQG-HCM+FM101+2025_S2,audit,1,25.0,81.0,Pass,1.0,99.45,Tổng kết môn học,Tổng kết môn học,Tổng kết môn học,99.15,99.45,180,181,2025-11-26 00:31:26,117,0.0,0,89,73,3488,4008,86.98,244250,82.02,91,91,0,70353,70280,100.0,99.9,73,86.98,82.02,0,0,0,0,0,0,0,0,0.0,0.0,0.0,0.0,90.0,0,1,0,2026-03-23 10:33:23,,1
702,1443,course-v1:DHQG-HCM+FM101+2025_S2,audit,1,25.0,80.0,Pass,1.0,100.0,Tổng kết môn học,Tổng kết môn học,Tổng kết môn học,99.15,100.0,181,181,2025-11-22 09:07:57,121,0.0,0,90,90,4058,4058,100.0,414214,100.0,91,91,0,70353,70353,100.0,100.0,90,100.0,100.0,0,0,0,0,0,0,0,0,0.0,0.0,0.0,0.0,90.0,0,1,0,2026-03-23 10:33:23,,1
703,1444,course-v1:DHQG-HCM+FM101+2025_S2,audit,1,25.0,76.0,Pass,1.0,98.9,Tổng kết môn học,Tổng kết môn học,Tổng kết môn học,97.44,98.9,179,181,2025-11-15 16:12:46,128,0.0,0,89,89,4036,4036,100.0,67032,100.0,90,90,0,69510,69510,100.0,100.0,89,100.0,100.0,0,0,0,0,0,0,0,0,0.0,0.0,0.0,0.0,90.0,0,1,0,2026-03-23 10:33:23,,1
704,1446,course-v1:DHQG-HCM+FM101+2025_S2,audit,1,18.0,84.0,Pass,1.0,100.0,Chương 12: Một số vấn đề cơ bản về tỷ giá,Chế độ tỷ giá và chính sách tỷ giá,Chế độ tỷ giá và chính sách tỷ giá,99.15,100.0,181,181,2025-11-23 16:43:08,120,0.0,0,90,90,4058,4058,100.0,151484,100.0,91,91,0,70353,70353,100.0,100.0,90,100.0,100.0,0,0,0,0,0,0,0,0,0.0,0.0,0.0,0.0,90.0,0,1,0,2026-03-23 10:33:23,,1
705,1451,course-v1:DHQG-HCM+FM101+2025_S2,audit,1,25.0,50.0,Pass,1.0,60.22,Chương 9: Đo lường lãi suất,Slide bài giảng tóm tắt chương 9,Slide bài giảng tóm tắt chương 9,62.39,60.22,109,181,2025-11-25 03:04:28,118,0.0,0,54,54,2466,2466,100.0,10650,100.0,55,55,0,44334,44334,100.0,100.0,54,100.0,100.0,0,0,0,0,0,0,0,0,0.0,0.0,0.0,0.0,90.0,0,1,0,2026-03-23 10:33:23,,1
706,1452,course-v1:DHQG-HCM+FM101+2025_S2,audit,1,24.0,90.0,Pass,1.0,100.0,Bài kiểm tra 05: Các vấn đề cơ bản về tỷ giá (Chương 12),Bài kiểm tra 05: Các vấn đề cơ bản về tỷ giá (Chương 12),Bài kiểm tra 05: Các vấn đề cơ bản về tỷ giá (Chương 12),99.15,100.0,181,181,2025-11-23 12:57:49,120,0.0,0,90,90,4058,4058,100.0,222934,100.0,91,91,0,70353,70353,100.0,100.0,90,100.0,100.0,0,0,0,0,0,0,0,0,0.0,0.0,0.0,0.0,90.0,0,1,0,2026-03-23 10:33:23,,1
707,1453,course-v1:DHQG-HCM+FM101+2025_S2,audit,1,25.0,90.0,Pass,1.0,90.61,Chương 12: Một số vấn đề cơ bản về tỷ giá,Slide bài giảng tóm tắt chương 12,Slide bài giảng tóm tắt chương 12,97.44,90.61,164,181,2025-12-06 09:24:28,107,0.0,0,83,12,1098,3802,33.63,26852,14.46,85,81,4,65868,64778,95.29,98.35,12,33.63,14.46,0,0,0,0,0,0,0,0,0.0,0.0,0.0,0.0,90.0,0,1,0,2026-03-23 10:33:23,,1
708,1454,course-v1:DHQG-HCM+FM101+2025_S2,audit,1,25.0,9.0,,0.0,87.85,Tổng kết môn học,Tổng kết môn học,Tổng kết môn học,72.65,87.85,159,181,2025-11-18 20:02:37,125,0.0,0,79,79,3626,3626,100.0,0,100.0,80,80,0,61257,61257,100.0,100.0,79,100.0,100.0,0,0,0,0,0,0,0,0,0.0,0.0,0.0,0.0,90.0,0,1,0,2026-03-23 10:33:23,,0
709,1455,course-v1:DHQG-HCM+FM101+2025_S2,audit,1,25.0,85.0,Pass,1.0,73.48,Tổng kết môn học,Tổng kết môn học,Tổng kết môn học,74.36,73.48,133,181,2025-11-18 20:56:01,125,0.0,0,66,66,3066,3066,100.0,1326,100.0,67,67,0,52878,52878,100.0,100.0,66,100.0,100.0,0,0,0,0,0,0,0,0,0.0,0.0,0.0,0.0,90.0,0,1,0,2026-03-23 10:33:23,,1
710,1457,course-v1:DHQG-HCM+FM101+2025_S2,audit,1,23.0,42.0,,0.0,60.22,"Chương 8: Khái niệm, vai trò của lãi suất và giá trị thời gian của tiền",Giá trị thời gian của tiền,Giá trị thời gian của tiền,58.12,60.22,109,181,2025-11-21 07:56:09,122,0.0,0,54,54,2512,2512,100.0,132878,100.0,55,55,0,43916,43916,100.0,100.0,54,100.0,100.0,0,0,0,0,0,0,0,0,0.0,0.0,0.0,0.0,90.0,0,1,0,2026-03-23 10:33:23,,0
711,1458,course-v1:DHQG-HCM+FM101+2025_S2,audit,1,24.0,81.0,Pass,1.0,100.0,Bài kiểm tra 05: Các vấn đề cơ bản về tỷ giá (Chương 12),Bài kiểm tra 05: Các vấn đề cơ bản về tỷ giá (Chương 12),Bài kiểm tra 05: Các vấn đề cơ bản về tỷ giá (Chương 12),99.15,100.0,181,181,2025-11-23 05:26:20,120,0.0,0,90,90,4058,4058,100.0,221634,100.0,91,91,0,70353,70353,100.0,100.0,90,100.0,100.0,0,0,0,0,0,0,0,0,0.0,0.0,0.0,0.0,90.0,0,1,0,2026-03-23 10:33:23,,1
712,1459,course-v1:DHQG-HCM+FM101+2025_S2,audit,1,25.0,91.0,Pass,1.0,100.0,Bài kiểm tra 05: Các vấn đề cơ bản về tỷ giá (Chương 12),Bài kiểm tra 05: Các vấn đề cơ bản về tỷ giá (Chương 12),Bài kiểm tra 05: Các vấn đề cơ bản về tỷ giá (Chương 12),99.15,100.0,181,181,2025-11-12 16:13:26,131,0.0,0,90,90,4058,4058,100.0,0,100.0,91,91,0,70353,70353,100.0,100.0,90,100.0,100.0,0,0,0,0,0,0,0,0,0.0,0.0,0.0,0.0,90.0,0,1,0,2026-03-23 10:33:23,,1
713,1460,course-v1:DHQG-HCM+FM101+2025_S2,audit,1,25.0,88.0,Pass,1.0,77.9,Tổng kết môn học,Tổng kết môn học,Tổng kết môn học,77.78,77.9,141,181,2025-11-11 16:55:07,132,0.0,0,70,70,3214,3214,100.0,39192,100.0,71,71,0,55274,55274,100.0,100.0,70,100.0,100.0,0,0,0,0,0,0,0,0,0.0,0.0,0.0,0.0,90.0,0,1,0,2026-03-23 10:33:23,,1
714,1462,course-v1:DHQG-HCM+FM101+2025_S2,audit,1,25.0,79.0,Pass,1.0,100.0,Bài kiểm tra 05: Các vấn đề cơ bản về tỷ giá (Chương 12),Bài kiểm tra 05: Các vấn đề cơ bản về tỷ giá (Chương 12),Bài kiểm tra 05: Các vấn đề cơ bản về tỷ giá (Chương 12),99.15,100.0,181,181,2025-11-10 17:02:06,133,0.0,0,90,90,4058,4058,100.0,209752,100.0,91,91,0,70353,70353,100.0,100.0,90,100.0,100.0,0,0,0,0,0,0,0,0,0.0,0.0,0.0,0.0,90.0,0,1,0,2026-03-23 10:33:23,,1
715,1469,course-v1:DHQG-HCM+FM101+2025_S2,audit,1,25.0,87.0,Pass,1.0,63.54,Chương 9: Đo lường lãi suất,Tỷ suất lợi nhuận và Lợi suất đáo hạn,Tỷ suất lợi nhuận và Lợi suất đáo hạn,71.79,63.54,115,181,2025-11-25 22:47:53,118,0.0,0,57,20,1268,2558,53.51,62314,35.09,60,58,2,47660,46760,96.67,98.11,20,53.51,35.09,0,0,0,0,0,0,0,0,0.0,0.0,0.0,0.0,90.0,0,1,0,2026-03-23 10:33:23,,1
716,1474,course-v1:DHQG-HCM+FM101+2025_S2,audit,1,25.0,53.0,Pass,1.0,24.86,"Bài kiểm tra 03: Các định chế tài chính trung gian (Chương 6,7)","Bài kiểm tra 03: Các định chế tài chính trung gian (Chương 6,7)","Bài kiểm tra 03: Các định chế tài chính trung gian (Chương 6,7)",27.35,24.86,45,181,2025-10-29 23:19:17,145,0.0,0,22,22,988,988,100.0,5824,100.0,23,23,0,19509,19509,100.0,100.0,22,100.0,100.0,0,0,0,0,0,0,0,0,0.0,0.0,0.0,0.0,90.0,0,1,0,2026-03-23 10:33:23,,1
717,1476,course-v1:DHQG-HCM+FM101+2025_S2,audit,1,25.0,82.0,Pass,1.0,100.0,Bài kiểm tra 05: Các vấn đề cơ bản về tỷ giá (Chương 12),Bài kiểm tra 05: Các vấn đề cơ bản về tỷ giá (Chương 12),Bài kiểm tra 05: Các vấn đề cơ bản về tỷ giá (Chương 12),99.15,100.0,181,181,2025-11-21 09:37:11,122,0.0,0,90,90,4058,4058,100.0,339026,100.0,91,91,0,70353,70353,100.0,100.0,90,100.0,100.0,0,0,0,0,0,0,0,0,0.0,0.0,0.0,0.0,90.0,0,1,0,2026-03-23 10:33:23,,1
718,1485,course-v1:DHQG-HCM+FM101+2025_S2,audit,1,25.0,50.0,Pass,1.0,40.88,Chương 12: Một số vấn đề cơ bản về tỷ giá,Chế độ tỷ giá và chính sách tỷ giá,Chế độ tỷ giá và chính sách tỷ giá,96.58,40.88,74,181,2025-11-25 15:05:26,118,0.0,0,33,32,1454,1462,98.65,1026,96.97,54,41,13,43022,35873,75.93,83.38,32,98.65,96.97,0,0,0,0,0,0,0,0,0.0,0.0,0.0,0.0,90.0,0,1,0,2026-03-23 10:33:23,,1
719,1495,course-v1:DHQG-HCM+FM101+2025_S2,audit,1,25.0,86.0,Pass,1.0,100.0,Tổng kết môn học,Tổng kết môn học,Tổng kết môn học,99.15,100.0,181,181,2025-11-16 07:58:53,127,0.0,0,90,90,4058,4058,100.0,0,100.0,91,91,0,70353,70353,100.0,100.0,90,100.0,100.0,0,0,0,0,0,0,0,0,0.0,0.0,0.0,0.0,90.0,0,1,0,2026-03-23 10:33:23,,1
720,1499,course-v1:DHQG-HCM+FM101+2025_S2,audit,1,25.0,70.0,Pass,1.0,17.68,Chương 4: Cấu trúc thị trường tài chính,Tài chính trực tiếp và các điều kiện thực hiện giao dịch tài chính trực tiếp,Tài chính trực tiếp và các điều kiện thực hiện giao dịch tài chính trực tiếp,33.33,17.68,32,181,2025-11-26 09:34:01,117,0.0,0,16,13,522,672,84.89,908,81.25,16,16,0,13458,13424,100.0,99.75,13,84.89,81.25,0,0,0,0,0,0,0,0,0.0,0.0,0.0,0.0,90.0,0,1,0,2026-03-23 10:33:23,,1
721,1504,course-v1:DHQG-HCM+FM101+2025_S2,audit,1,25.0,7.0,,0.0,30.39,"Chương 8: Khái niệm, vai trò của lãi suất và giá trị thời gian của tiền",Khái niệm và vai trò của lãi suất,Khái niệm và vai trò của lãi suất,29.91,30.39,55,181,2025-11-20 08:12:42,123,0.0,0,27,27,1234,1234,100.0,41828,100.0,28,28,0,23962,23962,100.0,100.0,27,100.0,100.0,0,0,0,0,0,0,0,0,0.0,0.0,0.0,0.0,90.0,0,1,0,2026-03-23 10:33:23,,0
722,1505,course-v1:DHQG-HCM+FM101+2025_S2,audit,1,25.0,0.0,,0.0,13.26,"Chương 8: Khái niệm, vai trò của lãi suất và giá trị thời gian của tiền",Slide bài giảng tóm tắt chương 8,Slide bài giảng tóm tắt chương 8,18.8,13.26,24,181,2025-11-25 13:47:32,118,0.0,0,12,12,494,494,100.0,0,100.0,12,12,0,10130,10130,100.0,100.0,12,100.0,100.0,0,0,0,0,0,0,0,0,0.0,0.0,0.0,0.0,90.0,0,1,0,2026-03-23 10:33:23,,0
723,1506,course-v1:DHQG-HCM+FM101+2025_S2,audit,1,25.0,0.0,,0.0,3.31,Tổng kết môn học,Tổng kết môn học,Tổng kết môn học,15.38,3.31,6,181,2025-11-25 10:07:10,118,0.0,0,3,3,170,170,100.0,0,100.0,4,3,1,2982,2459,75.0,82.46,3,100.0,100.0,0,0,0,0,0,0,0,0,0.0,0.0,0.0,0.0,90.0,0,1,0,2026-03-23 10:33:23,,0
724,1507,course-v1:DHQG-HCM+FM101+2025_S2,audit,1,25.0,15.0,,0.0,13.81,"Bài kiểm tra 02: Tổng quan về hệ thống tài chính (Chương 3, 4, 5)","Bài kiểm tra 02: Tổng quan về hệ thống tài chính (Chương 3, 4, 5)","Bài kiểm tra 02: Tổng quan về hệ thống tài chính (Chương 3, 4, 5)",13.68,13.81,25,181,2025-10-15 13:49:14,159,0.0,0,12,12,522,522,100.0,0,100.0,13,13,0,11173,11173,100.0,100.0,12,100.0,100.0,0,0,0,0,0,0,0,0,0.0,0.0,0.0,0.0,90.0,0,1,0,2026-03-23 10:33:23,,0
725,1508,course-v1:DHQG-HCM+FM101+2025_S2,audit,1,25.0,8.0,,0.0,12.15,Chương 12: Một số vấn đề cơ bản về tỷ giá,Slide bài giảng tóm tắt chương 12,Slide bài giảng tóm tắt chương 12,23.08,12.15,22,181,2025-11-25 12:09:31,118,0.0,0,11,11,422,422,100.0,506,100.0,12,11,1,10163,9526,91.67,93.73,11,100.0,100.0,0,0,0,0,0,0,0,0,0.0,0.0,0.0,0.0,90.0,0,1,0,2026-03-23 10:33:23,,0
726,1509,course-v1:DHQG-HCM+FM101+2025_S2,audit,1,25.0,0.0,,0.0,9.94,Chương 2: Đại cương về tài chính,Các phát kiến trong tài chính,Các phát kiến trong tài chính,17.95,9.94,18,181,2025-11-12 09:31:54,131,0.0,0,9,9,348,348,100.0,14930,100.0,9,9,0,7538,7538,100.0,100.0,9,100.0,100.0,0,0,0,0,0,0,0,0,0.0,0.0,0.0,0.0,90.0,0,1,0,2026-03-23 10:33:23,,0
727,1510,course-v1:DHQG-HCM+FM101+2025_S2,audit,1,25.0,82.0,Pass,1.0,100.0,Tổng kết môn học,Tổng kết môn học,Tổng kết môn học,94.02,100.0,181,181,2025-11-18 03:04:25,125,0.0,0,90,90,4058,4058,100.0,0,100.0,91,91,0,70353,70353,100.0,100.0,90,100.0,100.0,0,0,0,0,0,0,0,0,0.0,0.0,0.0,0.0,90.0,0,1,0,2026-03-23 10:33:23,,1
728,1511,course-v1:DHQG-HCM+FM101+2025_S2,audit,1,25.0,83.0,Pass,1.0,100.0,Bài kiểm tra 05: Các vấn đề cơ bản về tỷ giá (Chương 12),Bài kiểm tra 05: Các vấn đề cơ bản về tỷ giá (Chương 12),Bài kiểm tra 05: Các vấn đề cơ bản về tỷ giá (Chương 12),99.15,100.0,181,181,2025-11-16 14:44:59,127,0.0,0,90,90,4058,4058,100.0,125790,100.0,91,91,0,70353,70353,100.0,100.0,90,100.0,100.0,0,0,0,0,0,0,0,0,0.0,0.0,0.0,0.0,90.0,0,1,0,2026-03-23 10:33:23,,1
729,1512,course-v1:DHQG-HCM+FM101+2025_S2,audit,1,25.0,0.0,,0.0,3.31,Chương 1: Đại cương về tiền tệ,Hình thái của Tiền,Hình thái của Tiền,3.42,3.31,6,181,2025-09-29 01:13:14,175,0.0,0,3,3,54,54,100.0,0,100.0,3,3,0,2600,2600,100.0,100.0,3,100.0,100.0,0,0,0,0,0,0,0,0,0.0,0.0,0.0,0.0,90.0,0,1,0,2026-03-23 10:33:23,,0
730,1513,course-v1:DHQG-HCM+FM101+2025_S2,audit,1,25.0,84.0,Pass,1.0,100.0,"Chương 11: Các yếu tố ảnh hưởng đến lãi suất, cấu trúc rủi ro và kỳ hạn của lãi suất",Slide bài giảng tóm tắt chương 11,Slide bài giảng tóm tắt chương 11,99.15,100.0,181,181,2025-11-21 03:49:37,122,0.0,0,90,90,4058,4058,100.0,139106,100.0,91,91,0,70353,70353,100.0,100.0,90,100.0,100.0,0,0,0,0,0,0,0,0,0.0,0.0,0.0,0.0,90.0,0,1,0,2026-03-23 10:33:23,,1
731,1514,course-v1:DHQG-HCM+FM101+2025_S2,audit,1,25.0,88.0,Pass,1.0,39.23,Chương 6: Chi phí giao dịch và thông tin bất cân xứng,Khái niệm và phân loại chi phí giao dịch,Khái niệm và phân loại chi phí giao dịch,44.44,39.23,71,181,2025-10-30 08:17:39,144,0.0,0,35,35,1614,1614,100.0,0,100.0,36,36,0,29912,29912,100.0,100.0,35,100.0,100.0,0,0,0,0,0,0,0,0,0.0,0.0,0.0,0.0,90.0,0,1,0,2026-03-23 10:33:23,,1
732,1515,course-v1:DHQG-HCM+FM101+2025_S2,audit,1,25.0,7.0,,0.0,22.65,Chương 12: Một số vấn đề cơ bản về tỷ giá,Slide bài giảng tóm tắt chương 12,Slide bài giảng tóm tắt chương 12,27.35,22.65,41,181,2025-11-25 09:34:36,118,0.0,0,20,20,844,844,100.0,0,100.0,21,21,0,17735,17735,100.0,100.0,20,100.0,100.0,0,0,0,0,0,0,0,0,0.0,0.0,0.0,0.0,90.0,0,1,0,2026-03-23 10:33:23,,0
733,1516,course-v1:DHQG-HCM+FM101+2025_S2,audit,1,24.0,0.0,,0.0,1.1,Chương 3: Chức năng của thị trường tài chính,Slide bài giảng tóm tắt chương 3,Slide bài giảng tóm tắt chương 3,3.42,1.1,2,181,2025-10-30 05:24:47,144,0.0,0,1,1,46,46,100.0,0,100.0,1,1,0,961,961,100.0,100.0,1,100.0,100.0,0,0,0,0,0,0,0,0,0.0,0.0,0.0,0.0,90.0,0,1,0,2026-03-23 10:33:23,,0
734,1517,course-v1:DHQG-HCM+FM101+2025_S2,audit,1,25.0,76.0,Pass,1.0,100.0,Bài kiểm tra 05: Các vấn đề cơ bản về tỷ giá (Chương 12),Bài kiểm tra 05: Các vấn đề cơ bản về tỷ giá (Chương 12),Bài kiểm tra 05: Các vấn đề cơ bản về tỷ giá (Chương 12),99.15,100.0,181,181,2025-11-23 18:20:10,120,0.0,0,90,90,4058,4058,100.0,168258,100.0,91,91,0,70353,70353,100.0,100.0,90,100.0,100.0,0,0,0,0,0,0,0,0,0.0,0.0,0.0,0.0,90.0,0,1,0,2026-03-23 10:33:23,,1
735,1518,course-v1:DHQG-HCM+FM101+2025_S2,audit,1,25.0,0.0,,0.0,7.73,Chương 1: Đại cương về tiền tệ,Cung tiền và Đo lường (cung) tiền,Cung tiền và Đo lường (cung) tiền,8.55,7.73,14,181,2025-10-02 07:48:55,172,0.0,0,7,7,234,234,100.0,0,100.0,7,7,0,5992,5992,100.0,100.0,7,100.0,100.0,0,0,0,0,0,0,0,0,0.0,0.0,0.0,0.0,90.0,0,1,0,2026-03-23 10:33:23,,0
736,1519,course-v1:DHQG-HCM+FM101+2025_S2,audit,1,25.0,8.0,,0.0,64.64,Chương 5: Các công cụ thị trường tài chính,Chứng chỉ tiền gửi (CDs),Chứng chỉ tiền gửi (CDs),70.09,64.64,117,181,2025-11-26 00:56:16,117,0.0,0,57,38,1912,2568,75.83,376972,66.67,63,60,3,48826,47906,95.24,98.12,38,75.83,66.67,0,0,0,0,0,0,0,0,0.0,0.0,0.0,0.0,90.0,0,1,0,2026-03-23 10:33:23,,0
737,1520,course-v1:DHQG-HCM+FM101+2025_S2,audit,1,25.0,0.0,,0.0,1.1,Giới thiệu,Giới thiệu môn học,Giới thiệu,1.71,1.1,2,181,2025-09-29 01:07:31,175,0.0,0,1,1,22,22,100.0,0,100.0,1,1,0,843,843,100.0,100.0,1,100.0,100.0,0,0,0,0,0,0,0,0,0.0,0.0,0.0,0.0,90.0,0,1,0,2026-03-23 10:33:23,,0
738,1521,course-v1:DHQG-HCM+FM101+2025_S2,audit,1,24.0,5.0,,0.0,32.6,Chương 5: Các công cụ thị trường tài chính,Tín phiếu kho bạc,Tín phiếu kho bạc,31.62,32.6,59,181,2025-10-14 02:24:59,160,0.0,0,29,29,1302,1302,100.0,0,100.0,30,30,0,25259,25259,100.0,100.0,29,100.0,100.0,0,0,0,0,0,0,0,0,0.0,0.0,0.0,0.0,90.0,0,1,0,2026-03-23 10:33:23,,0
739,1522,course-v1:DHQG-HCM+FM101+2025_S2,audit,1,25.0,28.0,,0.0,48.62,Chương 12: Một số vấn đề cơ bản về tỷ giá,Slide bài giảng tóm tắt chương 12,Slide bài giảng tóm tắt chương 12,57.26,48.62,88,181,2025-11-25 13:50:15,118,0.0,0,42,42,1864,1864,100.0,0,100.0,51,46,5,40951,40404,90.2,98.66,42,100.0,100.0,0,0,0,0,0,0,0,0,0.0,0.0,0.0,0.0,90.0,0,1,0,2026-03-23 10:33:23,,0
740,1526,course-v1:DHQG-HCM+FM101+2025_S2,audit,1,25.0,0.0,,0.0,8.84,Chương 3: Chức năng của thị trường tài chính,Slide bài giảng tóm tắt chương 3,Slide bài giảng tóm tắt chương 3,11.11,8.84,16,181,2025-10-03 02:58:55,171,0.0,0,8,8,280,280,100.0,0,100.0,8,8,0,6953,6953,100.0,100.0,8,100.0,100.0,0,0,0,0,0,0,0,0,0.0,0.0,0.0,0.0,90.0,0,1,0,2026-03-23 10:33:23,,0
741,1528,course-v1:DHQG-HCM+FM101+2025_S2,audit,1,25.0,82.0,Pass,1.0,100.0,Tổng kết môn học,Tổng kết môn học,Tổng kết môn học,99.15,100.0,181,181,2025-11-16 05:36:41,127,0.0,0,90,90,4058,4058,100.0,649346,100.0,91,91,0,70353,70353,100.0,100.0,90,100.0,100.0,0,0,0,0,0,0,0,0,0.0,0.0,0.0,0.0,90.0,0,1,0,2026-03-23 10:33:23,,1
742,1529,course-v1:DHQG-HCM+FM101+2025_S2,audit,1,20.0,6.0,,0.0,0.0,"Bài kiểm tra 03: Các định chế tài chính trung gian (Chương 6,7)","Bài kiểm tra 03: Các định chế tài chính trung gian (Chương 6,7)","Bài kiểm tra 03: Các định chế tài chính trung gian (Chương 6,7)",1.71,0.0,0,0,2025-11-02 19:42:50,141,0.0,0,0,0,0,0,0.0,0,0.0,0,0,0,0,0,0.0,0.0,0,0.0,0.0,0,0,0,0,0,0,0,0,0.0,0.0,0.0,0.0,50.0,0,0,0,2026-03-23 10:33:23,,0
743,1530,course-v1:DHQG-HCM+FM101+2025_S2,audit,1,20.0,32.0,,0.0,0.0,Bài kiểm tra 05: Các vấn đề cơ bản về tỷ giá (Chương 12),Bài kiểm tra 05: Các vấn đề cơ bản về tỷ giá (Chương 12),Bài kiểm tra 05: Các vấn đề cơ bản về tỷ giá (Chương 12),2.56,0.0,0,0,2025-11-02 19:50:27,141,0.0,0,0,0,0,0,0.0,0,0.0,0,0,0,0,0,0.0,0.0,0,0.0,0.0,0,0,0,0,0,0,0,0,0.0,0.0,0.0,0.0,50.0,0,0,0,2026-03-23 10:33:23,,0
744,1531,course-v1:DHQG-HCM+FM101+2025_S2,audit,1,24.0,86.0,Pass,1.0,100.0,Bài kiểm tra 05: Các vấn đề cơ bản về tỷ giá (Chương 12),Bài kiểm tra 05: Các vấn đề cơ bản về tỷ giá (Chương 12),Bài kiểm tra 05: Các vấn đề cơ bản về tỷ giá (Chương 12),99.15,100.0,181,181,2025-11-23 02:51:28,120,0.0,0,90,90,4058,4058,100.0,125068,100.0,91,91,0,70353,70353,100.0,100.0,90,100.0,100.0,0,0,0,1,0,1,0,0,0.0,0.0,0.0,1.0,90.0,0,1,0,2026-03-23 10:33:23,,1
745,1537,course-v1:DHQG-HCM+FM101+2025_S2,audit,1,20.0,30.0,,0.0,3.31,Chương 4: Cấu trúc thị trường tài chính,Thị trường sơ cấp và thị trường thứ cấp,Thị trường sơ cấp và thị trường thứ cấp,6.84,3.31,6,181,2025-11-04 18:35:18,139,0.0,0,3,3,220,220,100.0,0,100.0,3,3,0,2633,2633,100.0,100.0,3,100.0,100.0,0,0,0,0,0,0,0,0,0.0,0.0,0.0,0.0,90.0,0,1,0,2026-03-23 10:33:23,,0
746,1538,course-v1:DHQG-HCM+FM101+2025_S2,audit,1,21.0,77.0,Pass,1.0,100.0,Tổng kết môn học,Tổng kết môn học,Tổng kết môn học,99.15,100.0,181,181,2025-11-21 15:55:22,122,0.0,0,90,90,4058,4058,100.0,252108,100.0,91,91,0,70353,70353,100.0,100.0,90,100.0,100.0,0,0,0,0,0,0,0,0,0.0,0.0,0.0,0.0,90.0,0,1,0,2026-03-23 10:33:23,,1
747,1539,course-v1:DHQG-HCM+FM101+2025_S2,audit,1,23.0,84.0,Pass,1.0,100.0,Tổng kết môn học,Tổng kết môn học,Tổng kết môn học,99.15,100.0,181,181,2025-11-15 11:32:38,128,0.0,0,90,90,4058,4058,100.0,11040,100.0,91,91,0,70353,70353,100.0,100.0,90,100.0,100.0,0,0,0,70,37,107,1,2,0.0,0.0,0.0,107.0,90.0,0,1,0,2026-03-23 10:33:23,,1
748,1540,course-v1:DHQG-HCM+FM101+2025_S2,audit,1,23.0,78.0,Pass,1.0,100.0,Bài kiểm tra 05: Các vấn đề cơ bản về tỷ giá (Chương 12),Bài kiểm tra 05: Các vấn đề cơ bản về tỷ giá (Chương 12),Bài kiểm tra 05: Các vấn đề cơ bản về tỷ giá (Chương 12),99.15,100.0,181,181,2025-11-17 18:13:35,126,0.0,0,90,90,4058,4058,100.0,0,100.0,91,91,0,70353,70353,100.0,100.0,90,100.0,100.0,0,0,0,0,0,0,0,0,0.0,0.0,0.0,0.0,90.0,0,1,0,2026-03-23 10:33:23,,1
749,1541,course-v1:DHQG-HCM+FM101+2025_S2,audit,1,24.0,85.0,Pass,1.0,97.24,Chương 12: Một số vấn đề cơ bản về tỷ giá,Các nhân tố tác động đến tỉ giá,ngắn hạn,98.29,97.24,176,181,2025-11-25 15:14:28,118,0.0,0,86,86,3900,3900,100.0,42620,100.0,91,90,1,70353,70260,98.9,99.87,86,100.0,100.0,0,0,0,0,0,0,0,0,0.0,0.0,0.0,0.0,90.0,0,1,0,2026-03-23 10:33:23,,1
750,1542,course-v1:DHQG-HCM+FM101+2025_S2,audit,1,24.0,84.0,Pass,1.0,100.0,Bài kiểm tra 05: Các vấn đề cơ bản về tỷ giá (Chương 12),Bài kiểm tra 05: Các vấn đề cơ bản về tỷ giá (Chương 12),Bài kiểm tra 05: Các vấn đề cơ bản về tỷ giá (Chương 12),99.15,100.0,181,181,2025-11-09 10:39:05,134,0.0,0,90,90,4058,4058,100.0,69592,100.0,91,91,0,70353,70353,100.0,100.0,90,100.0,100.0,0,0,0,0,0,0,0,0,0.0,0.0,0.0,0.0,90.0,0,1,0,2026-03-23 10:33:23,,1
751,1543,course-v1:DHQG-HCM+FM101+2025_S2,audit,1,23.0,64.0,Pass,1.0,100.0,Bài kiểm tra 05: Các vấn đề cơ bản về tỷ giá (Chương 12),Bài kiểm tra 05: Các vấn đề cơ bản về tỷ giá (Chương 12),Bài kiểm tra 05: Các vấn đề cơ bản về tỷ giá (Chương 12),98.29,100.0,181,181,2025-11-24 08:27:36,119,0.0,0,90,90,4058,4058,100.0,212250,100.0,91,91,0,70353,70353,100.0,100.0,90,100.0,100.0,0,0,0,0,0,0,0,0,0.0,0.0,0.0,0.0,90.0,0,1,0,2026-03-23 10:33:23,,1
752,1544,course-v1:DHQG-HCM+FM101+2025_S2,audit,1,24.0,86.0,Pass,1.0,100.0,Tổng kết môn học,Tổng kết môn học,Tổng kết môn học,99.15,100.0,181,181,2025-11-17 18:28:56,126,0.0,0,90,90,4058,4058,100.0,0,100.0,91,91,0,70353,70353,100.0,100.0,90,100.0,100.0,0,0,0,0,0,0,0,0,0.0,0.0,0.0,0.0,90.0,0,1,0,2026-03-23 10:33:23,,1
753,1546,course-v1:DHQG-HCM+FM101+2025_S2,audit,1,23.0,85.0,Pass,1.0,100.0,Bài kiểm tra 05: Các vấn đề cơ bản về tỷ giá (Chương 12),Bài kiểm tra 05: Các vấn đề cơ bản về tỷ giá (Chương 12),Bài kiểm tra 05: Các vấn đề cơ bản về tỷ giá (Chương 12),99.15,100.0,181,181,2025-11-18 05:03:57,125,0.0,0,90,90,4058,4058,100.0,215012,100.0,91,91,0,70353,70353,100.0,100.0,90,100.0,100.0,0,0,0,0,0,0,0,0,0.0,0.0,0.0,0.0,90.0,0,1,0,2026-03-23 10:33:23,,1
754,1553,course-v1:DHQG-HCM+FM101+2025_S2,audit,1,24.0,92.0,Pass,1.0,38.12,Tổng kết môn học,Tổng kết môn học,Tổng kết môn học,81.2,38.12,69,181,2025-11-25 17:53:53,118,0.0,0,34,34,1496,1496,100.0,0,100.0,35,35,0,29274,29274,100.0,100.0,34,100.0,100.0,0,0,0,0,0,0,0,0,0.0,0.0,0.0,0.0,90.0,0,1,0,2026-03-23 10:33:23,,1
755,1556,course-v1:DHQG-HCM+FM101+2025_S2,audit,1,24.0,5.0,,0.0,28.18,Chương 5: Các công cụ thị trường tài chính,Trái phiếu,Trái phiếu (tiếp theo),26.5,28.18,51,181,2025-11-21 11:46:31,122,0.0,0,25,25,1142,1142,100.0,92744,100.0,26,26,0,22306,22306,100.0,100.0,25,100.0,100.0,0,0,0,0,0,0,0,0,0.0,0.0,0.0,0.0,90.0,0,1,0,2026-03-23 10:33:23,,0
756,1560,course-v1:DHQG-HCM+FM101+2025_S2,audit,1,24.0,85.0,Pass,1.0,32.6,"Bài kiểm tra 04_Các vấn đề cơ bản về lãi suất (Chương 8,9,10,11)","Bài kiểm tra 04_Các vấn đề cơ bản về lãi suất (Chương 8,9,10,11)","Bài kiểm tra 04_Các vấn đề cơ bản về lãi suất (Chương 8,9,10,11)",35.9,32.6,59,181,2025-11-24 10:52:46,119,0.0,0,29,29,1576,1576,100.0,0,100.0,30,30,0,24019,24019,100.0,100.0,29,100.0,100.0,0,0,0,0,0,0,0,0,0.0,0.0,0.0,0.0,90.0,0,1,0,2026-03-23 10:33:23,,1
757,1561,course-v1:DHQG-HCM+FM101+2025_S2,audit,1,24.0,78.0,Pass,1.0,100.0,Chương 9: Đo lường lãi suất,Bài tập_Hướng dẫn tính Lợi suất đáo hạn,Hướng dẫn tính lợi suất đáo hạn_Phần 2,99.15,100.0,181,181,2025-11-23 16:58:02,120,0.0,0,90,90,4058,4058,100.0,8636,100.0,91,91,0,70353,70353,100.0,100.0,90,100.0,100.0,0,0,0,0,0,0,0,0,0.0,0.0,0.0,0.0,90.0,0,1,0,2026-03-23 10:33:23,,1
758,1562,course-v1:DHQG-HCM+FM101+2025_S2,audit,1,24.0,0.0,,0.0,0.0,Chưa bắt đầu,N/A,N/A,0.0,0.0,0,0,,999,0.0,0,0,0,0,0,0.0,0,0.0,0,0,0,0,0,0.0,0.0,0,0.0,0.0,0,0,0,0,0,0,0,0,0.0,0.0,0.0,0.0,50.0,0,0,0,2026-03-23 10:33:23,,0
759,1563,course-v1:DHQG-HCM+FM101+2025_S2,audit,1,21.0,0.0,,0.0,1.1,Chương 2: Đại cương về tài chính,Khái niệm về tài chính,Khái niệm về tài chính,0.85,1.1,2,181,2025-10-26 05:51:52,148,0.0,0,1,1,46,46,100.0,0,100.0,1,1,0,961,961,100.0,100.0,1,100.0,100.0,0,0,0,0,0,0,0,0,0.0,0.0,0.0,0.0,90.0,0,1,0,2026-03-23 10:33:23,,0
760,1564,course-v1:DHQG-HCM+FM101+2025_S2,audit,1,24.0,85.0,Pass,1.0,38.12,Bài kiểm tra 05: Các vấn đề cơ bản về tỷ giá (Chương 12),Bài kiểm tra 05: Các vấn đề cơ bản về tỷ giá (Chương 12),Bài kiểm tra 05: Các vấn đề cơ bản về tỷ giá (Chương 12),48.72,38.12,69,181,2025-11-24 17:21:38,119,0.0,0,34,34,1496,1496,100.0,0,100.0,35,35,0,29274,29274,100.0,100.0,34,100.0,100.0,0,0,0,0,0,0,0,0,0.0,0.0,0.0,0.0,90.0,0,1,0,2026-03-23 10:33:23,,1
761,1565,course-v1:DHQG-HCM+FM101+2025_S2,audit,1,24.0,0.0,,0.0,5.52,Chương 1: Đại cương về tiền tệ,Phương thức thanh toán,Phương thức thanh toán,6.84,5.52,10,181,2025-10-26 12:12:08,148,0.0,0,5,5,168,168,100.0,424,100.0,5,5,0,4720,4720,100.0,100.0,5,100.0,100.0,0,0,0,0,0,0,0,0,0.0,0.0,0.0,0.0,90.0,0,1,0,2026-03-23 10:33:23,,0
762,1566,course-v1:DHQG-HCM+FM101+2025_S2,audit,1,24.0,0.0,,0.0,1.1,Chương 12: Một số vấn đề cơ bản về tỷ giá,Slide bài giảng tóm tắt chương 12,Slide bài giảng tóm tắt chương 12,12.82,1.1,2,181,2025-10-02 06:13:19,172,0.0,0,1,1,22,22,100.0,0,100.0,1,1,0,843,843,100.0,100.0,1,100.0,100.0,0,0,0,0,0,0,0,0,0.0,0.0,0.0,0.0,90.0,0,1,0,2026-03-23 10:33:23,,0
763,1567,course-v1:DHQG-HCM+FM101+2025_S2,audit,1,24.0,0.0,,0.0,1.1,Chương 2: Đại cương về tài chính,Slide bài giảng tóm tắt chương 2,Slide bài giảng tóm tắt chương 2,4.27,1.1,2,181,2025-10-02 06:09:58,172,0.0,0,1,1,22,22,100.0,0,100.0,1,1,0,843,843,100.0,100.0,1,100.0,100.0,0,0,0,0,0,0,0,0,0.0,0.0,0.0,0.0,90.0,0,1,0,2026-03-23 10:33:23,,0
764,1568,course-v1:DHQG-HCM+FM101+2025_S2,audit,1,24.0,7.0,,0.0,14.36,Chương 3: Chức năng của thị trường tài chính,Chức năng chuyển giao rủi ro gia tăng phúc lợi người tiêu dùng,Chức năng chuyển giao rủi ro gia tăng phúc lợi người tiêu dùng,13.68,14.36,26,181,2025-10-02 06:43:47,172,0.0,0,13,13,526,526,100.0,0,100.0,13,13,0,10753,10753,100.0,100.0,13,100.0,100.0,0,0,0,0,0,0,0,0,0.0,0.0,0.0,0.0,90.0,0,1,0,2026-03-23 10:33:23,,0
765,1570,course-v1:DHQG-HCM+FM101+2025_S2,audit,1,24.0,86.0,Pass,1.0,100.0,Bài kiểm tra 05: Các vấn đề cơ bản về tỷ giá (Chương 12),Bài kiểm tra 05: Các vấn đề cơ bản về tỷ giá (Chương 12),Bài kiểm tra 05: Các vấn đề cơ bản về tỷ giá (Chương 12),99.15,100.0,181,181,2025-11-15 13:38:51,128,0.0,0,90,90,4058,4058,100.0,147184,100.0,91,91,0,70353,70353,100.0,100.0,90,100.0,100.0,0,0,0,0,0,0,0,0,0.0,0.0,0.0,0.0,90.0,0,1,0,2026-03-23 10:33:23,,1
766,1571,course-v1:DHQG-HCM+FM101+2025_S2,audit,1,24.0,0.0,,0.0,0.0,Chưa bắt đầu,N/A,N/A,0.0,0.0,0,0,,999,0.0,0,0,0,0,0,0.0,0,0.0,0,0,0,0,0,0.0,0.0,0,0.0,0.0,0,0,0,0,0,0,0,0,0.0,0.0,0.0,0.0,50.0,0,0,0,2026-03-23 10:33:23,,0
767,1572,course-v1:DHQG-HCM+FM101+2025_S2,audit,1,24.0,31.0,,0.0,19.34,"Bài kiểm tra 02: Tổng quan về hệ thống tài chính (Chương 3, 4, 5)","Bài kiểm tra 02: Tổng quan về hệ thống tài chính (Chương 3, 4, 5)","Bài kiểm tra 02: Tổng quan về hệ thống tài chính (Chương 3, 4, 5)",23.08,19.34,35,181,2025-11-25 09:41:12,118,0.0,0,17,17,722,722,100.0,20164,100.0,19,18,1,16294,15304,94.74,93.92,17,100.0,100.0,0,0,0,0,0,0,0,0,0.0,0.0,0.0,0.0,90.0,0,1,0,2026-03-23 10:33:23,,0
768,1575,course-v1:DHQG-HCM+FM101+2025_S2,audit,1,24.0,37.0,,0.0,0.0,"Bài kiểm tra 02: Tổng quan về hệ thống tài chính (Chương 3, 4, 5)","Bài kiểm tra 02: Tổng quan về hệ thống tài chính (Chương 3, 4, 5)","Bài kiểm tra 02: Tổng quan về hệ thống tài chính (Chương 3, 4, 5)",1.71,0.0,0,0,2025-10-03 04:35:48,171,0.0,0,0,0,0,0,0.0,0,0.0,0,0,0,0,0,0.0,0.0,0,0.0,0.0,0,0,0,0,0,0,0,0,0.0,0.0,0.0,0.0,50.0,0,0,0,2026-03-23 10:33:23,,0
769,1578,course-v1:DHQG-HCM+FM101+2025_S2,audit,1,24.0,82.0,Pass,1.0,79.56,Chương 9: Đo lường lãi suất,Bài tập_Hướng dẫn tính Lợi suất đáo hạn,Hướng dẫn tính lợi suất đáo hạn_Phần 2,81.2,79.56,144,181,2025-11-26 18:12:34,117,0.0,0,72,41,2116,3292,67.09,4724,56.94,73,72,1,56901,56596,98.63,99.46,41,67.09,56.94,0,0,0,0,2,2,0,0,0.0,0.0,0.0,2.0,90.0,0,1,0,2026-03-23 10:33:23,,1
770,1579,course-v1:DHQG-HCM+FM101+2025_S2,audit,1,24.0,0.0,,0.0,0.0,Chưa bắt đầu,N/A,N/A,0.0,0.0,0,0,,999,0.0,0,0,0,0,0,0.0,0,0.0,0,0,0,0,0,0.0,0.0,0,0.0,0.0,0,0,0,0,0,0,0,0,0.0,0.0,0.0,0.0,50.0,0,0,0,2026-03-23 10:33:23,,0
771,1580,course-v1:DHQG-HCM+FM101+2025_S2,audit,1,24.0,88.0,Pass,1.0,100.0,Tổng kết môn học,Tổng kết môn học,Tổng kết môn học,99.15,100.0,181,181,2025-11-05 09:43:42,138,0.0,0,90,90,4058,4058,100.0,0,100.0,91,91,0,70353,70353,100.0,100.0,90,100.0,100.0,0,0,0,0,0,0,0,0,0.0,0.0,0.0,0.0,90.0,0,1,0,2026-03-23 10:33:23,,1
772,1583,course-v1:DHQG-HCM+FM101+2025_S2,audit,1,24.0,87.0,Pass,1.0,100.0,Bài kiểm tra 05: Các vấn đề cơ bản về tỷ giá (Chương 12),Bài kiểm tra 05: Các vấn đề cơ bản về tỷ giá (Chương 12),Bài kiểm tra 05: Các vấn đề cơ bản về tỷ giá (Chương 12),99.15,100.0,181,181,2025-11-07 19:27:42,136,0.0,0,90,90,4058,4058,100.0,2430,100.0,91,91,0,70353,70353,100.0,100.0,90,100.0,100.0,0,0,0,0,0,0,0,0,0.0,0.0,0.0,0.0,90.0,0,1,0,2026-03-23 10:33:23,,1
773,1585,course-v1:DHQG-HCM+FM101+2025_S2,audit,1,24.0,86.0,Pass,1.0,100.0,Bài kiểm tra 05: Các vấn đề cơ bản về tỷ giá (Chương 12),Bài kiểm tra 05: Các vấn đề cơ bản về tỷ giá (Chương 12),Bài kiểm tra 05: Các vấn đề cơ bản về tỷ giá (Chương 12),99.15,100.0,181,181,2025-11-23 14:48:37,120,0.0,0,90,90,4058,4058,100.0,99458,100.0,91,91,0,70353,70353,100.0,100.0,90,100.0,100.0,0,0,0,0,0,0,0,0,0.0,0.0,0.0,0.0,90.0,0,1,0,2026-03-23 10:33:23,,1
774,1586,course-v1:DHQG-HCM+FM101+2025_S2,audit,1,24.0,84.0,Pass,1.0,100.0,Tổng kết môn học,Tổng kết môn học,Tổng kết môn học,99.15,100.0,181,181,2025-10-18 08:45:42,156,0.0,0,90,90,4058,4058,100.0,0,100.0,91,91,0,70353,70353,100.0,100.0,90,100.0,100.0,0,0,0,0,0,0,0,0,0.0,0.0,0.0,0.0,90.0,0,1,0,2026-03-23 10:33:23,,1
775,1588,course-v1:DHQG-HCM+FM101+2025_S2,audit,1,24.0,76.0,Pass,1.0,98.9,Chương 5: Các công cụ thị trường tài chính,Slide bài giảng tóm tắt chương 5,Bài đọc mở rộng chương 5,96.58,98.9,179,181,2025-11-21 11:27:57,122,0.0,0,89,89,4036,4036,100.0,0,100.0,90,90,0,69510,69510,100.0,100.0,89,100.0,100.0,0,0,0,0,0,0,0,0,0.0,0.0,0.0,0.0,90.0,0,1,0,2026-03-23 10:33:23,,1
776,1589,course-v1:DHQG-HCM+FM101+2025_S2,audit,1,24.0,27.0,,0.0,83.98,"Chương 8: Khái niệm, vai trò của lãi suất và giá trị thời gian của tiền",Bài tập cơ bản về giá trị thời gian của tiền,Bài tập cơ bản về giá trị thời gian của tiền 2,80.34,83.98,152,181,2025-11-26 01:27:56,117,0.0,0,75,75,3472,3472,100.0,2780,100.0,77,77,0,60136,60126,100.0,99.98,75,100.0,100.0,0,0,0,0,0,0,0,0,0.0,0.0,0.0,0.0,90.0,0,1,0,2026-03-23 10:33:23,,0
777,1590,course-v1:DHQG-HCM+FM101+2025_S2,audit,1,24.0,79.0,Pass,1.0,100.0,"Chương 11: Các yếu tố ảnh hưởng đến lãi suất, cấu trúc rủi ro và kỳ hạn của lãi suất",Slide bài giảng tóm tắt chương 11,Slide bài giảng tóm tắt chương 11,99.15,100.0,181,181,2025-10-07 13:26:20,167,0.0,0,90,90,4058,4058,100.0,0,100.0,91,91,0,70353,70353,100.0,100.0,90,100.0,100.0,0,0,0,0,0,0,0,0,0.0,0.0,0.0,0.0,90.0,0,1,0,2026-03-23 10:33:23,,1
778,1594,course-v1:DHQG-HCM+FM101+2025_S2,audit,1,24.0,46.0,,0.0,82.87,Chương 12: Một số vấn đề cơ bản về tỷ giá,Cơ sở hình thành tỉ giá,"Quy luật một giá và thuyết ngang giá sức mua, ngang bằng lãi suất",89.74,82.87,150,181,2025-11-25 16:47:14,118,0.0,0,75,36,1936,3438,59.79,67126,48.0,77,75,2,60635,60228,97.4,99.33,36,59.79,48.0,0,0,0,0,0,0,0,0,0.0,0.0,0.0,0.0,90.0,0,1,0,2026-03-23 10:33:23,,0
779,1598,course-v1:DHQG-HCM+FM101+2025_S2,audit,1,24.0,9.0,,0.0,12.15,Chương 12: Một số vấn đề cơ bản về tỷ giá,Slide bài giảng tóm tắt chương 12,Slide bài giảng tóm tắt chương 12,22.22,12.15,22,181,2025-11-23 11:31:44,120,0.0,0,11,11,378,378,100.0,0,100.0,11,11,0,9205,9205,100.0,100.0,11,100.0,100.0,0,0,0,0,0,0,0,0,0.0,0.0,0.0,0.0,90.0,0,1,0,2026-03-23 10:33:23,,0
780,1599,course-v1:DHQG-HCM+FM101+2025_S2,audit,1,24.0,0.0,,0.0,1.66,Chương 12: Một số vấn đề cơ bản về tỷ giá,Cơ sở hình thành tỉ giá,"Quy luật một giá và thuyết ngang giá sức mua, ngang bằng lãi suất",3.42,1.66,3,181,2025-11-17 08:01:04,126,0.0,0,1,1,38,38,100.0,1898,100.0,2,2,0,1589,1589,100.0,100.0,1,100.0,100.0,0,0,0,0,0,0,0,0,0.0,0.0,0.0,0.0,90.0,0,1,0,2026-03-23 10:33:23,,0
781,1600,course-v1:DHQG-HCM+FM101+2025_S2,audit,1,24.0,80.0,Pass,1.0,100.0,Bài kiểm tra 05: Các vấn đề cơ bản về tỷ giá (Chương 12),Bài kiểm tra 05: Các vấn đề cơ bản về tỷ giá (Chương 12),Bài kiểm tra 05: Các vấn đề cơ bản về tỷ giá (Chương 12),99.15,100.0,181,181,2025-11-17 04:59:12,126,0.0,0,90,90,4058,4058,100.0,0,100.0,91,91,0,70353,70353,100.0,100.0,90,100.0,100.0,0,0,0,0,0,0,0,0,0.0,0.0,0.0,0.0,90.0,0,1,0,2026-03-23 10:33:23,,1
782,1602,course-v1:DHQG-HCM+FM101+2025_S2,audit,1,20.0,78.0,Pass,1.0,95.58,Chương 5: Các công cụ thị trường tài chính,Tín phiếu kho bạc,Tín phiếu kho bạc,99.15,95.58,173,181,2025-12-05 16:54:38,108,0.0,0,87,17,1338,3942,40.54,31696,19.54,89,86,3,68218,66810,96.63,97.94,17,40.54,19.54,0,0,0,0,0,0,0,0,0.0,0.0,0.0,0.0,90.0,0,1,0,2026-03-23 10:33:23,,1
783,1603,course-v1:DHQG-HCM+FM101+2025_S2,audit,1,23.0,0.0,,0.0,0.0,Chưa bắt đầu,N/A,N/A,0.0,0.0,0,0,,999,0.0,0,0,0,0,0,0.0,0,0.0,0,0,0,0,0,0.0,0.0,0,0.0,0.0,0,0,0,0,0,0,0,0,0.0,0.0,0.0,0.0,50.0,0,0,0,2026-03-23 10:33:23,,0
784,1604,course-v1:DHQG-HCM+FM101+2025_S2,audit,1,23.0,79.0,Pass,1.0,100.0,Tổng kết môn học,Tổng kết môn học,Tổng kết môn học,99.15,100.0,181,181,2025-11-15 10:10:28,128,0.0,0,90,90,4058,4058,100.0,315746,100.0,91,91,0,70353,70353,100.0,100.0,90,100.0,100.0,0,0,0,0,0,0,0,0,0.0,0.0,0.0,0.0,90.0,0,1,0,2026-03-23 10:33:23,,1
785,1605,course-v1:DHQG-HCM+FM101+2025_S2,audit,1,23.0,90.0,Pass,1.0,13.26,Chương 5: Các công cụ thị trường tài chính,Slide bài giảng tóm tắt chương 5,Slide bài giảng tóm tắt chương 5,21.37,13.26,24,181,2025-11-26 02:32:43,117,0.0,0,12,12,542,542,100.0,9904,100.0,13,12,1,10676,10591,92.31,99.2,12,100.0,100.0,0,0,0,0,0,0,0,0,0.0,0.0,0.0,0.0,90.0,0,1,0,2026-03-23 10:33:23,,1
786,1609,course-v1:DHQG-HCM+FM101+2025_S2,audit,1,23.0,0.0,,0.0,4.42,Chương 1: Đại cương về tiền tệ,Hình thái của Tiền,Hình thái của Tiền (tiếp theo),5.13,4.42,8,181,2025-10-08 07:18:02,166,0.0,0,4,4,92,92,100.0,0,100.0,4,4,0,3675,3675,100.0,100.0,4,100.0,100.0,0,0,0,0,0,0,0,0,0.0,0.0,0.0,0.0,90.0,0,1,0,2026-03-23 10:33:23,,0
787,1613,course-v1:DHQG-HCM+FM101+2025_S2,audit,1,23.0,87.0,Pass,1.0,100.0,Bài kiểm tra 05: Các vấn đề cơ bản về tỷ giá (Chương 12),Bài kiểm tra 05: Các vấn đề cơ bản về tỷ giá (Chương 12),Bài kiểm tra 05: Các vấn đề cơ bản về tỷ giá (Chương 12),99.15,100.0,181,181,2025-11-17 14:12:55,126,0.0,0,90,90,4058,4058,100.0,326686,100.0,91,91,0,70353,70353,100.0,100.0,90,100.0,100.0,0,0,0,0,0,0,0,0,0.0,0.0,0.0,0.0,90.0,0,1,0,2026-03-23 10:33:23,,1
788,1617,course-v1:DHQG-HCM+FM101+2025_S2,audit,1,23.0,7.0,,0.0,45.3,"Chương 11: Các yếu tố ảnh hưởng đến lãi suất, cấu trúc rủi ro và kỳ hạn của lãi suất",Lý thuyết khuôn mẫu ưa thích tính thanh khoản,Lý thuyết khuôn mẫu ưa thích tính thanh khoản (tiếp theo),47.01,45.3,82,181,2025-11-21 20:28:19,122,0.0,0,41,41,1872,1872,100.0,220392,100.0,41,41,0,31499,31499,100.0,100.0,41,100.0,100.0,0,0,0,0,0,0,0,0,0.0,0.0,0.0,0.0,90.0,0,1,0,2026-03-23 10:33:23,,0
789,1618,course-v1:DHQG-HCM+FM101+2025_S2,audit,1,23.0,10.0,,0.0,60.22,Chương 12: Một số vấn đề cơ bản về tỷ giá,Slide bài giảng tóm tắt chương 12,Slide bài giảng tóm tắt chương 12,63.25,60.22,109,181,2025-11-20 20:18:36,123,0.0,0,54,54,2466,2466,100.0,0,100.0,55,55,0,44334,44334,100.0,100.0,54,100.0,100.0,0,0,0,0,0,0,0,0,0.0,0.0,0.0,0.0,90.0,0,1,0,2026-03-23 10:33:23,,0
790,1619,course-v1:DHQG-HCM+FM101+2025_S2,audit,1,23.0,7.0,,0.0,29.83,Tổng kết môn học,Tổng kết môn học,Tổng kết môn học,39.32,29.83,54,181,2025-11-25 13:57:56,118,0.0,0,26,26,1158,1158,100.0,52924,100.0,28,28,0,23398,23384,100.0,99.94,26,100.0,100.0,0,0,0,0,0,0,0,0,0.0,0.0,0.0,0.0,90.0,0,1,0,2026-03-23 10:33:23,,0
791,1620,course-v1:DHQG-HCM+FM101+2025_S2,audit,1,23.0,79.0,Pass,1.0,100.0,Chương 12: Một số vấn đề cơ bản về tỷ giá,Chế độ tỷ giá và chính sách tỷ giá,Chế độ tỷ giá và chính sách tỷ giá,99.15,100.0,181,181,2025-11-22 10:59:07,121,0.0,0,90,90,4058,4058,100.0,0,100.0,91,91,0,70353,70353,100.0,100.0,90,100.0,100.0,0,0,0,0,0,0,0,0,0.0,0.0,0.0,0.0,90.0,0,1,0,2026-03-23 10:33:23,,1
792,1621,course-v1:DHQG-HCM+FM101+2025_S2,audit,1,23.0,88.0,Pass,1.0,100.0,Tổng kết môn học,Tổng kết môn học,Tổng kết môn học,99.15,100.0,181,181,2025-11-19 16:09:27,124,0.0,0,90,90,4058,4058,100.0,0,100.0,91,91,0,70353,70353,100.0,100.0,90,100.0,100.0,0,0,0,0,0,0,0,0,0.0,0.0,0.0,0.0,90.0,0,1,0,2026-03-23 10:33:23,,1
793,1626,course-v1:DHQG-HCM+FM101+2025_S2,audit,1,23.0,0.0,,0.0,0.0,Giới thiệu,Tổng quan khóa học,Tổng quan khóa học,0.85,0.0,0,0,2025-11-25 07:48:19,118,0.0,0,0,0,0,0,0.0,0,0.0,0,0,0,0,0,0.0,0.0,0,0.0,0.0,0,0,0,0,7,7,0,0,0.0,0.0,0.0,7.0,50.0,0,0,0,2026-03-23 10:33:23,,0
794,1632,course-v1:DHQG-HCM+FM101+2025_S2,audit,1,23.0,75.0,Pass,1.0,0.0,Bài kiểm tra 05: Các vấn đề cơ bản về tỷ giá (Chương 12),Bài kiểm tra 05: Các vấn đề cơ bản về tỷ giá (Chương 12),Bài kiểm tra 05: Các vấn đề cơ bản về tỷ giá (Chương 12),3.42,0.0,0,0,2025-10-10 18:06:40,164,0.0,0,0,0,0,0,0.0,0,0.0,0,0,0,0,0,0.0,0.0,0,0.0,0.0,0,0,0,0,0,0,0,0,0.0,0.0,0.0,0.0,50.0,0,0,0,2026-03-23 10:33:23,,1
795,1634,course-v1:DHQG-HCM+FM101+2025_S2,audit,1,23.0,80.0,Pass,1.0,5.52,"Chương 8: Khái niệm, vai trò của lãi suất và giá trị thời gian của tiền",Slide bài giảng tóm tắt chương 8,Slide bài giảng tóm tắt chương 8,14.53,5.52,10,181,2025-11-24 11:33:45,119,0.0,0,5,5,194,194,100.0,0,100.0,5,5,0,4131,4131,100.0,100.0,5,100.0,100.0,0,0,0,0,0,0,0,0,0.0,0.0,0.0,0.0,90.0,0,1,0,2026-03-23 10:33:23,,1
796,1635,course-v1:DHQG-HCM+FM101+2025_S2,audit,1,23.0,81.0,Pass,1.0,20.99,Chương 3: Chức năng của thị trường tài chính,Chủ thể tham gia thị trường tài chính,Chủ thể tham gia thị trường tài chính (tiếp theo),30.77,20.99,38,181,2025-11-23 11:16:27,120,0.0,0,19,19,868,868,100.0,1206,100.0,19,19,0,15461,15461,100.0,100.0,19,100.0,100.0,0,0,0,0,0,0,0,0,0.0,0.0,0.0,0.0,90.0,0,1,0,2026-03-23 10:33:23,,1
797,1636,course-v1:DHQG-HCM+FM101+2025_S2,audit,1,23.0,86.0,Pass,1.0,100.0,Giới thiệu,Đề cương MOOCS_Nguyên lý thị trường tài chính,Đề cương MOOCS_Nguyên lý thị trường tài chính,99.15,100.0,181,181,2025-11-23 11:47:07,120,0.0,0,90,90,4058,4058,100.0,481460,100.0,91,91,0,70353,70353,100.0,100.0,90,100.0,100.0,0,0,0,0,0,0,0,0,0.0,0.0,0.0,0.0,90.0,0,1,0,2026-03-23 10:33:23,,1
798,1639,course-v1:DHQG-HCM+FM101+2025_S2,audit,1,23.0,82.0,Pass,1.0,31.49,Chương 7: Các định chế tài chính trung gian,Slide bài giảng tóm tắt chương 7,Bài đọc mở rộng Chương 7,98.29,31.49,57,181,2025-11-24 15:50:13,119,0.0,0,28,9,570,1358,42.73,3230,32.14,76,29,47,58584,35873,38.16,61.23,9,42.73,32.14,0,0,0,0,0,0,0,0,0.0,0.0,0.0,0.0,90.0,0,1,0,2026-03-23 10:33:23,,1
799,1640,course-v1:DHQG-HCM+FM101+2025_S2,audit,1,21.0,84.0,Pass,1.0,100.0,Tổng kết môn học,Tổng kết môn học,Tổng kết môn học,99.15,100.0,181,181,2025-11-17 11:01:09,126,0.0,0,90,90,4058,4058,100.0,0,100.0,91,91,0,70353,70353,100.0,100.0,90,100.0,100.0,0,0,0,2,18,20,0,0,0.0,0.0,0.0,20.0,90.0,0,1,0,2026-03-23 10:33:23,,1
800,1643,course-v1:DHQG-HCM+FM101+2025_S2,audit,1,20.0,0.0,,0.0,9.94,Chương 2: Đại cương về tài chính,Các phát kiến trong tài chính,Các phát kiến trong tài chính,8.55,9.94,18,181,2025-10-29 06:27:30,145,0.0,0,9,9,348,348,100.0,0,100.0,9,9,0,7538,7538,100.0,100.0,9,100.0,100.0,0,0,0,0,0,0,0,0,0.0,0.0,0.0,0.0,90.0,0,1,0,2026-03-23 10:33:23,,0
801,1645,course-v1:DHQG-HCM+FM101+2025_S2,audit,1,23.0,0.0,,0.0,0.0,Chưa bắt đầu,N/A,N/A,0.0,0.0,0,0,,999,0.0,0,0,0,0,0,0.0,0,0.0,0,0,0,0,0,0.0,0.0,0,0.0,0.0,0,0,0,0,0,0,0,0,0.0,0.0,0.0,0.0,50.0,0,0,0,2026-03-23 10:33:23,,0
802,1646,course-v1:DHQG-HCM+FM101+2025_S2,audit,1,22.0,43.0,,0.0,0.0,"Bài kiểm tra 03: Các định chế tài chính trung gian (Chương 6,7)","Bài kiểm tra 03: Các định chế tài chính trung gian (Chương 6,7)","Bài kiểm tra 03: Các định chế tài chính trung gian (Chương 6,7)",2.56,0.0,0,0,2025-11-13 03:04:55,130,0.0,0,0,0,0,0,0.0,0,0.0,0,0,0,0,0,0.0,0.0,0,0.0,0.0,0,0,0,0,0,0,0,0,0.0,0.0,0.0,0.0,50.0,0,0,0,2026-03-23 10:33:23,,0
803,1650,course-v1:DHQG-HCM+FM101+2025_S2,audit,1,22.0,82.0,Pass,1.0,100.0,Tổng kết môn học,Tổng kết môn học,Tổng kết môn học,99.15,100.0,181,181,2025-11-10 15:43:20,133,0.0,0,90,90,4058,4058,100.0,96502,100.0,91,91,0,70353,70353,100.0,100.0,90,100.0,100.0,0,0,0,0,0,0,0,0,0.0,0.0,0.0,0.0,90.0,0,1,0,2026-03-23 10:33:23,,1
804,1652,course-v1:DHQG-HCM+FM101+2025_S2,audit,1,22.0,86.0,Pass,1.0,100.0,Chương 12: Một số vấn đề cơ bản về tỷ giá,Slide bài giảng tóm tắt chương 12,Slide bài giảng tóm tắt chương 12,99.15,100.0,181,181,2025-11-07 07:51:29,136,0.0,0,90,90,4058,4058,100.0,0,100.0,91,91,0,70353,70353,100.0,100.0,90,100.0,100.0,0,0,0,0,0,0,0,0,0.0,0.0,0.0,0.0,90.0,0,1,0,2026-03-23 10:33:23,,1
805,1653,course-v1:DHQG-HCM+FM101+2025_S2,audit,1,22.0,45.0,,0.0,38.12,"Bài kiểm tra 04_Các vấn đề cơ bản về lãi suất (Chương 8,9,10,11)","Bài kiểm tra 04_Các vấn đề cơ bản về lãi suất (Chương 8,9,10,11)","Bài kiểm tra 04_Các vấn đề cơ bản về lãi suất (Chương 8,9,10,11)",38.46,38.12,69,181,2025-11-25 15:31:50,118,0.0,0,34,34,1496,1496,100.0,0,100.0,35,35,0,29274,29274,100.0,100.0,34,100.0,100.0,0,0,0,1,4,5,0,0,0.0,0.0,0.0,5.0,90.0,0,1,0,2026-03-23 10:33:23,,0
806,1655,course-v1:DHQG-HCM+FM101+2025_S2,audit,1,22.0,9.0,,0.0,25.97,Chương 5: Các công cụ thị trường tài chính,Giới thiệu về công cụ thị trường vốn,Giới thiệu về công cụ thị trường vốn,25.64,25.97,47,181,2025-10-14 14:21:28,160,0.0,0,23,23,1048,1048,100.0,0,100.0,24,24,0,20590,20590,100.0,100.0,23,100.0,100.0,0,0,0,0,0,0,0,0,0.0,0.0,0.0,0.0,90.0,0,1,0,2026-03-23 10:33:23,,0
807,1658,course-v1:DHQG-HCM+FM101+2025_S2,audit,1,22.0,0.0,,0.0,0.0,Chưa bắt đầu,N/A,N/A,0.0,0.0,0,0,,999,0.0,0,0,0,0,0,0.0,0,0.0,0,0,0,0,0,0.0,0.0,0,0.0,0.0,0,0,0,0,0,0,0,0,0.0,0.0,0.0,0.0,50.0,0,0,0,2026-03-23 10:33:23,,0
808,1660,course-v1:DHQG-HCM+FM101+2025_S2,audit,1,19.0,23.0,,0.0,0.0,"Bài kiểm tra 02: Tổng quan về hệ thống tài chính (Chương 3, 4, 5)","Bài kiểm tra 02: Tổng quan về hệ thống tài chính (Chương 3, 4, 5)","Bài kiểm tra 02: Tổng quan về hệ thống tài chính (Chương 3, 4, 5)",0.85,0.0,0,0,2025-11-17 15:21:39,126,0.0,0,0,0,0,0,0.0,0,0.0,0,0,0,0,0,0.0,0.0,0,0.0,0.0,0,0,0,0,0,0,0,0,0.0,0.0,0.0,0.0,50.0,0,0,0,2026-03-23 10:33:23,,0
809,1661,course-v1:DHQG-HCM+FM101+2025_S2,audit,1,22.0,91.0,Pass,1.0,100.0,Bài kiểm tra 05: Các vấn đề cơ bản về tỷ giá (Chương 12),Bài kiểm tra 05: Các vấn đề cơ bản về tỷ giá (Chương 12),Bài kiểm tra 05: Các vấn đề cơ bản về tỷ giá (Chương 12),99.15,100.0,181,181,2025-11-17 03:45:35,126,0.0,0,90,90,4058,4058,100.0,179016,100.0,91,91,0,70353,70353,100.0,100.0,90,100.0,100.0,0,0,0,0,5,5,0,0,0.0,0.0,0.0,5.0,90.0,0,1,0,2026-03-23 10:33:23,,1
810,1662,course-v1:DHQG-HCM+FM101+2025_S2,audit,1,22.0,88.0,Pass,1.0,100.0,Bài kiểm tra 05: Các vấn đề cơ bản về tỷ giá (Chương 12),Bài kiểm tra 05: Các vấn đề cơ bản về tỷ giá (Chương 12),Bài kiểm tra 05: Các vấn đề cơ bản về tỷ giá (Chương 12),99.15,100.0,181,181,2025-11-17 07:51:56,126,0.0,0,90,90,4058,4058,100.0,103630,100.0,91,91,0,70353,70353,100.0,100.0,90,100.0,100.0,0,0,0,0,26,26,0,0,0.0,0.0,0.0,26.0,90.0,0,1,0,2026-03-23 10:33:23,,1
811,1673,course-v1:DHQG-HCM+FM101+2025_S2,audit,1,22.0,14.0,,0.0,0.0,"Bài kiểm tra 02: Tổng quan về hệ thống tài chính (Chương 3, 4, 5)","Bài kiểm tra 02: Tổng quan về hệ thống tài chính (Chương 3, 4, 5)","Bài kiểm tra 02: Tổng quan về hệ thống tài chính (Chương 3, 4, 5)",1.71,0.0,0,0,2025-10-15 08:23:55,159,0.0,0,0,0,0,0,0.0,0,0.0,0,0,0,0,0,0.0,0.0,0,0.0,0.0,0,0,0,0,0,0,0,0,0.0,0.0,0.0,0.0,50.0,0,0,0,2026-03-23 10:33:23,,0
812,1675,course-v1:DHQG-HCM+FM101+2025_S2,audit,1,21.0,86.0,Pass,1.0,88.95,Bài kiểm tra 05: Các vấn đề cơ bản về tỷ giá (Chương 12),Bài kiểm tra 05: Các vấn đề cơ bản về tỷ giá (Chương 12),Bài kiểm tra 05: Các vấn đề cơ bản về tỷ giá (Chương 12),88.03,88.95,161,181,2025-11-25 21:02:13,118,0.0,0,80,80,3614,3614,100.0,80374,100.0,81,81,0,63523,63523,100.0,100.0,80,100.0,100.0,0,0,0,0,0,0,0,0,0.0,0.0,0.0,0.0,90.0,0,1,0,2026-03-23 10:33:23,,1
813,1678,course-v1:DHQG-HCM+FM101+2025_S2,audit,1,22.0,94.0,Pass,1.0,100.0,Tổng kết môn học,Tổng kết môn học,Tổng kết môn học,99.15,100.0,181,181,2025-11-22 03:13:38,121,0.0,0,90,90,4058,4058,100.0,124658,100.0,91,91,0,70353,70353,100.0,100.0,90,100.0,100.0,0,0,0,0,0,0,0,0,0.0,0.0,0.0,0.0,90.0,0,1,0,2026-03-23 10:33:23,,1
814,1679,course-v1:DHQG-HCM+FM101+2025_S2,audit,1,22.0,74.0,Pass,1.0,100.0,Chương 6: Chi phí giao dịch và thông tin bất cân xứng,Slide bài giảng tóm tắt chương 6,Bài đọc mở rộng Chương 6,98.29,100.0,181,181,2025-11-24 18:04:25,119,0.0,0,90,90,4058,4058,100.0,348096,100.0,91,91,0,70353,70353,100.0,100.0,90,100.0,100.0,0,0,0,0,0,0,0,0,0.0,0.0,0.0,0.0,90.0,0,1,0,2026-03-23 10:33:23,,1
815,1680,course-v1:DHQG-HCM+FM101+2025_S2,audit,1,21.0,0.0,,0.0,0.0,Chưa bắt đầu,N/A,N/A,0.0,0.0,0,0,,999,0.0,0,0,0,0,0,0.0,0,0.0,0,0,0,0,0,0.0,0.0,0,0.0,0.0,0,0,0,0,0,0,0,0,0.0,0.0,0.0,0.0,50.0,0,0,0,2026-03-23 10:33:23,,0
816,1681,course-v1:DHQG-HCM+FM101+2025_S2,audit,1,22.0,80.0,Pass,1.0,100.0,"Bài kiểm tra 04_Các vấn đề cơ bản về lãi suất (Chương 8,9,10,11)","Bài kiểm tra 04_Các vấn đề cơ bản về lãi suất (Chương 8,9,10,11)","Bài kiểm tra 04_Các vấn đề cơ bản về lãi suất (Chương 8,9,10,11)",99.15,100.0,181,181,2025-11-19 11:36:09,124,0.0,0,90,90,4058,4058,100.0,0,100.0,91,91,0,70353,70353,100.0,100.0,90,100.0,100.0,0,0,0,0,0,0,0,0,0.0,0.0,0.0,0.0,90.0,0,1,0,2026-03-23 10:33:23,,1
817,1683,course-v1:DHQG-HCM+FM101+2025_S2,audit,1,22.0,0.0,,0.0,3.31,Giới thiệu,Giới thiệu môn học,Giới thiệu,3.42,3.31,6,181,2025-10-16 13:33:21,158,0.0,0,3,3,78,78,100.0,2248,100.0,3,3,0,2718,2718,100.0,100.0,3,100.0,100.0,0,0,0,0,0,0,0,0,0.0,0.0,0.0,0.0,90.0,0,1,0,2026-03-23 10:33:23,,0
818,1687,course-v1:DHQG-HCM+FM101+2025_S2,audit,1,22.0,87.0,Pass,1.0,100.0,Tổng kết môn học,Tổng kết môn học,Tổng kết môn học,96.58,100.0,181,181,2025-11-22 16:39:45,121,0.0,0,90,90,4058,4058,100.0,0,100.0,91,91,0,70353,70353,100.0,100.0,90,100.0,100.0,0,0,0,0,0,0,0,0,0.0,0.0,0.0,0.0,90.0,0,1,0,2026-03-23 10:33:23,,1
819,1689,course-v1:DHQG-HCM+FM101+2025_S2,audit,1,21.0,77.0,Pass,1.0,100.0,Tổng kết môn học,Tổng kết môn học,Tổng kết môn học,99.15,100.0,181,181,2025-11-23 17:51:55,120,0.0,0,90,90,4058,4058,100.0,34948,100.0,91,91,0,70353,70353,100.0,100.0,90,100.0,100.0,0,0,0,0,0,0,0,0,0.0,0.0,0.0,0.0,90.0,0,1,0,2026-03-23 10:33:23,,1
820,1695,course-v1:DHQG-HCM+FM101+2025_S2,audit,1,22.0,92.0,Pass,1.0,43.09,Chương 5: Các công cụ thị trường tài chính,Trái phiếu,Trái phiếu (tiếp theo),56.41,43.09,78,181,2025-11-25 23:53:06,118,0.0,0,36,18,856,1530,61.17,56636,50.0,45,42,3,35364,33164,93.33,93.78,18,61.17,50.0,0,0,0,0,0,0,0,0,0.0,0.0,0.0,0.0,90.0,0,1,0,2026-03-23 10:33:23,,1
821,1697,course-v1:DHQG-HCM+FM101+2025_S2,audit,1,22.0,6.0,,0.0,29.28,Chương 5: Các công cụ thị trường tài chính,Chứng chỉ tiền gửi (CDs),Chứng chỉ tiền gửi (CDs),26.5,29.28,53,181,2025-10-19 11:08:06,155,0.0,0,26,26,1214,1214,100.0,0,100.0,27,27,0,22466,22466,100.0,100.0,26,100.0,100.0,0,0,0,0,0,0,0,0,0.0,0.0,0.0,0.0,90.0,0,1,0,2026-03-23 10:33:23,,0
822,1739,course-v1:DHQG-HCM+FM101+2025_S2,audit,1,22.0,3.0,,0.0,0.0,"Bài kiểm tra 01_Tổng quan về tiền tệ và tài chính (Chương 1,2) ","Bài kiểm tra 01_Tổng quan về tiền tệ và tài chính (Chương 1,2) ","Bài kiểm tra 01_Tổng quan về tiền tệ và tài chính (Chương 1,2) ",0.85,0.0,0,0,2025-10-19 16:00:56,155,0.0,0,0,0,0,0,0.0,0,0.0,0,0,0,0,0,0.0,0.0,0,0.0,0.0,0,0,0,0,0,0,0,0,0.0,0.0,0.0,0.0,50.0,0,0,0,2026-03-23 10:33:23,,0
823,1747,course-v1:DHQG-HCM+FM101+2025_S2,audit,1,22.0,84.0,Pass,1.0,100.0,Chương 9: Đo lường lãi suất,Slide bài giảng tóm tắt chương 9,Bài đọc mở rộng Chương 9,99.15,100.0,181,181,2025-11-07 06:57:01,136,0.0,0,90,90,4058,4058,100.0,8490,100.0,91,91,0,70353,70353,100.0,100.0,90,100.0,100.0,0,0,0,0,0,0,0,0,0.0,0.0,0.0,0.0,90.0,0,1,0,2026-03-23 10:33:23,,1
824,1761,course-v1:DHQG-HCM+FM101+2025_S2,audit,1,21.0,75.0,Pass,1.0,100.0,Bài kiểm tra 05: Các vấn đề cơ bản về tỷ giá (Chương 12),Bài kiểm tra 05: Các vấn đề cơ bản về tỷ giá (Chương 12),Bài kiểm tra 05: Các vấn đề cơ bản về tỷ giá (Chương 12),99.15,100.0,181,181,2025-11-23 13:32:56,120,0.0,0,90,90,4058,4058,100.0,78654,100.0,91,91,0,70353,70353,100.0,100.0,90,100.0,100.0,0,0,0,0,0,0,0,0,0.0,0.0,0.0,0.0,90.0,0,1,0,2026-03-23 10:33:23,,1
825,1778,course-v1:DHQG-HCM+FM101+2025_S2,audit,1,21.0,7.0,,0.0,3.31,"Bài kiểm tra 01_Tổng quan về tiền tệ và tài chính (Chương 1,2) ","Bài kiểm tra 01_Tổng quan về tiền tệ và tài chính (Chương 1,2) ","Bài kiểm tra 01_Tổng quan về tiền tệ và tài chính (Chương 1,2) ",3.42,3.31,6,181,2025-10-22 03:32:22,152,0.0,0,3,3,86,86,100.0,0,100.0,3,3,0,2667,2667,100.0,100.0,3,100.0,100.0,0,0,0,0,0,0,0,0,0.0,0.0,0.0,0.0,90.0,0,1,0,2026-03-23 10:33:23,,0
826,1786,course-v1:DHQG-HCM+FM101+2025_S2,audit,1,21.0,81.0,Pass,1.0,100.0,Chương 3: Chức năng của thị trường tài chính,Slide bài giảng tóm tắt chương 3,Slide bài giảng tóm tắt chương 3,99.15,100.0,181,181,2025-11-17 14:38:46,126,0.0,0,90,90,4058,4058,100.0,145882,100.0,91,91,0,70353,70353,100.0,100.0,90,100.0,100.0,0,0,0,0,0,0,0,0,0.0,0.0,0.0,0.0,90.0,0,1,0,2026-03-23 10:33:23,,1
827,1792,course-v1:DHQG-HCM+FM101+2025_S2,audit,1,21.0,93.0,Pass,1.0,100.0,Bài kiểm tra 05: Các vấn đề cơ bản về tỷ giá (Chương 12),Bài kiểm tra 05: Các vấn đề cơ bản về tỷ giá (Chương 12),Bài kiểm tra 05: Các vấn đề cơ bản về tỷ giá (Chương 12),99.15,100.0,181,181,2025-11-21 18:17:43,122,0.0,0,90,90,4058,4058,100.0,233512,100.0,91,91,0,70353,70353,100.0,100.0,90,100.0,100.0,0,0,0,0,0,0,0,0,0.0,0.0,0.0,0.0,90.0,0,1,0,2026-03-23 10:33:23,,1
828,1802,course-v1:DHQG-HCM+FM101+2025_S2,audit,1,21.0,0.0,,0.0,1.1,Chương 1: Đại cương về tiền tệ,Khái niệm tiền và chức năng của tiền,Khái niệm tiền và chức năng của tiền,2.56,1.1,2,181,2025-10-23 13:13:22,151,0.0,0,1,1,10,10,100.0,0,100.0,1,1,0,914,914,100.0,100.0,1,100.0,100.0,0,0,0,0,0,0,0,0,0.0,0.0,0.0,0.0,90.0,0,1,0,2026-03-23 10:33:23,,0
829,1804,course-v1:DHQG-HCM+FM101+2025_S2,audit,1,21.0,0.0,,0.0,5.52,Chương 5: Các công cụ thị trường tài chính,Thương phiếu,Thương phiếu,4.27,5.52,10,181,2025-10-23 18:55:37,151,0.0,0,5,5,224,224,100.0,0,100.0,5,5,0,3910,3910,100.0,100.0,5,100.0,100.0,0,0,0,0,0,0,0,0,0.0,0.0,0.0,0.0,90.0,0,1,0,2026-03-23 10:33:23,,0
830,1808,course-v1:DHQG-HCM+FM101+2025_S2,audit,1,20.0,92.0,Pass,1.0,100.0,Tổng kết môn học,Tổng kết môn học,Tổng kết môn học,99.15,100.0,181,181,2025-11-22 12:17:29,121,0.0,0,90,90,4058,4058,100.0,670914,100.0,91,91,0,70353,70353,100.0,100.0,90,100.0,100.0,0,0,0,0,0,0,0,0,0.0,0.0,0.0,0.0,90.0,0,1,0,2026-03-23 10:33:23,,1
831,1809,course-v1:DHQG-HCM+FM101+2025_S2,audit,1,21.0,9.0,,0.0,6.63,Chương 10: Lý thuyết lượng cầu tài sản,Thanh khoản và tóm tắt lý thuyết lượng cầu tài sản,Thanh khoản và tóm tắt lý thuyết lượng cầu tài sản,29.91,6.63,12,181,2025-11-25 16:27:29,118,0.0,0,5,5,180,180,100.0,0,100.0,17,7,10,14781,13542,41.18,91.62,5,100.0,100.0,0,0,0,0,0,0,0,0,0.0,0.0,0.0,0.0,90.0,0,1,0,2026-03-23 10:33:23,,0
832,1814,course-v1:DHQG-HCM+FM101+2025_S2,audit,1,21.0,88.0,Pass,1.0,100.0,"Bài kiểm tra 03: Các định chế tài chính trung gian (Chương 6,7)","Bài kiểm tra 03: Các định chế tài chính trung gian (Chương 6,7)","Bài kiểm tra 03: Các định chế tài chính trung gian (Chương 6,7)",98.29,100.0,181,181,2025-11-25 09:23:26,118,0.0,0,90,90,4058,4058,100.0,41896,100.0,91,91,0,70353,70353,100.0,100.0,90,100.0,100.0,0,0,0,0,0,0,0,0,0.0,0.0,0.0,0.0,90.0,0,1,0,2026-03-23 10:33:23,,1
833,1816,course-v1:DHQG-HCM+FM101+2025_S2,audit,1,21.0,24.0,,0.0,58.56,Tổng kết môn học,Tổng kết môn học,Tổng kết môn học,77.78,58.56,106,181,2025-11-26 02:27:09,117,0.0,0,46,7,688,2194,37.46,61988,15.22,81,60,21,62526,57653,74.07,92.21,7,37.46,15.22,0,0,0,0,0,0,0,0,0.0,0.0,0.0,0.0,90.0,0,1,0,2026-03-23 10:33:23,,0
834,1824,course-v1:DHQG-HCM+FM101+2025_S2,audit,1,21.0,82.0,Pass,1.0,94.48,Giới thiệu,Tổng quan khóa học,Tổng quan khóa học,99.15,94.48,171,181,2025-11-24 16:23:09,119,0.0,0,83,30,1830,3778,52.78,18250,36.14,88,88,0,67791,67360,100.0,99.36,30,52.78,36.14,0,0,0,0,0,0,0,0,0.0,0.0,0.0,0.0,90.0,0,1,0,2026-03-23 10:33:23,,1
835,1827,course-v1:DHQG-HCM+FM101+2025_S2,audit,1,21.0,67.0,Pass,1.0,94.48,Bài kiểm tra 05: Các vấn đề cơ bản về tỷ giá (Chương 12),Bài kiểm tra 05: Các vấn đề cơ bản về tỷ giá (Chương 12),Bài kiểm tra 05: Các vấn đề cơ bản về tỷ giá (Chương 12),91.45,94.48,171,181,2025-11-25 18:09:11,118,0.0,0,85,85,3836,3836,100.0,0,100.0,86,86,0,66302,66302,100.0,100.0,85,100.0,100.0,0,0,0,0,0,0,0,0,0.0,0.0,0.0,0.0,90.0,0,1,0,2026-03-23 10:33:23,,1
836,1841,course-v1:DHQG-HCM+FM101+2025_S2,audit,1,17.0,87.0,Pass,1.0,100.0,Chương 9: Đo lường lãi suất,Bài tập_Hướng dẫn tính Lợi suất đáo hạn,Hướng dẫn tính lợi suất đáo hạn_Phần 2,99.15,100.0,181,181,2025-11-27 19:40:21,116,0.0,0,90,7,1112,4062,32.71,226716,7.78,91,91,0,70353,70338,100.0,99.98,7,32.71,7.78,0,0,0,0,0,0,0,0,0.0,0.0,0.0,0.0,90.0,0,1,0,2026-03-23 10:33:23,,1
837,1842,course-v1:DHQG-HCM+FM101+2025_S2,audit,1,20.0,87.0,Pass,1.0,100.0,Tổng kết môn học,Tổng kết môn học,Tổng kết môn học,99.15,100.0,181,181,2025-11-01 14:47:53,142,0.0,0,90,90,4058,4058,100.0,14976,100.0,91,91,0,70353,70353,100.0,100.0,90,100.0,100.0,0,0,0,0,0,0,0,0,0.0,0.0,0.0,0.0,90.0,0,1,0,2026-03-23 10:33:23,,1
838,1850,course-v1:DHQG-HCM+FM101+2025_S2,audit,1,20.0,93.0,Pass,1.0,98.9,Bài kiểm tra 05: Các vấn đề cơ bản về tỷ giá (Chương 12),Bài kiểm tra 05: Các vấn đề cơ bản về tỷ giá (Chương 12),Bài kiểm tra 05: Các vấn đề cơ bản về tỷ giá (Chương 12),98.29,98.9,179,181,2025-11-11 19:13:59,132,0.0,0,89,89,4008,4008,100.0,0,100.0,90,90,0,69606,69606,100.0,100.0,89,100.0,100.0,0,0,0,0,0,0,0,0,0.0,0.0,0.0,0.0,90.0,0,1,0,2026-03-23 10:33:23,,1
839,1854,course-v1:DHQG-HCM+FM101+2025_S2,audit,1,20.0,0.0,,0.0,1.1,Chương 3: Chức năng của thị trường tài chính,Slide bài giảng tóm tắt chương 3,Slide bài giảng tóm tắt chương 3,3.42,1.1,2,181,2025-10-29 10:45:26,145,0.0,0,1,1,46,46,100.0,0,100.0,1,1,0,961,961,100.0,100.0,1,100.0,100.0,0,0,0,0,0,0,0,0,0.0,0.0,0.0,0.0,90.0,0,1,0,2026-03-23 10:33:23,,0
840,1855,course-v1:DHQG-HCM+FM101+2025_S2,audit,1,20.0,74.0,Pass,1.0,100.0,Bài kiểm tra 05: Các vấn đề cơ bản về tỷ giá (Chương 12),Bài kiểm tra 05: Các vấn đề cơ bản về tỷ giá (Chương 12),Bài kiểm tra 05: Các vấn đề cơ bản về tỷ giá (Chương 12),99.15,100.0,181,181,2025-11-13 17:06:34,130,0.0,0,90,90,4058,4058,100.0,0,100.0,91,91,0,70353,70353,100.0,100.0,90,100.0,100.0,0,0,0,0,0,0,0,0,0.0,0.0,0.0,0.0,90.0,0,1,0,2026-03-23 10:33:23,,1
841,1859,course-v1:DHQG-HCM+FM101+2025_S2,audit,1,20.0,0.0,,0.0,11.6,Chương 4: Cấu trúc thị trường tài chính,Thị trường vốn và thị trường tiền tệ,Thị trường vốn và thị trường tiền tệ,11.11,11.6,21,181,2025-10-29 21:45:21,145,0.0,0,10,10,474,474,100.0,27774,100.0,11,11,0,9354,9354,100.0,100.0,10,100.0,100.0,0,0,0,0,0,0,0,0,0.0,0.0,0.0,0.0,90.0,0,1,0,2026-03-23 10:33:23,,0
842,1862,course-v1:DHQG-HCM+FM101+2025_S2,audit,1,20.0,10.0,,0.0,16.57,Chương 3: Chức năng của thị trường tài chính,Slide bài giảng tóm tắt chương 3,Bài đọc mở rộng Chương 3,17.09,16.57,30,181,2025-10-29 18:51:15,145,0.0,0,15,15,662,662,100.0,0,100.0,15,15,0,12612,12612,100.0,100.0,15,100.0,100.0,0,0,0,0,0,0,0,0,0.0,0.0,0.0,0.0,90.0,0,1,0,2026-03-23 10:33:23,,0
843,1864,course-v1:DHQG-HCM+FM101+2025_S2,audit,1,20.0,43.0,,0.0,0.0,"Bài kiểm tra 03: Các định chế tài chính trung gian (Chương 6,7)","Bài kiểm tra 03: Các định chế tài chính trung gian (Chương 6,7)","Bài kiểm tra 03: Các định chế tài chính trung gian (Chương 6,7)",1.71,0.0,0,0,2025-10-29 23:12:06,145,0.0,0,0,0,0,0,0.0,0,0.0,0,0,0,0,0,0.0,0.0,0,0.0,0.0,0,0,0,0,0,0,0,0,0.0,0.0,0.0,0.0,50.0,0,0,0,2026-03-23 10:33:23,,0
844,1865,course-v1:DHQG-HCM+FM101+2025_S2,audit,1,20.0,80.0,Pass,1.0,100.0,Giới thiệu,Giới thiệu môn học,Giới thiệu,99.15,100.0,181,181,2025-11-17 09:41:41,126,0.0,0,90,90,4058,4058,100.0,0,100.0,91,91,0,70353,70353,100.0,100.0,90,100.0,100.0,0,0,0,0,28,28,0,0,0.0,0.0,0.0,28.0,90.0,0,1,0,2026-03-23 10:33:23,,1
845,1866,course-v1:DHQG-HCM+FM101+2025_S2,audit,1,20.0,9.0,,0.0,30.94,"Chương 8: Khái niệm, vai trò của lãi suất và giá trị thời gian của tiền",Bài tập cơ bản về giá trị thời gian của tiền,Bài tập cơ bản về giá trị thời gian của tiền 1,47.01,30.94,56,181,2025-11-26 01:13:07,117,0.0,0,18,11,498,858,68.72,25738,61.11,39,38,1,31891,31579,97.44,99.02,11,68.72,61.11,0,0,0,0,0,0,0,0,0.0,0.0,0.0,0.0,90.0,0,1,0,2026-03-23 10:33:23,,0
846,1868,course-v1:DHQG-HCM+FM101+2025_S2,audit,1,19.0,67.0,Pass,1.0,100.0,"Bài kiểm tra 04_Các vấn đề cơ bản về lãi suất (Chương 8,9,10,11)","Bài kiểm tra 04_Các vấn đề cơ bản về lãi suất (Chương 8,9,10,11)","Bài kiểm tra 04_Các vấn đề cơ bản về lãi suất (Chương 8,9,10,11)",99.15,100.0,181,181,2025-11-23 10:24:53,120,0.0,0,90,90,4058,4058,100.0,0,100.0,91,91,0,70353,70353,100.0,100.0,90,100.0,100.0,0,0,0,0,0,0,0,0,0.0,0.0,0.0,0.0,90.0,0,1,0,2026-03-23 10:33:23,,1
847,1875,course-v1:DHQG-HCM+FM101+2025_S2,audit,1,20.0,7.0,,0.0,0.0,Bài kiểm tra 05: Các vấn đề cơ bản về tỷ giá (Chương 12),Bài kiểm tra 05: Các vấn đề cơ bản về tỷ giá (Chương 12),Bài kiểm tra 05: Các vấn đề cơ bản về tỷ giá (Chương 12),0.85,0.0,0,0,2025-10-31 17:10:08,143,0.0,0,0,0,0,0,0.0,0,0.0,0,0,0,0,0,0.0,0.0,0,0.0,0.0,0,0,0,0,0,0,0,0,0.0,0.0,0.0,0.0,50.0,0,0,0,2026-03-23 10:33:23,,0
848,1881,course-v1:DHQG-HCM+FM101+2025_S2,audit,1,20.0,0.0,,0.0,2.21,Chương 1: Đại cương về tiền tệ,Hình thái của Tiền,Hình thái của Tiền,1.71,2.21,4,181,2025-11-03 08:37:28,140,0.0,0,2,2,32,32,100.0,0,100.0,2,2,0,1757,1757,100.0,100.0,2,100.0,100.0,0,0,0,0,0,0,0,0,0.0,0.0,0.0,0.0,90.0,0,1,0,2026-03-23 10:33:23,,0
849,1884,course-v1:DHQG-HCM+FM101+2025_S2,audit,1,20.0,0.0,,0.0,2.21,Chương 1: Đại cương về tiền tệ,Hình thái của Tiền,Hình thái của Tiền,3.42,2.21,4,181,2025-11-02 13:43:57,141,0.0,0,2,2,32,32,100.0,0,100.0,2,2,0,1757,1757,100.0,100.0,2,100.0,100.0,0,0,0,0,0,0,0,0,0.0,0.0,0.0,0.0,90.0,0,1,0,2026-03-23 10:33:23,,0
850,1888,course-v1:DHQG-HCM+FM101+2025_S2,audit,1,20.0,79.0,Pass,1.0,93.37,Giới thiệu,Tổng quan khóa học,Tổng quan khóa học,99.15,93.37,169,181,2025-11-24 14:08:50,119,0.0,0,81,8,1140,3794,33.16,9304,9.88,91,86,5,70351,69686,94.51,99.05,8,33.16,9.88,0,0,0,0,0,0,0,0,0.0,0.0,0.0,0.0,90.0,0,1,0,2026-03-23 10:33:23,,1
851,1890,course-v1:DHQG-HCM+FM101+2025_S2,audit,1,20.0,85.0,Pass,1.0,100.0,Chương 6: Chi phí giao dịch và thông tin bất cân xứng,Slide bài giảng tóm tắt chương 6,Bài đọc mở rộng Chương 6,99.15,100.0,181,181,2025-11-06 17:58:08,137,0.0,0,90,90,4058,4058,100.0,0,100.0,91,91,0,70353,70353,100.0,100.0,90,100.0,100.0,0,0,0,0,0,0,0,0,0.0,0.0,0.0,0.0,90.0,0,1,0,2026-03-23 10:33:23,,1
852,1891,course-v1:DHQG-HCM+FM101+2025_S2,audit,1,20.0,87.0,Pass,1.0,100.0,Bài kiểm tra 05: Các vấn đề cơ bản về tỷ giá (Chương 12),Bài kiểm tra 05: Các vấn đề cơ bản về tỷ giá (Chương 12),Bài kiểm tra 05: Các vấn đề cơ bản về tỷ giá (Chương 12),99.15,100.0,181,181,2025-11-05 09:17:27,138,0.0,0,90,90,4058,4058,100.0,0,100.0,91,91,0,70353,70353,100.0,100.0,90,100.0,100.0,0,0,0,0,0,0,0,0,0.0,0.0,0.0,0.0,90.0,0,1,0,2026-03-23 10:33:23,,1
853,1893,course-v1:DHQG-HCM+FM101+2025_S2,audit,1,19.0,94.0,Pass,1.0,100.0,Chương 12: Một số vấn đề cơ bản về tỷ giá,Chế độ tỷ giá và chính sách tỷ giá,Chế độ tỷ giá và chính sách tỷ giá,99.15,100.0,181,181,2025-11-25 07:31:37,118,0.0,0,90,88,3984,4058,98.29,127552,97.78,91,91,0,70353,70348,100.0,99.99,88,98.29,97.78,0,0,0,0,0,0,0,0,0.0,0.0,0.0,0.0,90.0,0,1,0,2026-03-23 10:33:23,,1
854,1895,course-v1:DHQG-HCM+FM101+2025_S2,audit,1,19.0,86.0,Pass,1.0,63.54,Bài kiểm tra 05: Các vấn đề cơ bản về tỷ giá (Chương 12),Bài kiểm tra 05: Các vấn đề cơ bản về tỷ giá (Chương 12),Bài kiểm tra 05: Các vấn đề cơ bản về tỷ giá (Chương 12),70.09,63.54,115,181,2025-11-19 10:38:23,124,0.0,0,57,57,2634,2634,100.0,21020,100.0,58,58,0,46507,46507,100.0,100.0,57,100.0,100.0,0,0,0,0,0,0,0,0,0.0,0.0,0.0,0.0,90.0,0,1,0,2026-03-23 10:33:23,,1
855,1896,course-v1:DHQG-HCM+FM101+2025_S2,audit,1,19.0,83.0,Pass,1.0,100.0,Bài kiểm tra 05: Các vấn đề cơ bản về tỷ giá (Chương 12),Bài kiểm tra 05: Các vấn đề cơ bản về tỷ giá (Chương 12),Bài kiểm tra 05: Các vấn đề cơ bản về tỷ giá (Chương 12),99.15,100.0,181,181,2025-11-14 16:13:11,129,0.0,0,90,90,4058,4058,100.0,13852,100.0,91,91,0,70353,70353,100.0,100.0,90,100.0,100.0,0,0,0,13,0,13,0,8,0.0,0.0,0.0,13.0,90.0,0,1,0,2026-03-23 10:33:23,,1
856,1899,course-v1:DHQG-HCM+FM101+2025_S2,audit,1,19.0,85.0,Pass,1.0,100.0,Tổng kết môn học,Tổng kết môn học,Tổng kết môn học,99.15,100.0,181,181,2025-11-17 11:37:51,126,0.0,0,90,90,4058,4058,100.0,0,100.0,91,91,0,70353,70353,100.0,100.0,90,100.0,100.0,0,0,0,0,0,0,0,0,0.0,0.0,0.0,0.0,90.0,0,1,0,2026-03-23 10:33:23,,1
857,1900,course-v1:DHQG-HCM+FM101+2025_S2,audit,1,19.0,8.0,,0.0,2.21,"Bài kiểm tra 01_Tổng quan về tiền tệ và tài chính (Chương 1,2) ","Bài kiểm tra 01_Tổng quan về tiền tệ và tài chính (Chương 1,2) ","Bài kiểm tra 01_Tổng quan về tiền tệ và tài chính (Chương 1,2) ",2.56,2.21,4,181,2025-11-04 16:28:54,139,0.0,0,2,2,32,32,100.0,0,100.0,2,2,0,1757,1757,100.0,100.0,2,100.0,100.0,0,0,0,0,0,0,0,0,0.0,0.0,0.0,0.0,90.0,0,1,0,2026-03-23 10:33:23,,0
858,1906,course-v1:DHQG-HCM+FM101+2025_S2,audit,1,19.0,88.0,Pass,1.0,100.0,Chương 12: Một số vấn đề cơ bản về tỷ giá,Chế độ tỷ giá và chính sách tỷ giá,Chế độ tỷ giá và chính sách tỷ giá,99.15,100.0,181,181,2025-11-19 10:42:03,124,0.0,0,90,90,4058,4058,100.0,283696,100.0,91,91,0,70353,70353,100.0,100.0,90,100.0,100.0,0,0,0,0,0,0,0,0,0.0,0.0,0.0,0.0,90.0,0,1,0,2026-03-23 10:33:23,,1
859,1907,course-v1:DHQG-HCM+FM101+2025_S2,audit,1,19.0,86.0,Pass,1.0,60.22,Bài kiểm tra 05: Các vấn đề cơ bản về tỷ giá (Chương 12),Bài kiểm tra 05: Các vấn đề cơ bản về tỷ giá (Chương 12),Bài kiểm tra 05: Các vấn đề cơ bản về tỷ giá (Chương 12),63.25,60.22,109,181,2025-11-17 07:05:41,126,0.0,0,54,54,2466,2466,100.0,115132,100.0,55,55,0,44334,44334,100.0,100.0,54,100.0,100.0,0,0,0,0,0,0,0,0,0.0,0.0,0.0,0.0,90.0,0,1,0,2026-03-23 10:33:23,,1
860,1908,course-v1:DHQG-HCM+FM101+2025_S2,audit,1,19.0,84.0,Pass,1.0,58.01,"Chương 11: Các yếu tố ảnh hưởng đến lãi suất, cấu trúc rủi ro và kỳ hạn của lãi suất",Slide bài giảng tóm tắt chương 11,Slide bài giảng tóm tắt chương 11,76.92,58.01,105,181,2025-11-25 10:33:22,118,0.0,0,52,52,2360,2360,100.0,0,100.0,53,53,0,42904,42904,100.0,100.0,52,100.0,100.0,0,0,0,0,0,0,0,0,0.0,0.0,0.0,0.0,90.0,0,1,0,2026-03-23 10:33:23,,1
861,1912,course-v1:DHQG-HCM+FM101+2025_S2,audit,1,19.0,9.0,,0.0,0.0,"Bài kiểm tra 02: Tổng quan về hệ thống tài chính (Chương 3, 4, 5)","Bài kiểm tra 02: Tổng quan về hệ thống tài chính (Chương 3, 4, 5)","Bài kiểm tra 02: Tổng quan về hệ thống tài chính (Chương 3, 4, 5)",0.85,0.0,0,0,2025-11-04 18:45:10,139,0.0,0,0,0,0,0,0.0,0,0.0,0,0,0,0,0,0.0,0.0,0,0.0,0.0,0,0,0,0,0,0,0,0,0.0,0.0,0.0,0.0,50.0,0,0,0,2026-03-23 10:33:23,,0
862,1916,course-v1:DHQG-HCM+FM101+2025_S2,audit,1,19.0,0.0,,0.0,0.0,Chưa bắt đầu,N/A,N/A,0.0,0.0,0,0,,999,0.0,0,0,0,0,0,0.0,0,0.0,0,0,0,0,0,0.0,0.0,0,0.0,0.0,0,0,0,0,0,0,0,0,0.0,0.0,0.0,0.0,50.0,0,0,0,2026-03-23 10:33:23,,0
863,1917,course-v1:DHQG-HCM+FM101+2025_S2,audit,1,19.0,78.0,Pass,1.0,33.15,"Chương 11: Các yếu tố ảnh hưởng đến lãi suất, cấu trúc rủi ro và kỳ hạn của lãi suất",Lý thuyết khuôn mẫu ưa thích tính thanh khoản,Lý thuyết khuôn mẫu ưa thích tính thanh khoản,99.15,33.15,60,181,2025-11-24 10:20:56,119,0.0,0,27,27,1184,1184,100.0,96542,100.0,48,33,15,38948,30624,68.75,78.63,27,100.0,100.0,0,0,0,0,0,0,0,0,0.0,0.0,0.0,0.0,90.0,0,1,0,2026-03-23 10:33:23,,1
864,1918,course-v1:DHQG-HCM+FM101+2025_S2,audit,1,19.0,23.0,,0.0,2.21,Bài kiểm tra 05: Các vấn đề cơ bản về tỷ giá (Chương 12),Bài kiểm tra 05: Các vấn đề cơ bản về tỷ giá (Chương 12),Bài kiểm tra 05: Các vấn đề cơ bản về tỷ giá (Chương 12),3.42,2.21,4,181,2025-11-07 06:04:21,136,0.0,0,2,2,122,122,100.0,0,100.0,2,2,0,1316,1316,100.0,100.0,2,100.0,100.0,0,0,0,0,0,0,0,0,0.0,0.0,0.0,0.0,90.0,0,1,0,2026-03-23 10:33:23,,0
865,1919,course-v1:DHQG-HCM+FM101+2025_S2,audit,1,19.0,10.0,,0.0,0.0,Bài kiểm tra 05: Các vấn đề cơ bản về tỷ giá (Chương 12),Bài kiểm tra 05: Các vấn đề cơ bản về tỷ giá (Chương 12),Bài kiểm tra 05: Các vấn đề cơ bản về tỷ giá (Chương 12),0.85,0.0,0,0,2025-11-05 14:35:16,138,0.0,0,0,0,0,0,0.0,0,0.0,0,0,0,0,0,0.0,0.0,0,0.0,0.0,0,0,0,0,0,0,0,0,0.0,0.0,0.0,0.0,50.0,0,0,0,2026-03-23 10:33:23,,0
866,1920,course-v1:DHQG-HCM+FM101+2025_S2,audit,1,19.0,11.0,,0.0,0.0,Bài kiểm tra 05: Các vấn đề cơ bản về tỷ giá (Chương 12),Bài kiểm tra 05: Các vấn đề cơ bản về tỷ giá (Chương 12),Bài kiểm tra 05: Các vấn đề cơ bản về tỷ giá (Chương 12),0.85,0.0,0,0,2025-11-05 14:45:11,138,0.0,0,0,0,0,0,0.0,0,0.0,0,0,0,0,0,0.0,0.0,0,0.0,0.0,0,0,0,0,0,0,0,0,0.0,0.0,0.0,0.0,50.0,0,0,0,2026-03-23 10:33:23,,0
867,1922,course-v1:DHQG-HCM+FM101+2025_S2,audit,1,19.0,0.0,,0.0,0.0,Chưa bắt đầu,N/A,N/A,0.0,0.0,0,0,,999,0.0,0,0,0,0,0,0.0,0,0.0,0,0,0,0,0,0.0,0.0,0,0.0,0.0,0,0,0,0,0,0,0,0,0.0,0.0,0.0,0.0,50.0,0,0,0,2026-03-23 10:33:23,,0
868,1930,course-v1:DHQG-HCM+FM101+2025_S2,audit,1,19.0,0.0,,0.0,6.63,Chương 1: Đại cương về tiền tệ,Cung tiền và Đo lường (cung) tiền,Cung tiền và Đo lường (cung) tiền,5.13,6.63,12,181,2025-11-11 01:37:35,132,0.0,0,6,6,212,212,100.0,528,100.0,6,6,0,5150,5150,100.0,100.0,6,100.0,100.0,0,0,0,0,0,0,0,0,0.0,0.0,0.0,0.0,90.0,0,1,0,2026-03-23 10:33:23,,0
869,1933,course-v1:DHQG-HCM+FM101+2025_S2,audit,1,19.0,88.0,Pass,1.0,13.81,Chương 9: Đo lường lãi suất,Đo lường lãi suất_Lợi suất đáo hạn,Trái phiếu trả lãi định kỳ,62.39,13.81,25,181,2025-11-25 19:13:36,118,0.0,0,0,0,0,0,0.0,0,0.0,26,25,1,19338,18551,96.15,95.93,0,0.0,0.0,0,0,0,0,0,0,0,0,0.0,0.0,0.0,0.0,75.0,0,1,0,2026-03-23 10:33:23,,1
870,1934,course-v1:DHQG-HCM+FM101+2025_S2,audit,1,19.0,90.0,Pass,1.0,0.0,Bài kiểm tra 05: Các vấn đề cơ bản về tỷ giá (Chương 12),Bài kiểm tra 05: Các vấn đề cơ bản về tỷ giá (Chương 12),Bài kiểm tra 05: Các vấn đề cơ bản về tỷ giá (Chương 12),4.27,0.0,0,0,2025-11-23 07:24:16,120,0.0,0,0,0,0,0,0.0,0,0.0,0,0,0,0,0,0.0,0.0,0,0.0,0.0,0,0,0,0,0,0,0,0,0.0,0.0,0.0,0.0,50.0,0,0,0,2026-03-23 10:33:23,,1
871,1935,course-v1:DHQG-HCM+FM101+2025_S2,audit,1,19.0,91.0,Pass,1.0,100.0,Tổng kết môn học,Tổng kết môn học,Tổng kết môn học,99.15,100.0,181,181,2025-11-23 17:19:10,120,0.0,0,90,90,4058,4058,100.0,10260,100.0,91,91,0,70353,70353,100.0,100.0,90,100.0,100.0,0,0,0,0,0,0,0,0,0.0,0.0,0.0,0.0,90.0,0,1,0,2026-03-23 10:33:23,,1
872,1938,course-v1:DHQG-HCM+FM101+2025_S2,audit,1,18.0,62.0,Pass,1.0,0.0,Bài kiểm tra 05: Các vấn đề cơ bản về tỷ giá (Chương 12),Bài kiểm tra 05: Các vấn đề cơ bản về tỷ giá (Chương 12),Bài kiểm tra 05: Các vấn đề cơ bản về tỷ giá (Chương 12),2.56,0.0,0,0,2025-11-15 01:51:49,128,0.0,0,0,0,0,0,0.0,0,0.0,0,0,0,0,0,0.0,0.0,0,0.0,0.0,0,0,0,0,0,0,0,0,0.0,0.0,0.0,0.0,50.0,0,0,0,2026-03-23 10:33:23,,1
873,1939,course-v1:DHQG-HCM+FM101+2025_S2,audit,1,19.0,61.0,Pass,1.0,1.1,Chương 12: Một số vấn đề cơ bản về tỷ giá,"Khái niệm, vai trò của tỉ giá và thị trường ngoại hối","Khái niệm, vai trò của tỉ giá và thị trường ngoại hối",7.69,1.1,2,181,2025-11-08 18:16:14,135,0.0,0,1,1,70,70,100.0,0,100.0,1,1,0,616,616,100.0,100.0,1,100.0,100.0,0,0,0,0,0,0,0,0,0.0,0.0,0.0,0.0,90.0,0,1,0,2026-03-23 10:33:23,,1
874,1949,course-v1:DHQG-HCM+FM101+2025_S2,audit,1,19.0,83.0,Pass,1.0,83.43,Chương 10: Lý thuyết lượng cầu tài sản,Bài tập tình huống,"Thông tin, dự tính và ứng dụng lý thuyết lượng cầu tài sản",77.78,83.43,151,181,2025-11-20 17:16:15,123,0.0,0,75,75,3452,3452,100.0,11538,100.0,76,76,0,59403,59403,100.0,100.0,75,100.0,100.0,0,0,0,0,0,0,0,0,0.0,0.0,0.0,0.0,90.0,0,1,0,2026-03-23 10:33:23,,1
875,1950,course-v1:DHQG-HCM+FM101+2025_S2,audit,1,19.0,71.0,Pass,1.0,0.0,Bài kiểm tra 05: Các vấn đề cơ bản về tỷ giá (Chương 12),Bài kiểm tra 05: Các vấn đề cơ bản về tỷ giá (Chương 12),Bài kiểm tra 05: Các vấn đề cơ bản về tỷ giá (Chương 12),3.42,0.0,0,0,2025-11-21 21:52:43,122,0.0,0,0,0,0,0,0.0,0,0.0,0,0,0,0,0,0.0,0.0,0,0.0,0.0,0,0,0,0,0,0,0,0,0.0,0.0,0.0,0.0,50.0,0,0,0,2026-03-23 10:33:23,,1
876,1951,course-v1:DHQG-HCM+FM101+2025_S2,audit,1,18.0,20.0,,0.0,0.0,"Bài kiểm tra 03: Các định chế tài chính trung gian (Chương 6,7)","Bài kiểm tra 03: Các định chế tài chính trung gian (Chương 6,7)","Bài kiểm tra 03: Các định chế tài chính trung gian (Chương 6,7)",0.85,0.0,0,0,2025-11-15 06:02:31,128,0.0,0,0,0,0,0,0.0,0,0.0,0,0,0,0,0,0.0,0.0,0,0.0,0.0,0,0,0,0,0,0,0,0,0.0,0.0,0.0,0.0,50.0,0,0,0,2026-03-23 10:33:23,,0
877,1952,course-v1:DHQG-HCM+FM101+2025_S2,audit,1,19.0,85.0,Pass,1.0,100.0,Giới thiệu,Tổng quan khóa học,Tổng quan khóa học,99.15,100.0,181,181,2025-11-23 17:14:09,120,0.0,0,90,90,4058,4058,100.0,10086,100.0,91,91,0,70353,70353,100.0,100.0,90,100.0,100.0,0,0,0,0,0,0,0,0,0.0,0.0,0.0,0.0,90.0,0,1,0,2026-03-23 10:33:23,,1
878,1960,course-v1:DHQG-HCM+FM101+2025_S2,audit,1,19.0,0.0,,0.0,0.0,Chưa bắt đầu,N/A,N/A,0.0,0.0,0,0,,999,0.0,0,0,0,0,0,0.0,0,0.0,0,0,0,0,0,0.0,0.0,0,0.0,0.0,0,0,0,0,0,0,0,0,0.0,0.0,0.0,0.0,50.0,0,0,0,2026-03-23 10:33:23,,0
879,1961,course-v1:DHQG-HCM+FM101+2025_S2,audit,1,18.0,0.0,,0.0,1.1,Chương 3: Chức năng của thị trường tài chính,Khái niệm thị trường tài chính và các thành phần của thị trường tài chính,Khái niệm thị trường tài chính và các thành phần của thị trường tài chính,0.85,1.1,2,181,2025-11-11 01:57:45,132,0.0,0,1,1,54,54,100.0,0,100.0,1,1,0,910,910,100.0,100.0,1,100.0,100.0,0,0,0,0,0,0,0,0,0.0,0.0,0.0,0.0,90.0,0,1,0,2026-03-23 10:33:23,,0
880,1964,course-v1:DHQG-HCM+FM101+2025_S2,audit,1,18.0,23.0,,0.0,0.0,Bài kiểm tra 05: Các vấn đề cơ bản về tỷ giá (Chương 12),Bài kiểm tra 05: Các vấn đề cơ bản về tỷ giá (Chương 12),Bài kiểm tra 05: Các vấn đề cơ bản về tỷ giá (Chương 12),1.71,0.0,0,0,2025-11-11 10:54:12,132,0.0,0,0,0,0,0,0.0,0,0.0,0,0,0,0,0,0.0,0.0,0,0.0,0.0,0,0,0,0,0,0,0,0,0.0,0.0,0.0,0.0,50.0,0,0,0,2026-03-23 10:33:23,,0
881,1969,course-v1:DHQG-HCM+FM101+2025_S2,audit,1,18.0,93.0,Pass,1.0,1.1,Giới thiệu,Đề cương MOOCS_Nguyên lý thị trường tài chính,Đề cương MOOCS_Nguyên lý thị trường tài chính,6.84,1.1,2,181,2025-11-12 04:16:06,131,0.0,0,1,1,22,22,100.0,0,100.0,1,1,0,843,843,100.0,100.0,1,100.0,100.0,0,0,0,0,0,0,0,0,0.0,0.0,0.0,0.0,90.0,0,1,0,2026-03-23 10:33:23,,1
882,1970,course-v1:DHQG-HCM+FM101+2025_S2,audit,1,18.0,47.0,,0.0,0.0,"Bài kiểm tra 03: Các định chế tài chính trung gian (Chương 6,7)","Bài kiểm tra 03: Các định chế tài chính trung gian (Chương 6,7)","Bài kiểm tra 03: Các định chế tài chính trung gian (Chương 6,7)",1.71,0.0,0,0,2025-11-15 01:34:50,128,0.0,0,0,0,0,0,0.0,0,0.0,0,0,0,0,0,0.0,0.0,0,0.0,0.0,0,0,0,0,0,0,0,0,0.0,0.0,0.0,0.0,50.0,0,0,0,2026-03-23 10:33:23,,0
883,1976,course-v1:DHQG-HCM+FM101+2025_S2,audit,1,18.0,61.0,Pass,1.0,0.0,"Bài kiểm tra 02: Tổng quan về hệ thống tài chính (Chương 3, 4, 5)","Bài kiểm tra 02: Tổng quan về hệ thống tài chính (Chương 3, 4, 5)","Bài kiểm tra 02: Tổng quan về hệ thống tài chính (Chương 3, 4, 5)",3.42,0.0,0,0,2025-11-16 16:05:03,127,0.0,0,0,0,0,0,0.0,0,0.0,0,0,0,0,0,0.0,0.0,0,0.0,0.0,0,0,0,0,0,0,0,0,0.0,0.0,0.0,0.0,50.0,0,0,0,2026-03-23 10:33:23,,1
884,1977,course-v1:DHQG-HCM+FM101+2025_S2,audit,1,18.0,58.0,Pass,1.0,53.59,Chương 12: Một số vấn đề cơ bản về tỷ giá,Chế độ tỷ giá và chính sách tỷ giá,Chế độ tỷ giá và chính sách tỷ giá,53.85,53.59,97,181,2025-11-25 17:05:01,118,0.0,0,48,48,2202,2202,100.0,160438,100.0,56,49,7,43510,41366,87.5,95.07,48,100.0,100.0,0,0,0,0,0,0,0,0,0.0,0.0,0.0,0.0,90.0,0,1,0,2026-03-23 10:33:23,,1
885,1979,course-v1:DHQG-HCM+FM101+2025_S2,audit,1,18.0,67.0,Pass,1.0,0.0,"Bài kiểm tra 03: Các định chế tài chính trung gian (Chương 6,7)","Bài kiểm tra 03: Các định chế tài chính trung gian (Chương 6,7)","Bài kiểm tra 03: Các định chế tài chính trung gian (Chương 6,7)",3.42,0.0,0,0,2025-11-16 15:02:01,127,0.0,0,0,0,0,0,0.0,0,0.0,0,0,0,0,0,0.0,0.0,0,0.0,0.0,0,0,0,0,0,0,0,0,0.0,0.0,0.0,0.0,50.0,0,0,0,2026-03-23 10:33:23,,1
886,1980,course-v1:DHQG-HCM+FM101+2025_S2,audit,1,18.0,68.0,Pass,1.0,1.1,Bài kiểm tra 05: Các vấn đề cơ bản về tỷ giá (Chương 12),Bài kiểm tra 05: Các vấn đề cơ bản về tỷ giá (Chương 12),Bài kiểm tra 05: Các vấn đề cơ bản về tỷ giá (Chương 12),6.84,1.1,2,181,2025-11-17 10:10:05,126,0.0,0,1,1,118,118,100.0,0,100.0,1,1,0,638,638,100.0,100.0,1,100.0,100.0,0,0,0,0,0,0,0,0,0.0,0.0,0.0,0.0,90.0,0,1,0,2026-03-23 10:33:23,,1
887,1986,course-v1:DHQG-HCM+FM101+2025_S2,audit,1,18.0,76.0,Pass,1.0,0.0,"Bài kiểm tra 04_Các vấn đề cơ bản về lãi suất (Chương 8,9,10,11)","Bài kiểm tra 04_Các vấn đề cơ bản về lãi suất (Chương 8,9,10,11)","Bài kiểm tra 04_Các vấn đề cơ bản về lãi suất (Chương 8,9,10,11)",5.98,0.0,0,0,2025-11-25 01:33:03,118,0.0,0,0,0,0,0,0.0,0,0.0,0,0,0,0,0,0.0,0.0,0,0.0,0.0,0,0,0,0,0,0,0,0,0.0,0.0,0.0,0.0,50.0,0,0,0,2026-03-23 10:33:23,,1
888,1989,course-v1:DHQG-HCM+FM101+2025_S2,audit,1,18.0,75.0,Pass,1.0,77.9,Chương 9: Đo lường lãi suất,Đo lường lãi suất_Các thước đo khác của lãi suất,Lợi suất chiết khấu,78.63,77.9,141,181,2025-11-25 11:56:30,118,0.0,0,70,63,2998,3214,92.36,35146,90.0,71,71,0,55274,55213,100.0,99.89,63,92.36,90.0,0,0,0,0,0,0,0,0,0.0,0.0,0.0,0.0,90.0,0,1,0,2026-03-23 10:33:23,,1
889,1994,course-v1:DHQG-HCM+FM101+2025_S2,audit,1,18.0,78.0,Pass,1.0,2.21,Tổng kết môn học,Tổng kết môn học,Tổng kết môn học,5.98,2.21,4,181,2025-11-16 08:58:52,127,0.0,0,2,2,104,104,100.0,0,100.0,2,2,0,1617,1617,100.0,100.0,2,100.0,100.0,0,0,0,0,0,0,0,0,0.0,0.0,0.0,0.0,90.0,0,1,0,2026-03-23 10:33:23,,1
890,1995,course-v1:DHQG-HCM+FM101+2025_S2,audit,1,18.0,57.0,Pass,1.0,0.0,Bài kiểm tra 05: Các vấn đề cơ bản về tỷ giá (Chương 12),Bài kiểm tra 05: Các vấn đề cơ bản về tỷ giá (Chương 12),Bài kiểm tra 05: Các vấn đề cơ bản về tỷ giá (Chương 12),2.56,0.0,0,0,2025-11-16 08:48:47,127,0.0,0,0,0,0,0,0.0,0,0.0,0,0,0,0,0,0.0,0.0,0,0.0,0.0,0,0,0,0,0,0,0,0,0.0,0.0,0.0,0.0,50.0,0,0,0,2026-03-23 10:33:23,,1
891,1996,course-v1:DHQG-HCM+FM101+2025_S2,audit,1,18.0,75.0,Pass,1.0,100.0,Tổng kết môn học,Tổng kết môn học,Tổng kết môn học,99.15,100.0,181,181,2025-11-18 17:17:04,125,0.0,0,90,90,4058,4058,100.0,77016,100.0,91,91,0,70353,70353,100.0,100.0,90,100.0,100.0,0,0,0,0,0,0,0,0,0.0,0.0,0.0,0.0,90.0,0,1,0,2026-03-23 10:33:23,,1
892,1998,course-v1:DHQG-HCM+FM101+2025_S2,audit,1,18.0,29.0,,0.0,55.8,Chương 7: Các định chế tài chính trung gian,Tổ chức trung gian đầu tư,Tổ chức trung gian đầu tư,58.12,55.8,101,181,2025-11-26 09:28:21,117,0.0,0,50,37,1834,2272,81.47,43754,74.0,52,51,1,42295,42104,98.08,99.55,37,81.47,74.0,0,0,0,0,0,0,0,0,0.0,0.0,0.0,0.0,90.0,0,1,0,2026-03-23 10:33:23,,0
893,1999,course-v1:DHQG-HCM+FM101+2025_S2,audit,1,17.0,37.0,,0.0,0.0,"Bài kiểm tra 02: Tổng quan về hệ thống tài chính (Chương 3, 4, 5)","Bài kiểm tra 02: Tổng quan về hệ thống tài chính (Chương 3, 4, 5)","Bài kiểm tra 02: Tổng quan về hệ thống tài chính (Chương 3, 4, 5)",1.71,0.0,0,0,2025-11-17 15:24:11,126,0.0,0,0,0,0,0,0.0,0,0.0,0,0,0,0,0,0.0,0.0,0,0.0,0.0,0,0,0,0,0,0,0,0,0.0,0.0,0.0,0.0,50.0,0,0,0,2026-03-23 10:33:23,,0
894,2001,course-v1:DHQG-HCM+FM101+2025_S2,audit,1,18.0,14.0,,0.0,0.0,Bài kiểm tra 05: Các vấn đề cơ bản về tỷ giá (Chương 12),Bài kiểm tra 05: Các vấn đề cơ bản về tỷ giá (Chương 12),Bài kiểm tra 05: Các vấn đề cơ bản về tỷ giá (Chương 12),0.85,0.0,0,0,2025-11-17 03:42:01,126,0.0,0,0,0,0,0,0.0,0,0.0,0,0,0,0,0,0.0,0.0,0,0.0,0.0,0,0,0,0,0,0,0,0,0.0,0.0,0.0,0.0,50.0,0,0,0,2026-03-23 10:33:23,,0
895,2008,course-v1:DHQG-HCM+FM101+2025_S2,audit,1,18.0,7.0,,0.0,0.0,Bài kiểm tra 05: Các vấn đề cơ bản về tỷ giá (Chương 12),Bài kiểm tra 05: Các vấn đề cơ bản về tỷ giá (Chương 12),Bài kiểm tra 05: Các vấn đề cơ bản về tỷ giá (Chương 12),0.85,0.0,0,0,2025-11-17 10:27:51,126,0.0,0,0,0,0,0,0.0,0,0.0,0,0,0,0,0,0.0,0.0,0,0.0,0.0,0,0,0,0,0,0,0,0,0.0,0.0,0.0,0.0,50.0,0,0,0,2026-03-23 10:33:23,,0
896,2010,course-v1:DHQG-HCM+FM101+2025_S2,audit,1,17.0,22.0,,0.0,11.05,Chương 9: Đo lường lãi suất,Slide bài giảng tóm tắt chương 9,Bài đọc mở rộng Chương 9,29.91,11.05,20,181,2025-11-25 20:55:02,118,0.0,0,6,5,170,198,87.72,4128,83.33,21,14,7,16650,14600,66.67,87.69,5,87.72,83.33,0,0,0,0,0,0,0,0,0.0,0.0,0.0,0.0,90.0,0,1,0,2026-03-23 10:33:23,,0
897,2018,course-v1:DHQG-HCM+FM101+2025_S2,audit,1,17.0,53.0,Pass,1.0,60.22,"Bài kiểm tra 03: Các định chế tài chính trung gian (Chương 6,7)","Bài kiểm tra 03: Các định chế tài chính trung gian (Chương 6,7)","Bài kiểm tra 03: Các định chế tài chính trung gian (Chương 6,7)",59.83,60.22,109,181,2025-11-21 07:16:07,122,0.0,0,54,54,2466,2466,100.0,0,100.0,55,55,0,44334,44334,100.0,100.0,54,100.0,100.0,0,0,0,0,0,0,0,0,0.0,0.0,0.0,0.0,90.0,0,1,0,2026-03-23 10:33:23,,1
898,2022,course-v1:DHQG-HCM+FM101+2025_S2,audit,1,16.0,2.0,,0.0,2.21,"Bài kiểm tra 01_Tổng quan về tiền tệ và tài chính (Chương 1,2) ","Bài kiểm tra 01_Tổng quan về tiền tệ và tài chính (Chương 1,2) ","Bài kiểm tra 01_Tổng quan về tiền tệ và tài chính (Chương 1,2) ",15.38,2.21,4,181,2025-11-25 18:22:02,118,0.0,0,2,0,6,32,24.55,146,0.0,2,2,0,1757,1745,100.0,99.32,0,24.55,0.0,0,0,0,0,0,0,0,0,0.0,0.0,0.0,0.0,40.0,1,0,0,2026-03-23 10:33:23,,0
899,2025,course-v1:DHQG-HCM+FM101+2025_S2,audit,1,17.0,0.0,,,3.31,Chương 1: Đại cương về tiền tệ,Hình thái của Tiền,Hình thái của Tiền (tiếp theo),2.56,3.31,6,181,2025-11-18 16:41:15,125,0.0,0,3,3,70,70,100.0,0,100.0,3,3,0,2832,2832,100.0,100.0,3,100.0,100.0,0,0,0,0,0,0,0,0,0.0,0.0,0.0,0.0,90.0,0,1,0,2026-03-23 10:33:23,,0
900,2026,course-v1:DHQG-HCM+FM101+2025_S2,audit,1,17.0,5.0,,0.0,0.0,Bài kiểm tra 05: Các vấn đề cơ bản về tỷ giá (Chương 12),Bài kiểm tra 05: Các vấn đề cơ bản về tỷ giá (Chương 12),Bài kiểm tra 05: Các vấn đề cơ bản về tỷ giá (Chương 12),0.85,0.0,0,0,2025-11-18 20:48:15,125,0.0,0,0,0,0,0,0.0,0,0.0,0,0,0,0,0,0.0,0.0,0,0.0,0.0,0,0,0,0,0,0,0,0,0.0,0.0,0.0,0.0,50.0,0,0,0,2026-03-23 10:33:23,,0
901,2027,course-v1:DHQG-HCM+FM101+2025_S2,audit,1,17.0,20.0,,0.0,0.0,Bài kiểm tra 05: Các vấn đề cơ bản về tỷ giá (Chương 12),Bài kiểm tra 05: Các vấn đề cơ bản về tỷ giá (Chương 12),Bài kiểm tra 05: Các vấn đề cơ bản về tỷ giá (Chương 12),1.71,0.0,0,0,2025-11-24 11:10:29,119,0.0,0,0,0,0,0,0.0,0,0.0,0,0,0,0,0,0.0,0.0,0,0.0,0.0,0,0,0,0,0,0,0,0,0.0,0.0,0.0,0.0,50.0,0,0,0,2026-03-23 10:33:23,,0
902,2060,course-v1:DHQG-HCM+FM101+2025_S2,audit,1,17.0,81.0,Pass,1.0,100.0,Tổng kết môn học,Tổng kết môn học,Tổng kết môn học,99.15,100.0,181,181,2025-11-22 16:35:31,121,0.0,0,90,90,4058,4058,100.0,20250,100.0,91,91,0,70353,70353,100.0,100.0,90,100.0,100.0,0,0,0,0,0,0,0,0,0.0,0.0,0.0,0.0,90.0,0,1,0,2026-03-23 10:33:23,,1
903,2063,course-v1:DHQG-HCM+FM101+2025_S2,audit,1,17.0,9.0,,0.0,0.0,"Bài kiểm tra 04_Các vấn đề cơ bản về lãi suất (Chương 8,9,10,11)","Bài kiểm tra 04_Các vấn đề cơ bản về lãi suất (Chương 8,9,10,11)","Bài kiểm tra 04_Các vấn đề cơ bản về lãi suất (Chương 8,9,10,11)",0.85,0.0,0,0,2025-11-22 22:17:42,121,0.0,0,0,0,0,0,0.0,0,0.0,0,0,0,0,0,0.0,0.0,0,0.0,0.0,0,0,0,0,0,0,0,0,0.0,0.0,0.0,0.0,50.0,0,0,0,2026-03-23 10:33:23,,0
904,2064,course-v1:DHQG-HCM+FM101+2025_S2,audit,1,17.0,15.0,,0.0,0.0,Bài kiểm tra 05: Các vấn đề cơ bản về tỷ giá (Chương 12),Bài kiểm tra 05: Các vấn đề cơ bản về tỷ giá (Chương 12),Bài kiểm tra 05: Các vấn đề cơ bản về tỷ giá (Chương 12),1.71,0.0,0,0,2025-11-22 23:00:46,121,0.0,0,0,0,0,0,0.0,0,0.0,0,0,0,0,0,0.0,0.0,0,0.0,0.0,0,0,0,0,0,0,0,0,0.0,0.0,0.0,0.0,50.0,0,0,0,2026-03-23 10:33:23,,0
905,2065,course-v1:DHQG-HCM+FM101+2025_S2,audit,1,17.0,10.0,,0.0,0.0,"Bài kiểm tra 02: Tổng quan về hệ thống tài chính (Chương 3, 4, 5)","Bài kiểm tra 02: Tổng quan về hệ thống tài chính (Chương 3, 4, 5)","Bài kiểm tra 02: Tổng quan về hệ thống tài chính (Chương 3, 4, 5)",0.85,0.0,0,0,2025-11-22 22:32:38,121,0.0,0,0,0,0,0,0.0,0,0.0,0,0,0,0,0,0.0,0.0,0,0.0,0.0,0,0,0,0,0,0,0,0,0.0,0.0,0.0,0.0,50.0,0,0,0,2026-03-23 10:33:23,,0
906,2066,course-v1:DHQG-HCM+FM101+2025_S2,audit,1,17.0,7.0,,0.0,0.0,"Bài kiểm tra 04_Các vấn đề cơ bản về lãi suất (Chương 8,9,10,11)","Bài kiểm tra 04_Các vấn đề cơ bản về lãi suất (Chương 8,9,10,11)","Bài kiểm tra 04_Các vấn đề cơ bản về lãi suất (Chương 8,9,10,11)",1.71,0.0,0,0,2025-11-22 22:49:44,121,0.0,0,0,0,0,0,0.0,0,0.0,0,0,0,0,0,0.0,0.0,0,0.0,0.0,0,0,0,0,0,0,0,0,0.0,0.0,0.0,0.0,50.0,0,0,0,2026-03-23 10:33:23,,0
907,2070,course-v1:DHQG-HCM+FM101+2025_S2,audit,1,17.0,62.0,Pass,1.0,1.1,Bài kiểm tra 05: Các vấn đề cơ bản về tỷ giá (Chương 12),Bài kiểm tra 05: Các vấn đề cơ bản về tỷ giá (Chương 12),Bài kiểm tra 05: Các vấn đề cơ bản về tỷ giá (Chương 12),5.13,1.1,2,181,2025-11-25 14:44:10,118,0.0,0,1,1,54,54,100.0,0,100.0,1,1,0,910,910,100.0,100.0,1,100.0,100.0,0,0,0,0,0,0,0,0,0.0,0.0,0.0,0.0,90.0,0,1,0,2026-03-23 10:33:23,,1
908,2077,course-v1:DHQG-HCM+FM101+2025_S2,audit,1,16.0,0.0,,,0.0,Giới thiệu,Tổng quan khóa học,Tổng quan khóa học,0.85,0.0,0,0,2026-01-02 18:21:02,80,0.0,0,0,0,0,0,0.0,0,0.0,0,0,0,0,0,0.0,0.0,0,0.0,0.0,0,0,0,0,0,0,0,0,0.0,0.0,0.0,0.0,50.0,0,0,0,2026-03-23 10:33:23,,0
909,2078,course-v1:DHQG-HCM+FM101+2025_S2,audit,1,16.0,5.0,,0.0,17.68,"Chương 8: Khái niệm, vai trò của lãi suất và giá trị thời gian của tiền",Slide bài giảng tóm tắt chương 8,Slide bài giảng tóm tắt chương 8,21.37,17.68,32,181,2025-11-26 03:37:45,117,0.0,0,16,1,206,722,34.7,38054,6.25,16,16,0,13094,12994,100.0,99.24,1,34.7,6.25,0,0,0,0,0,0,0,0,0.0,0.0,0.0,0.0,60.0,0,0,0,2026-03-23 10:33:23,,0
910,2084,course-v1:DHQG-HCM+FM101+2025_S2,audit,1,16.0,5.0,,0.0,0.0,Tổng kết môn học,Tổng kết môn học,Tổng kết môn học,2.56,0.0,0,1,2025-11-25 16:30:51,118,0.0,0,0,0,0,0,0.0,0,0.0,1,0,1,747,525,0.0,70.28,0,0.0,0.0,0,0,0,0,0,0,0,0,0.0,0.0,0.0,0.0,50.0,0,0,0,2026-03-23 10:33:23,,0
911,2085,course-v1:DHQG-HCM+FM101+2025_S2,audit,1,16.0,6.0,,0.0,0.0,"Bài kiểm tra 01_Tổng quan về tiền tệ và tài chính (Chương 1,2) ","Bài kiểm tra 01_Tổng quan về tiền tệ và tài chính (Chương 1,2) ","Bài kiểm tra 01_Tổng quan về tiền tệ và tài chính (Chương 1,2) ",0.85,0.0,0,0,2025-11-25 12:59:21,118,0.0,0,0,0,0,0,0.0,0,0.0,0,0,0,0,0,0.0,0.0,0,0.0,0.0,0,0,0,0,0,0,0,0,0.0,0.0,0.0,0.0,50.0,0,0,0,2026-03-23 10:33:23,,0
912,2086,course-v1:DHQG-HCM+FM101+2025_S2,audit,1,16.0,0.0,,,0.0,"Chương 11: Các yếu tố ảnh hưởng đến lãi suất, cấu trúc rủi ro và kỳ hạn của lãi suất",Slide bài giảng tóm tắt chương 11,Slide bài giảng tóm tắt chương 11,0.85,0.0,0,0,2025-11-25 19:37:37,118,0.0,0,0,0,0,0,0.0,0,0.0,0,0,0,0,0,0.0,0.0,0,0.0,0.0,0,0,0,0,0,0,0,0,0.0,0.0,0.0,0.0,50.0,0,0,0,2026-03-23 10:33:23,,0
913,2110,course-v1:DHQG-HCM+FM101+2025_S2,audit,1,16.0,0.0,,,0.0,Chương 2: Đại cương về tài chính,Tại sao cần học tài chính?,Tại sao cần học tài chính?,7.69,0.0,0,0,2025-12-05 05:06:51,108,0.0,0,0,0,0,0,0.0,0,0.0,0,0,0,0,0,0.0,0.0,0,0.0,0.0,0,0,0,0,0,0,0,0,0.0,0.0,0.0,0.0,50.0,0,0,0,2026-03-23 10:33:23,,0
914,2111,course-v1:DHQG-HCM+FM101+2025_S2,audit,1,16.0,0.0,,,0.0,"Chương 8: Khái niệm, vai trò của lãi suất và giá trị thời gian của tiền",Phương trình Fisher,Phương trình Fisher,2.56,0.0,0,1,2025-12-01 09:23:33,112,0.0,0,0,0,0,0,0.0,0,0.0,1,0,1,843,750,0.0,88.97,0,0.0,0.0,0,0,0,0,0,0,0,0,0.0,0.0,0.0,0.0,50.0,0,0,0,2026-03-23 10:33:23,,0
915,2125,course-v1:DHQG-HCM+FM101+2025_S2,audit,1,15.0,0.0,,,1.1,Chương 1: Đại cương về tiền tệ,Hình thái của Tiền,Hình thái của Tiền,3.42,1.1,2,181,2025-12-08 17:46:31,105,0.0,0,1,1,10,12,83.33,1010,100.0,1,1,0,914,912,100.0,99.78,1,83.33,100.0,0,0,0,0,0,0,0,0,0.0,0.0,0.0,0.0,75.0,0,1,0,2026-03-23 10:33:23,,0
916,2135,course-v1:DHQG-HCM+FM101+2025_S2,audit,1,14.0,0.0,,,0.0,Chương 1: Đại cương về tiền tệ,Case study về Phương thức thanh toán,Case study về Phương thức thanh toán,2.56,0.0,0,2,2025-12-09 14:42:21,104,0.0,0,0,0,0,0,0.0,0,0.0,2,0,2,1521,267,0.0,17.55,0,0.0,0.0,0,0,0,0,0,0,0,0,0.0,0.0,0.0,0.0,50.0,0,0,0,2026-03-23 10:33:23,,0
917,2137,course-v1:DHQG-HCM+FM101+2025_S2,audit,1,15.0,0.0,,,0.0,Giới thiệu,Giới thiệu môn học,Giới thiệu,3.42,0.0,0,0,2025-12-11 04:04:07,102,0.0,0,0,0,0,0,0.0,0,0.0,0,0,0,0,0,0.0,0.0,0,0.0,0.0,0,0,0,0,0,0,0,0,0.0,0.0,0.0,0.0,50.0,0,0,0,2026-03-23 10:33:23,,0
918,2149,course-v1:DHQG-HCM+FM101+2025_S2,audit,1,14.0,32.0,,0.0,22.65,Chương 5: Các công cụ thị trường tài chính,Giới thiệu về công cụ thị trường vốn,Giới thiệu về công cụ thị trường vốn,33.33,25.41,41,181,2026-01-11 18:39:59,54,0.0,0,21,2,230,823,34.34,79196,9.52,27,25,2,23148,22145,92.59,95.67,2,34.34,9.52,0,0,0,0,0,0,0,0,0.0,0.0,0.0,0.0,60.0,0,0,0,2026-03-23 10:33:23,,0
919,2154,course-v1:DHQG-HCM+FM101+2025_S2,audit,1,14.0,0.0,,,1.1,"Chương 8: Khái niệm, vai trò của lãi suất và giá trị thời gian của tiền",Phương trình Fisher,Phương trình Fisher,4.27,1.1,2,181,2025-12-15 07:13:50,98,0.0,0,0,0,0,0,0.0,0,0.0,4,2,2,3330,2240,50.0,67.27,0,0.0,0.0,0,0,0,0,0,0,0,0,0.0,0.0,0.0,0.0,25.0,1,0,1,2026-03-23 10:33:23,,0
920,3365,course-v1:DHQG-HCM+FM101+2025_S2,audit,1,10.0,0.0,,,0.0,Giới thiệu,Giới thiệu môn học,Giới thiệu,2.56,0.0,0,0,2026-01-06 06:05:35,76,0.0,0,0,0,0,0,0.0,0,0.0,0,0,0,0,0,0.0,0.0,0,0.0,0.0,0,0,0,0,0,0,0,0,0.0,0.0,0.0,0.0,50.0,0,0,0,2026-03-23 10:33:23,,0
921,3444,course-v1:DHQG-HCM+FM101+2025_S2,audit,1,9.0,0.0,,,0.0,Chưa bắt đầu,N/A,N/A,0.0,0.0,0,0,,999,0.0,0,0,0,0,0,0.0,0,0.0,0,0,0,0,0,0.0,0.0,0,0.0,0.0,0,0,0,0,0,0,0,0,0.0,0.0,0.0,0.0,50.0,0,0,0,2026-03-23 10:33:23,,0
1025,3585,course-v1:DHQG-HCM+FM101+2025_S2,audit,1,8.0,0.0,,,0.0,,,,5.13,0.55,0,0,,59,0.0,0,0,0,0,0,0.0,0,0.0,3,1,0,2416,1431,33.33,59.23,0,0.0,0.0,0,0,0,0,0,0,0,0,0.0,0.0,0.0,0.0,50.0,0,0,0,2026-03-23 10:33:23,populate_20260313_125018,0
3227,3486,course-v1:DHQG-HCM+FM101+2025_S2,audit,1,1.0,0.0,,,0.0,,,,0.0,0.0,0,0,,999,0.0,0,0,0,0,0,0.0,0,0.0,0,0,0,0,0,0.0,0.0,0,0.0,0.0,0,0,0,0,0,0,0,0,0.0,0.0,0.0,0.0,50.0,0,0,0,2026-03-23 10:33:23,populate_20260317_102354,0
3228,3759,course-v1:DHQG-HCM+FM101+2025_S2,audit,1,5.0,0.0,,,0.0,,,,3.42,0.0,0,0,,35,0.0,0,0,0,0,0,0.0,0,0.0,0,0,0,0,0,0.0,0.0,0,0.0,0.0,0,0,0,0,0,0,0,0,0.0,0.0,0.0,0.0,50.0,0,0,0,2026-03-23 10:33:23,populate_20260317_102354,0
3229,3786,course-v1:DHQG-HCM+FM101+2025_S2,audit,1,3.0,0.0,,,0.0,,,,33.33,0.0,0,0,,11,0.0,0,0,0,0,0,0.0,0,0.0,0,0,0,0,0,0.0,0.0,0,0.0,0.0,0,0,0,0,0,0,0,0,0.0,0.0,0.0,0.0,50.0,0,0,0,2026-03-23 10:33:23,populate_20260317_102354,0
3230,3804,course-v1:DHQG-HCM+FM101+2025_S2,audit,1,3.0,0.0,,,0.0,,,,0.0,0.0,0,0,,999,0.0,0,0,0,0,0,0.0,0,0.0,0,0,0,0,0,0.0,0.0,0,0.0,0.0,0,0,0,0,0,0,0,0,0.0,0.0,0.0,0.0,50.0,0,0,0,2026-03-23 10:33:23,populate_20260317_102354,0
3231,3823,course-v1:DHQG-HCM+FM101+2025_S2,audit,1,2.0,0.0,,,0.0,,,,19.66,0.0,0,0,,20,0.0,0,0,0,0,0,0.0,0,0.0,0,0,0,0,0,0.0,0.0,0,0.0,0.0,0,0,0,0,0,0,0,0,0.0,0.0,0.0,0.0,50.0,0,0,0,2026-03-23 10:33:23,populate_20260317_102354,0
8221,126,course-v1:DHQG-HCM+FM101+2025_S2,audit,1,0.0,0.0,,,0.0,,,,0.0,0.0,0,0,,999,0.0,0,0,0,0,0,0.0,0,0.0,0,0,0,0,0,0.0,0.0,0,0.0,0.0,0,0,0,0,0,0,0,0,0.0,0.0,0.0,0.0,50.0,0,0,0,2026-03-23 10:33:23,populate_20260321_154134,0
