{
  "n_folds": 10,
  "total_samples": 922,
  "avg_train_size": 829.8,
  "avg_test_size": 92.2,
  "accuracy_mean": 0.8969611968209443,
  "accuracy_std": 0.02517669374615456,
  "accuracy_min": 0.8494623655913979,
  "accuracy_max": 0.946236559139785,
  "auc_roc_mean": 0.9689656307234433,
  "auc_roc_std": 0.012840869816128262,
  "auc_roc_min": 0.9423076923076923,
  "auc_roc_max": 0.9873626373626374,
  "precision_mean": 0.8238803145470277,
  "precision_std": 0.059336755629224074,
  "precision_min": 0.71875,
  "precision_max": 0.9259259259259259,
  "recall_mean": 0.8411375661375662,
  "recall_std": 0.04031441370816281,
  "recall_min": 0.7777777777777778,
  "recall_max": 0.8928571428571429,
  "f1_score_mean": 0.8311204698760453,
  "f1_score_std": 0.038822976578664715,
  "f1_score_min": 0.7666666666666666,
  "f1_score_max": 0.9090909090909091
}